id,type,title,area_m2,rooms,floor,price_zl,price_per_m2,street,district,city,project,lat,lon,dist_km,dist_tram,tram_name,url,photo_url,drive_ratusz_km,drive_tram_km,drive_tram_name,drive_rail_km,drive_rail_name
67952386,mieszkanie,4-pokojowe mieszkanie 76m2 + balkon,76.42,4,2,,,Wojciechowskiego,Piątkowo,Poznań,Początek Piątkowo,52.443076,16.912969,,,,https://www.otodom.pl/pl/oferta/4-pokojowe-mieszkanie-76m2-balkon-ID4B7ve,"https://ireland.apollo.olxcdn.com/v1/files/eyJhbGciOiJIUzI1NiIsInR5cCI6IkpXVCJ9.eyJmbiI6Imp3bXRsODZjY3c1czMtRUNPU1lTVEVNIiwidyI6W3siZm4iOiJlbnZmcXFlMWF5NGsxLUFQTCIsInMiOiIxNiIsImEiOiIwIiwicCI6IjEwLC0xMCJ9XX0.mKlDs39GRP9RxVGuvziCMFT_yXmBil8BtMw-jKk3cmI/image;s=2048x1536;q=80,https://ireland.apollo.olxcdn.com/v1/files/eyJhbGciOiJIUzI1NiIsInR5cCI6IkpXVCJ9.eyJmbiI6Im1sN2pubXR3cGttMDItRUNPU1lTVEVNIiwidyI6W3siZm4iOiJlbnZmcXFlMWF5NGsxLUFQTCIsInMiOiIxNiIsImEiOiIwIiwicCI6IjEwLC0xMCJ9XX0.aa7ANWDcEoXvBhcrvH75gHMyzaxEYQ6mDhO5YxaRWWk/image;s=2048x1536;q=80,https://ireland.apollo.olxcdn.com/v1/files/eyJhbGciOiJIUzI1NiIsInR5cCI6IkpXVCJ9.eyJmbiI6ImNhcHc2ajBjdG1kNDMtRUNPU1lTVEVNIiwidyI6W3siZm4iOiJlbnZmcXFlMWF5NGsxLUFQTCIsInMiOiIxNiIsImEiOiIwIiwicCI6IjEwLC0xMCJ9XX0.J_NSoHKtTiTmcrb2KuupOngFONZjJGkFp-nWWw6kkLM/image;s=2048x1536;q=80",,,,,
66293361,mieszkanie,4-pokojowe mieszkanie 80m2 + balkon,80.8,4,1,,,28 czerwca 1956 r.,Dębiec,Poznań,28 czerwca 1956 r.,52.36733,16.90355,,,,https://www.otodom.pl/pl/oferta/4-pokojowe-mieszkanie-80m2-balkon-ID4u9WL,"https://ireland.apollo.olxcdn.com/v1/files/eyJhbGciOiJIUzI1NiIsInR5cCI6IkpXVCJ9.eyJmbiI6IjNwczRicjh1OXIyeC1FQ09TWVNURU0iLCJ3IjpbeyJmbiI6ImVudmZxcWUxYXk0azEtQVBMIiwicyI6IjE2IiwiYSI6IjAiLCJwIjoiMTAsLTEwIn1dfQ._ESnIjaNPV3szzyCMiTdNFP-bIdkHC_DDm722omemmg/image;s=2048x1536;q=80,https://ireland.apollo.olxcdn.com/v1/files/eyJhbGciOiJIUzI1NiIsInR5cCI6IkpXVCJ9.eyJmbiI6ImE2aGRscDYybzZ0OC1FQ09TWVNURU0iLCJ3IjpbeyJmbiI6ImVudmZxcWUxYXk0azEtQVBMIiwicyI6IjE2IiwiYSI6IjAiLCJwIjoiMTAsLTEwIn1dfQ.Lv0Z0CgNvPHu7pZG3KCTAgDsSOYJtgZSnNN-Beq-8FU/image;s=2048x1536;q=80,https://ireland.apollo.olxcdn.com/v1/files/eyJhbGciOiJIUzI1NiIsInR5cCI6IkpXVCJ9.eyJmbiI6IndvYTg2dDdlajZicTMtRUNPU1lTVEVNIiwidyI6W3siZm4iOiJlbnZmcXFlMWF5NGsxLUFQTCIsInMiOiIxNiIsImEiOiIwIiwicCI6IjEwLC0xMCJ9XX0.KrVBqe3zaZqwTWeVgIzJ31OHj4n9elSMJz1xMnj4oU0/image;s=2048x1536;q=80",,,,,
66707097,mieszkanie,Smardzewska 8 | mieszkanie 4-pok. | A/A/4/4.1,77.26,4,4,,,ul. Smardzewska,os. Mikołaja Kopernika,,Smardzewska 8,52.38921,16.85909,,,,https://www.otodom.pl/pl/oferta/smardzewska-8-mieszkanie-4-pok-a-a-4-4-1-ID4wTyW,"https://ireland.apollo.olxcdn.com/v1/files/eyJhbGciOiJIUzI1NiIsInR5cCI6IkpXVCJ9.eyJmbiI6Imxia2p3ZHE4MTQ0azMtRUNPU1lTVEVNIiwidyI6W3siZm4iOiJlbnZmcXFlMWF5NGsxLUFQTCIsInMiOiIxNiIsImEiOiIwIiwicCI6IjEwLC0xMCJ9XX0.Y6nOA0OWqJ8KoO3Av9bxNxSHmAxwNraoI_-vdQGRk94/image;s=2048x1536;q=80,https://ireland.apollo.olxcdn.com/v1/files/eyJhbGciOiJIUzI1NiIsInR5cCI6IkpXVCJ9.eyJmbiI6Imx0c3RsM3kyeTdsZS1FQ09TWVNURU0iLCJ3IjpbeyJmbiI6ImVudmZxcWUxYXk0azEtQVBMIiwicyI6IjE2IiwiYSI6IjAiLCJwIjoiMTAsLTEwIn1dfQ.DStq2z0xVG6BVTIMINy0Xh68zHpoWy3yGHQg95yUeWs/image;s=2048x1536;q=80,https://ireland.apollo.olxcdn.com/v1/files/eyJhbGciOiJIUzI1NiIsInR5cCI6IkpXVCJ9.eyJmbiI6IjhwNjB3MDR0cnRlcDMtRUNPU1lTVEVNIiwidyI6W3siZm4iOiJlbnZmcXFlMWF5NGsxLUFQTCIsInMiOiIxNiIsImEiOiIwIiwicCI6IjEwLC0xMCJ9XX0.QqxeyK2cgQHvtWM5LFHOxrAkuoq86NZhg7PLvSMHxCg/image;s=2048x1536;q=80",,,,,
66707048,mieszkanie,Smardzewska 8 | mieszkanie 4-pok. | A/A/1/3.1,70.26,4,3,,,ul. Smardzewska,os. Mikołaja Kopernika,Poznań,Smardzewska 8,52.38921,16.85909,,,,https://www.otodom.pl/pl/oferta/smardzewska-8-mieszkanie-4-pok-a-a-1-3-1-ID4wTy8,"https://ireland.apollo.olxcdn.com/v1/files/eyJhbGciOiJIUzI1NiIsInR5cCI6IkpXVCJ9.eyJmbiI6InppNGdrZ25wc2phMzItRUNPU1lTVEVNIiwidyI6W3siZm4iOiJlbnZmcXFlMWF5NGsxLUFQTCIsInMiOiIxNiIsImEiOiIwIiwicCI6IjEwLC0xMCJ9XX0.8xhwnU7C-PfoEz6o0mqtt_dVFoN6_ifT4axSz0DletE/image;s=2048x1536;q=80,https://ireland.apollo.olxcdn.com/v1/files/eyJhbGciOiJIUzI1NiIsInR5cCI6IkpXVCJ9.eyJmbiI6InRla3g4b2tzbWFvcjItRUNPU1lTVEVNIiwidyI6W3siZm4iOiJlbnZmcXFlMWF5NGsxLUFQTCIsInMiOiIxNiIsImEiOiIwIiwicCI6IjEwLC0xMCJ9XX0.1TPfuvfsUJBT5sVy18JcFu5IXdzW7Sw9kH3dqKoVAcc/image;s=2048x1536;q=80,https://ireland.apollo.olxcdn.com/v1/files/eyJhbGciOiJIUzI1NiIsInR5cCI6IkpXVCJ9.eyJmbiI6Inh6d3ZpajFhOGp4bzItRUNPU1lTVEVNIiwidyI6W3siZm4iOiJlbnZmcXFlMWF5NGsxLUFQTCIsInMiOiIxNiIsImEiOiIwIiwicCI6IjEwLC0xMCJ9XX0.q2NPiLB5Jo3Qsv-sI1aJAdE8vrZHl2lf0xgIYDJUbug/image;s=2048x1536;q=80",,,,,
67951922,mieszkanie,4-pokojowe mieszkanie 79m2 + balkon Bezpośrednio,79.43,4,2,,,Wojciechowskiego 7/17,Piątkowo,Poznań,Piątkowo Residence,52.4457,16.9119,,,,https://www.otodom.pl/pl/oferta/4-pokojowe-mieszkanie-79m2-balkon-bezposrednio-ID4B7oK,"https://ireland.apollo.olxcdn.com/v1/files/eyJhbGciOiJIUzI1NiIsInR5cCI6IkpXVCJ9.eyJmbiI6ImRiZjFud3ppOTJuNzEtRUNPU1lTVEVNIiwidyI6W3siZm4iOiJlbnZmcXFlMWF5NGsxLUFQTCIsInMiOiIxNiIsImEiOiIwIiwicCI6IjEwLC0xMCJ9XX0.4rHurAodr9FoNU-D6Gf2LzwggLT4MbVEcCGvmA_X9is/image;s=2048x1536;q=80,https://ireland.apollo.olxcdn.com/v1/files/eyJhbGciOiJIUzI1NiIsInR5cCI6IkpXVCJ9.eyJmbiI6ImUxeW44dzlpZ2ZrNzEtRUNPU1lTVEVNIiwidyI6W3siZm4iOiJlbnZmcXFlMWF5NGsxLUFQTCIsInMiOiIxNiIsImEiOiIwIiwicCI6IjEwLC0xMCJ9XX0.fG7oA5ca3xXkcMCJ3Ir4111f5Tu46qCZlFVnCK_clG0/image;s=2048x1536;q=80,https://ireland.apollo.olxcdn.com/v1/files/eyJhbGciOiJIUzI1NiIsInR5cCI6IkpXVCJ9.eyJmbiI6IjN3Z2UwdHZ0c2lkcS1FQ09TWVNURU0iLCJ3IjpbeyJmbiI6ImVudmZxcWUxYXk0azEtQVBMIiwicyI6IjE2IiwiYSI6IjAiLCJwIjoiMTAsLTEwIn1dfQ.sIyRw3wC4jJF7TgehPA_91DDgiIDQj1f-iFKhmsgc8s/image;s=2048x1536;q=80",,,,,
66707012,mieszkanie,Smardzewska 8 | mieszkanie 3-pok. | A/A/2/1.1,77.31,3,1,,,ul. Smardzewska,os. Mikołaja Kopernika,Poznań,Smardzewska 8,52.38921,16.85909,,,,https://www.otodom.pl/pl/oferta/smardzewska-8-mieszkanie-3-pok-a-a-2-1-1-ID4wTxy,"https://ireland.apollo.olxcdn.com/v1/files/eyJhbGciOiJIUzI1NiIsInR5cCI6IkpXVCJ9.eyJmbiI6IjQzN3hnNnJmeG9ybzEtRUNPU1lTVEVNIiwidyI6W3siZm4iOiJlbnZmcXFlMWF5NGsxLUFQTCIsInMiOiIxNiIsImEiOiIwIiwicCI6IjEwLC0xMCJ9XX0.aXtn7ivAALhWj5K2dUioc_YQFz4F4XtvjB3AosUQnuI/image;s=2048x1536;q=80,https://ireland.apollo.olxcdn.com/v1/files/eyJhbGciOiJIUzI1NiIsInR5cCI6IkpXVCJ9.eyJmbiI6InpwajBkY3hoN3VjNjEtRUNPU1lTVEVNIiwidyI6W3siZm4iOiJlbnZmcXFlMWF5NGsxLUFQTCIsInMiOiIxNiIsImEiOiIwIiwicCI6IjEwLC0xMCJ9XX0.FhNM76XQWL5VPXguzjHHiP17vqYxxI1tQugF9WMU1uc/image;s=2048x1536;q=80,https://ireland.apollo.olxcdn.com/v1/files/eyJhbGciOiJIUzI1NiIsInR5cCI6IkpXVCJ9.eyJmbiI6IndvNzNidzRkYXdlbDItRUNPU1lTVEVNIiwidyI6W3siZm4iOiJlbnZmcXFlMWF5NGsxLUFQTCIsInMiOiIxNiIsImEiOiIwIiwicCI6IjEwLC0xMCJ9XX0.omAYLldCnfwLM3JwGpLL4N04EtDNLwnThzsujUw2N-M/image;s=2048x1536;q=80",,,,,
67952417,mieszkanie,4-pokojowe mieszkanie 76m2 + balkon Bez Prowizji,76.42,4,3,,,Wojciechowskiego,Piątkowo,Poznań,Początek Piątkowo,52.44512,16.91291,,,,https://www.otodom.pl/pl/oferta/4-pokojowe-mieszkanie-76m2-balkon-bez-prowizji-ID4B7vJ,"https://ireland.apollo.olxcdn.com/v1/files/eyJhbGciOiJIUzI1NiIsInR5cCI6IkpXVCJ9.eyJmbiI6IjY5czAzY3FvZmZiNi1FQ09TWVNURU0iLCJ3IjpbeyJmbiI6ImVudmZxcWUxYXk0azEtQVBMIiwicyI6IjE2IiwiYSI6IjAiLCJwIjoiMTAsLTEwIn1dfQ.iqOjGKSBCL-jfMiPKUO_HoTyfU63KOrPYTrxMqR3h4o/image;s=2048x1536;q=80,https://ireland.apollo.olxcdn.com/v1/files/eyJhbGciOiJIUzI1NiIsInR5cCI6IkpXVCJ9.eyJmbiI6Im1sN2pubXR3cGttMDItRUNPU1lTVEVNIiwidyI6W3siZm4iOiJlbnZmcXFlMWF5NGsxLUFQTCIsInMiOiIxNiIsImEiOiIwIiwicCI6IjEwLC0xMCJ9XX0.aa7ANWDcEoXvBhcrvH75gHMyzaxEYQ6mDhO5YxaRWWk/image;s=2048x1536;q=80,https://ireland.apollo.olxcdn.com/v1/files/eyJhbGciOiJIUzI1NiIsInR5cCI6IkpXVCJ9.eyJmbiI6ImNhcHc2ajBjdG1kNDMtRUNPU1lTVEVNIiwidyI6W3siZm4iOiJlbnZmcXFlMWF5NGsxLUFQTCIsInMiOiIxNiIsImEiOiIwIiwicCI6IjEwLC0xMCJ9XX0.J_NSoHKtTiTmcrb2KuupOngFONZjJGkFp-nWWw6kkLM/image;s=2048x1536;q=80",,,,,
66325056,mieszkanie,3-pokojowe mieszkanie 70m2 + balkon Bez Prowizji,70.1,3,4,,,ul. Unii Lubelskiej,Starołęka Mała,Poznań,Unii Lubelskiej 4,52.37413,16.95236,,,,https://www.otodom.pl/pl/oferta/3-pokojowe-mieszkanie-70m2-balkon-bez-prowizji-ID4uiaY,"https://ireland.apollo.olxcdn.com/v1/files/eyJhbGciOiJIUzI1NiIsInR5cCI6IkpXVCJ9.eyJmbiI6Ijg3eHI5aDRiZjQ3ejEtRUNPU1lTVEVNIiwidyI6W3siZm4iOiJlbnZmcXFlMWF5NGsxLUFQTCIsInMiOiIxNiIsImEiOiIwIiwicCI6IjEwLC0xMCJ9XX0.bvPBKy-fvOL7-HKj5OaCD7VuoX6LaVwD5T1y7Hnuez4/image;s=2048x1536;q=80,https://ireland.apollo.olxcdn.com/v1/files/eyJhbGciOiJIUzI1NiIsInR5cCI6IkpXVCJ9.eyJmbiI6IjhqNmxxbHVkZ2RnZy1FQ09TWVNURU0iLCJ3IjpbeyJmbiI6ImVudmZxcWUxYXk0azEtQVBMIiwicyI6IjE2IiwiYSI6IjAiLCJwIjoiMTAsLTEwIn1dfQ.24Ea1UZzRF8uYony1ZWgchIu9by7JHk80KTvQgRS8FE/image;s=2048x1536;q=80,https://ireland.apollo.olxcdn.com/v1/files/eyJhbGciOiJIUzI1NiIsInR5cCI6IkpXVCJ9.eyJmbiI6Im5ybTlobzJwZWExdDEtRUNPU1lTVEVNIiwidyI6W3siZm4iOiJlbnZmcXFlMWF5NGsxLUFQTCIsInMiOiIxNiIsImEiOiIwIiwicCI6IjEwLC0xMCJ9XX0.p6t6byPQWLvnTLz9WZiGb5X-3vBESaPeiWCo6J3dFpg/image;s=2048x1536;q=80",,,,,
67951940,mieszkanie,4-pokojowe mieszkanie 79m2 + balkon,79.49,4,1,,,Wojciechowskiego 7/17,Piątkowo,Poznań,Piątkowo Residence,52.4457,16.9119,,,,https://www.otodom.pl/pl/oferta/4-pokojowe-mieszkanie-79m2-balkon-ID4B7p2,"https://ireland.apollo.olxcdn.com/v1/files/eyJhbGciOiJIUzI1NiIsInR5cCI6IkpXVCJ9.eyJmbiI6ImF1eTZ1MG1uOWxkYzEtRUNPU1lTVEVNIiwidyI6W3siZm4iOiJlbnZmcXFlMWF5NGsxLUFQTCIsInMiOiIxNiIsImEiOiIwIiwicCI6IjEwLC0xMCJ9XX0.yNOjpUsuOBxc3n5QihOXJdEEWHG8ctEq2QQBtC3fj4M/image;s=2048x1536;q=80,https://ireland.apollo.olxcdn.com/v1/files/eyJhbGciOiJIUzI1NiIsInR5cCI6IkpXVCJ9.eyJmbiI6ImUxeW44dzlpZ2ZrNzEtRUNPU1lTVEVNIiwidyI6W3siZm4iOiJlbnZmcXFlMWF5NGsxLUFQTCIsInMiOiIxNiIsImEiOiIwIiwicCI6IjEwLC0xMCJ9XX0.fG7oA5ca3xXkcMCJ3Ir4111f5Tu46qCZlFVnCK_clG0/image;s=2048x1536;q=80,https://ireland.apollo.olxcdn.com/v1/files/eyJhbGciOiJIUzI1NiIsInR5cCI6IkpXVCJ9.eyJmbiI6ImRheGt6Yno5bjI2NzItRUNPU1lTVEVNIiwidyI6W3siZm4iOiJlbnZmcXFlMWF5NGsxLUFQTCIsInMiOiIxNiIsImEiOiIwIiwicCI6IjEwLC0xMCJ9XX0.LltejDhd-JtCHRtgU16Wl2TX3nn8MgY9vwsJK-Act-Y/image;s=2048x1536;q=80",,,,,
67814415,mieszkanie,3-pokojowe mieszkanie 75m2 + balkon Bezpośrednio,75.71,3,2,,,ul. Ptasia,Kasztelanów,Poznań,Ptasia Vita,52.40216,16.85464,,,,https://www.otodom.pl/pl/oferta/3-pokojowe-mieszkanie-75m2-balkon-bezposrednio-ID4AxCT,"https://ireland.apollo.olxcdn.com/v1/files/eyJhbGciOiJIUzI1NiIsInR5cCI6IkpXVCJ9.eyJmbiI6IjAzbWh0bTJ0czdqNTItRUNPU1lTVEVNIiwidyI6W3siZm4iOiJlbnZmcXFlMWF5NGsxLUFQTCIsInMiOiIxNiIsImEiOiIwIiwicCI6IjEwLC0xMCJ9XX0.-7MlIG5WPwdseq92Dqi2g65o_M4Ii3xLWLh8R9o_aDs/image;s=2048x1536;q=80,https://ireland.apollo.olxcdn.com/v1/files/eyJhbGciOiJIUzI1NiIsInR5cCI6IkpXVCJ9.eyJmbiI6InZtNmtpZjgyang0bDMtRUNPU1lTVEVNIiwidyI6W3siZm4iOiJlbnZmcXFlMWF5NGsxLUFQTCIsInMiOiIxNiIsImEiOiIwIiwicCI6IjEwLC0xMCJ9XX0.nDsvloqzT06pAgRDZxmI7ar9GDtmKKvdfEznFE0Fdo4/image;s=2048x1536;q=80,https://ireland.apollo.olxcdn.com/v1/files/eyJhbGciOiJIUzI1NiIsInR5cCI6IkpXVCJ9.eyJmbiI6Imhxeno0OHNqOWN3dDMtRUNPU1lTVEVNIiwidyI6W3siZm4iOiJlbnZmcXFlMWF5NGsxLUFQTCIsInMiOiIxNiIsImEiOiIwIiwicCI6IjEwLC0xMCJ9XX0.LzUXthgdcFYocLJq3ZDr55oIg15RNmh-9smVmfRW6nQ/image;s=2048x1536;q=80",,,,,
67952422,mieszkanie,4-pokojowe mieszkanie 76m2 + balkon Bez Prowizji,76.73,4,7,,,Wojciechowskiego,Piątkowo,Poznań,Początek Piątkowo,52.443076,16.912969,,,,https://www.otodom.pl/pl/oferta/4-pokojowe-mieszkanie-76m2-balkon-bez-prowizji-ID4B7vO,"https://ireland.apollo.olxcdn.com/v1/files/eyJhbGciOiJIUzI1NiIsInR5cCI6IkpXVCJ9.eyJmbiI6InV1Z2czZ2Iza2dqbC1FQ09TWVNURU0iLCJ3IjpbeyJmbiI6ImVudmZxcWUxYXk0azEtQVBMIiwicyI6IjE2IiwiYSI6IjAiLCJwIjoiMTAsLTEwIn1dfQ.Z64GE6DNNXhvPk8kC6iay0ooqEXBWX21HWMCt4gXiUI/image;s=2048x1536;q=80,https://ireland.apollo.olxcdn.com/v1/files/eyJhbGciOiJIUzI1NiIsInR5cCI6IkpXVCJ9.eyJmbiI6Im5oNjVwZXY5bmM3YjItRUNPU1lTVEVNIiwidyI6W3siZm4iOiJlbnZmcXFlMWF5NGsxLUFQTCIsInMiOiIxNiIsImEiOiIwIiwicCI6IjEwLC0xMCJ9XX0.5WJoDjG9fA85eYnP_xTGAVFclqBaP8G9wuoQUGbHpZ4/image;s=2048x1536;q=80,https://ireland.apollo.olxcdn.com/v1/files/eyJhbGciOiJIUzI1NiIsInR5cCI6IkpXVCJ9.eyJmbiI6ImNhcHc2ajBjdG1kNDMtRUNPU1lTVEVNIiwidyI6W3siZm4iOiJlbnZmcXFlMWF5NGsxLUFQTCIsInMiOiIxNiIsImEiOiIwIiwicCI6IjEwLC0xMCJ9XX0.J_NSoHKtTiTmcrb2KuupOngFONZjJGkFp-nWWw6kkLM/image;s=2048x1536;q=80",,,,,
67456647,mieszkanie,3-pokojowe mieszkanie 75m2 + 2 balkony,75.66,3,1,,,ul. Ptasia,Kasztelanów,Poznań,Ptasia Vita,52.40216,16.85464,,,,https://www.otodom.pl/pl/oferta/3-pokojowe-mieszkanie-75m2-2-balkony-ID4z2yr,"https://ireland.apollo.olxcdn.com/v1/files/eyJhbGciOiJIUzI1NiIsInR5cCI6IkpXVCJ9.eyJmbiI6InMwZHBoazI1aHk2cC1FQ09TWVNURU0iLCJ3IjpbeyJmbiI6ImVudmZxcWUxYXk0azEtQVBMIiwicyI6IjE2IiwiYSI6IjAiLCJwIjoiMTAsLTEwIn1dfQ.f30txGnX_7Gamo7fk5u_1_gzJy9UbFw88XTen1GazdI/image;s=2048x1536;q=80,https://ireland.apollo.olxcdn.com/v1/files/eyJhbGciOiJIUzI1NiIsInR5cCI6IkpXVCJ9.eyJmbiI6InVucGV3dTJ0b2NvYjEtRUNPU1lTVEVNIiwidyI6W3siZm4iOiJlbnZmcXFlMWF5NGsxLUFQTCIsInMiOiIxNiIsImEiOiIwIiwicCI6IjEwLC0xMCJ9XX0.iuhQ-QKWrPBCdee-nQP88_P5Hilh6cEV10z6s3eIcQc/image;s=2048x1536;q=80,https://ireland.apollo.olxcdn.com/v1/files/eyJhbGciOiJIUzI1NiIsInR5cCI6IkpXVCJ9.eyJmbiI6InZtNmtpZjgyang0bDMtRUNPU1lTVEVNIiwidyI6W3siZm4iOiJlbnZmcXFlMWF5NGsxLUFQTCIsInMiOiIxNiIsImEiOiIwIiwicCI6IjEwLC0xMCJ9XX0.nDsvloqzT06pAgRDZxmI7ar9GDtmKKvdfEznFE0Fdo4/image;s=2048x1536;q=80",,,,,
66706998,mieszkanie,Smardzewska 8 | mieszkanie 2-pok. | A/A/2/1.5,81.51,2,1,,,ul. Smardzewska,os. Mikołaja Kopernika,Poznań,Smardzewska 8,52.38921,16.85909,,,,https://www.otodom.pl/pl/oferta/smardzewska-8-mieszkanie-2-pok-a-a-2-1-5-ID4wTxk,"https://ireland.apollo.olxcdn.com/v1/files/eyJhbGciOiJIUzI1NiIsInR5cCI6IkpXVCJ9.eyJmbiI6ImN5ODd6NGJ2N3RpMDItRUNPU1lTVEVNIiwidyI6W3siZm4iOiJlbnZmcXFlMWF5NGsxLUFQTCIsInMiOiIxNiIsImEiOiIwIiwicCI6IjEwLC0xMCJ9XX0.DZQnq5VkDjWWe2pl6xdfSP4j3jsF78NZ4F0l48-0ljw/image;s=2048x1536;q=80,https://ireland.apollo.olxcdn.com/v1/files/eyJhbGciOiJIUzI1NiIsInR5cCI6IkpXVCJ9.eyJmbiI6Im1lMnV4ZHA2aDZjdTEtRUNPU1lTVEVNIiwidyI6W3siZm4iOiJlbnZmcXFlMWF5NGsxLUFQTCIsInMiOiIxNiIsImEiOiIwIiwicCI6IjEwLC0xMCJ9XX0.XVUxjDAeOd5i9Rl6Mizk2oYCTIRrz3x0eXSq7H9r10w/image;s=2048x1536;q=80,https://ireland.apollo.olxcdn.com/v1/files/eyJhbGciOiJIUzI1NiIsInR5cCI6IkpXVCJ9.eyJmbiI6IjRpbml5b3VteWJtcTEtRUNPU1lTVEVNIiwidyI6W3siZm4iOiJlbnZmcXFlMWF5NGsxLUFQTCIsInMiOiIxNiIsImEiOiIwIiwicCI6IjEwLC0xMCJ9XX0.ZZRiGOsiJ9cBs1syQ9zlJrwU7B4sTl33NfBsrpvma-M/image;s=2048x1536;q=80",,,,,
67951935,mieszkanie,4-pokojowe mieszkanie 79m2 + balkon Bezpośrednio,79.43,4,2,,,Wojciechowskiego 7/17,Piątkowo,Poznań,Piątkowo Residence,52.4457,16.9119,,,,https://www.otodom.pl/pl/oferta/4-pokojowe-mieszkanie-79m2-balkon-bezposrednio-ID4B7oX,"https://ireland.apollo.olxcdn.com/v1/files/eyJhbGciOiJIUzI1NiIsInR5cCI6IkpXVCJ9.eyJmbiI6ImhidzFzNTMwdnpxcTMtRUNPU1lTVEVNIiwidyI6W3siZm4iOiJlbnZmcXFlMWF5NGsxLUFQTCIsInMiOiIxNiIsImEiOiIwIiwicCI6IjEwLC0xMCJ9XX0.ipxB1lwI3_T8iE8yP5UgCI2z5VDDjLydU4dv9F7GF7s/image;s=2048x1536;q=80,https://ireland.apollo.olxcdn.com/v1/files/eyJhbGciOiJIUzI1NiIsInR5cCI6IkpXVCJ9.eyJmbiI6InkycXM2c3c3NjRmei1FQ09TWVNURU0iLCJ3IjpbeyJmbiI6ImVudmZxcWUxYXk0azEtQVBMIiwicyI6IjE2IiwiYSI6IjAiLCJwIjoiMTAsLTEwIn1dfQ.3Ak1vvVGp-zsxeHOZPKI0ozRgyGc7AN8hYcgMIa7emI/image;s=2048x1536;q=80,https://ireland.apollo.olxcdn.com/v1/files/eyJhbGciOiJIUzI1NiIsInR5cCI6IkpXVCJ9.eyJmbiI6IjN3Z2UwdHZ0c2lkcS1FQ09TWVNURU0iLCJ3IjpbeyJmbiI6ImVudmZxcWUxYXk0azEtQVBMIiwicyI6IjE2IiwiYSI6IjAiLCJwIjoiMTAsLTEwIn1dfQ.sIyRw3wC4jJF7TgehPA_91DDgiIDQj1f-iFKhmsgc8s/image;s=2048x1536;q=80",,,,,
96745664700067,mieszkanie,3-pokojowe mieszkanie 75m2 + 2 balkony,75.66,3,1,,,ul. Ptasia,Kasztelanów,Poznań,Ptasia Vita,52.40216,16.85464,,,,https://www.otodom.pl/pl/oferta/3-pokojowe-mieszkanie-75m2-2-balkony-ID4z2yr,"https://ireland.apollo.olxcdn.com/v1/files/eyJhbGciOiJIUzI1NiIsInR5cCI6IkpXVCJ9.eyJmbiI6InMwZHBoazI1aHk2cC1FQ09TWVNURU0iLCJ3IjpbeyJmbiI6ImVudmZxcWUxYXk0azEtQVBMIiwicyI6IjE2IiwiYSI6IjAiLCJwIjoiMTAsLTEwIn1dfQ.f30txGnX_7Gamo7fk5u_1_gzJy9UbFw88XTen1GazdI/image;s=2048x1536;q=80,https://ireland.apollo.olxcdn.com/v1/files/eyJhbGciOiJIUzI1NiIsInR5cCI6IkpXVCJ9.eyJmbiI6InVucGV3dTJ0b2NvYjEtRUNPU1lTVEVNIiwidyI6W3siZm4iOiJlbnZmcXFlMWF5NGsxLUFQTCIsInMiOiIxNiIsImEiOiIwIiwicCI6IjEwLC0xMCJ9XX0.iuhQ-QKWrPBCdee-nQP88_P5Hilh6cEV10z6s3eIcQc/image;s=2048x1536;q=80,https://ireland.apollo.olxcdn.com/v1/files/eyJhbGciOiJIUzI1NiIsInR5cCI6IkpXVCJ9.eyJmbiI6InZtNmtpZjgyang0bDMtRUNPU1lTVEVNIiwidyI6W3siZm4iOiJlbnZmcXFlMWF5NGsxLUFQTCIsInMiOiIxNiIsImEiOiIwIiwicCI6IjEwLC0xMCJ9XX0.nDsvloqzT06pAgRDZxmI7ar9GDtmKKvdfEznFE0Fdo4/image;s=2048x1536;q=80",,,,,
66707014,mieszkanie,Smardzewska 8 | mieszkanie 4-pok. | A/A/4/1.5,81.58,4,1,,,ul. Smardzewska,os. Mikołaja Kopernika,Poznań,Smardzewska 8,52.38921,16.85909,,,,https://www.otodom.pl/pl/oferta/smardzewska-8-mieszkanie-4-pok-a-a-4-1-5-ID4wTxA,"https://ireland.apollo.olxcdn.com/v1/files/eyJhbGciOiJIUzI1NiIsInR5cCI6IkpXVCJ9.eyJmbiI6ImQzc2N2bXk3N2lyeTItRUNPU1lTVEVNIiwidyI6W3siZm4iOiJlbnZmcXFlMWF5NGsxLUFQTCIsInMiOiIxNiIsImEiOiIwIiwicCI6IjEwLC0xMCJ9XX0.WtiFBwKbzaza-9Jucu-lLjWe2JYs9p0NkAChmhxgm2M/image;s=2048x1536;q=80,https://ireland.apollo.olxcdn.com/v1/files/eyJhbGciOiJIUzI1NiIsInR5cCI6IkpXVCJ9.eyJmbiI6Im05dTB0cHY3aXJsaC1FQ09TWVNURU0iLCJ3IjpbeyJmbiI6ImVudmZxcWUxYXk0azEtQVBMIiwicyI6IjE2IiwiYSI6IjAiLCJwIjoiMTAsLTEwIn1dfQ.b2QIAOOZ6fZ407c8_a3wHq9h6PMeHrPuA9QFLoVNlD8/image;s=2048x1536;q=80,https://ireland.apollo.olxcdn.com/v1/files/eyJhbGciOiJIUzI1NiIsInR5cCI6IkpXVCJ9.eyJmbiI6IjhwOTljNHJyaGcycDEtRUNPU1lTVEVNIiwidyI6W3siZm4iOiJlbnZmcXFlMWF5NGsxLUFQTCIsInMiOiIxNiIsImEiOiIwIiwicCI6IjEwLC0xMCJ9XX0.3Rjap2GfQCAd820Go0vIwbbZBcB7LSQNQH8-xAgL2Dc/image;s=2048x1536;q=80",,,,,
67952424,mieszkanie,4-pokojowe mieszkanie 76m2 + balkon,76.42,4,7,,,Wojciechowskiego,Piątkowo,Poznań,Początek Piątkowo,52.44512,16.91291,,,,https://www.otodom.pl/pl/oferta/4-pokojowe-mieszkanie-76m2-balkon-ID4B7vQ,"https://ireland.apollo.olxcdn.com/v1/files/eyJhbGciOiJIUzI1NiIsInR5cCI6IkpXVCJ9.eyJmbiI6Im40cGIzdjhkdDNoMjItRUNPU1lTVEVNIiwidyI6W3siZm4iOiJlbnZmcXFlMWF5NGsxLUFQTCIsInMiOiIxNiIsImEiOiIwIiwicCI6IjEwLC0xMCJ9XX0.4GQaf35WG0hE7oWl2I7FESN5_EUhmMsVMi9eJwSkP_A/image;s=2048x1536;q=80,https://ireland.apollo.olxcdn.com/v1/files/eyJhbGciOiJIUzI1NiIsInR5cCI6IkpXVCJ9.eyJmbiI6Im1sN2pubXR3cGttMDItRUNPU1lTVEVNIiwidyI6W3siZm4iOiJlbnZmcXFlMWF5NGsxLUFQTCIsInMiOiIxNiIsImEiOiIwIiwicCI6IjEwLC0xMCJ9XX0.aa7ANWDcEoXvBhcrvH75gHMyzaxEYQ6mDhO5YxaRWWk/image;s=2048x1536;q=80,https://ireland.apollo.olxcdn.com/v1/files/eyJhbGciOiJIUzI1NiIsInR5cCI6IkpXVCJ9.eyJmbiI6ImNhcHc2ajBjdG1kNDMtRUNPU1lTVEVNIiwidyI6W3siZm4iOiJlbnZmcXFlMWF5NGsxLUFQTCIsInMiOiIxNiIsImEiOiIwIiwicCI6IjEwLC0xMCJ9XX0.J_NSoHKtTiTmcrb2KuupOngFONZjJGkFp-nWWw6kkLM/image;s=2048x1536;q=80",,,,,
67952416,mieszkanie,4-pokojowe mieszkanie 76m2 + balkon,76.42,4,6,,,Wojciechowskiego,Piątkowo,Poznań,Początek Piątkowo,52.44512,16.91291,,,,https://www.otodom.pl/pl/oferta/4-pokojowe-mieszkanie-76m2-balkon-ID4B7vI,"https://ireland.apollo.olxcdn.com/v1/files/eyJhbGciOiJIUzI1NiIsInR5cCI6IkpXVCJ9.eyJmbiI6ImZvY2JqaWUyczBtbjItRUNPU1lTVEVNIiwidyI6W3siZm4iOiJlbnZmcXFlMWF5NGsxLUFQTCIsInMiOiIxNiIsImEiOiIwIiwicCI6IjEwLC0xMCJ9XX0.3vwb-hLDdETq4fELdjSgcxXxlFymV5W2_mfo5sneruI/image;s=2048x1536;q=80,https://ireland.apollo.olxcdn.com/v1/files/eyJhbGciOiJIUzI1NiIsInR5cCI6IkpXVCJ9.eyJmbiI6Im1sN2pubXR3cGttMDItRUNPU1lTVEVNIiwidyI6W3siZm4iOiJlbnZmcXFlMWF5NGsxLUFQTCIsInMiOiIxNiIsImEiOiIwIiwicCI6IjEwLC0xMCJ9XX0.aa7ANWDcEoXvBhcrvH75gHMyzaxEYQ6mDhO5YxaRWWk/image;s=2048x1536;q=80,https://ireland.apollo.olxcdn.com/v1/files/eyJhbGciOiJIUzI1NiIsInR5cCI6IkpXVCJ9.eyJmbiI6ImNhcHc2ajBjdG1kNDMtRUNPU1lTVEVNIiwidyI6W3siZm4iOiJlbnZmcXFlMWF5NGsxLUFQTCIsInMiOiIxNiIsImEiOiIwIiwicCI6IjEwLC0xMCJ9XX0.J_NSoHKtTiTmcrb2KuupOngFONZjJGkFp-nWWw6kkLM/image;s=2048x1536;q=80",,,,,
67819086,mieszkanie,3-pokojowe mieszkanie 70m2 + loggia,70.9,3,2,,,Królowej Jadwigi 51,Stare Miasto,Poznań,Królowej Jadwigi 51,52.401987,16.922892,,,,https://www.otodom.pl/pl/oferta/3-pokojowe-mieszkanie-70m2-loggia-ID4AyQe,"https://ireland.apollo.olxcdn.com/v1/files/eyJhbGciOiJIUzI1NiIsInR5cCI6IkpXVCJ9.eyJmbiI6Im5zdTBwN3Q1czB6aC1FQ09TWVNURU0iLCJ3IjpbeyJmbiI6ImVudmZxcWUxYXk0azEtQVBMIiwicyI6IjE2IiwiYSI6IjAiLCJwIjoiMTAsLTEwIn1dfQ.g8JhUOy_bjDnMb7egKxtz2Bmf7PEm_1UZytCCvfe9i8/image;s=2048x1536;q=80,https://ireland.apollo.olxcdn.com/v1/files/eyJhbGciOiJIUzI1NiIsInR5cCI6IkpXVCJ9.eyJmbiI6IjZsMGQ4bTlzZm83ajItRUNPU1lTVEVNIiwidyI6W3siZm4iOiJlbnZmcXFlMWF5NGsxLUFQTCIsInMiOiIxNiIsImEiOiIwIiwicCI6IjEwLC0xMCJ9XX0.GHwkFTzd7bEcQ_aYpwZv7sT_13d4Ay6GZRGodhnwY2I/image;s=2048x1536;q=80,https://ireland.apollo.olxcdn.com/v1/files/eyJhbGciOiJIUzI1NiIsInR5cCI6IkpXVCJ9.eyJmbiI6InRvMWF1NW1zdDNvdTItRUNPU1lTVEVNIiwidyI6W3siZm4iOiJlbnZmcXFlMWF5NGsxLUFQTCIsInMiOiIxNiIsImEiOiIwIiwicCI6IjEwLC0xMCJ9XX0.GMxnn2L04a80VUW8n6gi6XKnB_ifCHyrM39xXVN2-J0/image;s=2048x1536;q=80",,,,,
66707067,mieszkanie,Smardzewska 8 | mieszkanie 4-pok. | A/A/1/4.1,70.27,4,4,,,ul. Smardzewska,os. Mikołaja Kopernika,Poznań,Smardzewska 8,52.38921,16.85909,,,,https://www.otodom.pl/pl/oferta/smardzewska-8-mieszkanie-4-pok-a-a-1-4-1-ID4wTyr,"https://ireland.apollo.olxcdn.com/v1/files/eyJhbGciOiJIUzI1NiIsInR5cCI6IkpXVCJ9.eyJmbiI6Imp6aXhic3ByZDdreTEtRUNPU1lTVEVNIiwidyI6W3siZm4iOiJlbnZmcXFlMWF5NGsxLUFQTCIsInMiOiIxNiIsImEiOiIwIiwicCI6IjEwLC0xMCJ9XX0.IY1EllmkZWVfxeFwDjNx_-Zr7wyaTzw03vca8-BEgdw/image;s=2048x1536;q=80,https://ireland.apollo.olxcdn.com/v1/files/eyJhbGciOiJIUzI1NiIsInR5cCI6IkpXVCJ9.eyJmbiI6InRla3g4b2tzbWFvcjItRUNPU1lTVEVNIiwidyI6W3siZm4iOiJlbnZmcXFlMWF5NGsxLUFQTCIsInMiOiIxNiIsImEiOiIwIiwicCI6IjEwLC0xMCJ9XX0.1TPfuvfsUJBT5sVy18JcFu5IXdzW7Sw9kH3dqKoVAcc/image;s=2048x1536;q=80,https://ireland.apollo.olxcdn.com/v1/files/eyJhbGciOiJIUzI1NiIsInR5cCI6IkpXVCJ9.eyJmbiI6Inh6d3ZpajFhOGp4bzItRUNPU1lTVEVNIiwidyI6W3siZm4iOiJlbnZmcXFlMWF5NGsxLUFQTCIsInMiOiIxNiIsImEiOiIwIiwicCI6IjEwLC0xMCJ9XX0.q2NPiLB5Jo3Qsv-sI1aJAdE8vrZHl2lf0xgIYDJUbug/image;s=2048x1536;q=80",,,,,
67422361,mieszkanie,4-pokojowe mieszkanie 76m2 + loggia,76.66,4,5,,,Wojciechowskiego,Piątkowo,Poznań,Początek Piątkowo,52.44512,16.91291,,,,https://www.otodom.pl/pl/oferta/4-pokojowe-mieszkanie-76m2-loggia-ID4yTDr,"https://ireland.apollo.olxcdn.com/v1/files/eyJhbGciOiJIUzI1NiIsInR5cCI6IkpXVCJ9.eyJmbiI6IjRiNnpyY296NHZ2ZDEtRUNPU1lTVEVNIiwidyI6W3siZm4iOiJlbnZmcXFlMWF5NGsxLUFQTCIsInMiOiIxNiIsImEiOiIwIiwicCI6IjEwLC0xMCJ9XX0.2RsG_BA2fvICNNE49duuya543-AEKPmWXxWrpU_3yXA/image;s=2048x1536;q=80,https://ireland.apollo.olxcdn.com/v1/files/eyJhbGciOiJIUzI1NiIsInR5cCI6IkpXVCJ9.eyJmbiI6InJ4ZXJtNW1wamt6bjMtRUNPU1lTVEVNIiwidyI6W3siZm4iOiJlbnZmcXFlMWF5NGsxLUFQTCIsInMiOiIxNiIsImEiOiIwIiwicCI6IjEwLC0xMCJ9XX0.l3RzsdSLcF4Ic1ap5ftvzmcDDqzmsPF2rFy1EnnBKsY/image;s=2048x1536;q=80,https://ireland.apollo.olxcdn.com/v1/files/eyJhbGciOiJIUzI1NiIsInR5cCI6IkpXVCJ9.eyJmbiI6IjE2MDVyejg3cGE4bzMtRUNPU1lTVEVNIiwidyI6W3siZm4iOiJlbnZmcXFlMWF5NGsxLUFQTCIsInMiOiIxNiIsImEiOiIwIiwicCI6IjEwLC0xMCJ9XX0.EqheM8qktVvN55PwBc5arTjoeAmwt4cQfIUdduBWJ7c/image;s=2048x1536;q=80",,,,,
66293366,mieszkanie,3-pokojowe mieszkanie 81m2 + loggia,81.7,3,1,,,28 czerwca 1956 r.,Dębiec,Poznań,28 czerwca 1956 r.,52.36733,16.90355,,,,https://www.otodom.pl/pl/oferta/3-pokojowe-mieszkanie-81m2-loggia-ID4u9WQ,"https://ireland.apollo.olxcdn.com/v1/files/eyJhbGciOiJIUzI1NiIsInR5cCI6IkpXVCJ9.eyJmbiI6ImcwM2pkODR1bHhsZDEtRUNPU1lTVEVNIiwidyI6W3siZm4iOiJlbnZmcXFlMWF5NGsxLUFQTCIsInMiOiIxNiIsImEiOiIwIiwicCI6IjEwLC0xMCJ9XX0.JOnEikD_rytw_XMa_7DN1fcZ46XrTclvIKNvxGl8kJc/image;s=2048x1536;q=80,https://ireland.apollo.olxcdn.com/v1/files/eyJhbGciOiJIUzI1NiIsInR5cCI6IkpXVCJ9.eyJmbiI6ImhxbW0weGZrazdxejEtRUNPU1lTVEVNIiwidyI6W3siZm4iOiJlbnZmcXFlMWF5NGsxLUFQTCIsInMiOiIxNiIsImEiOiIwIiwicCI6IjEwLC0xMCJ9XX0.ll4ukQD7RdrGQFpuficMz-8DZXAbrpfTycUKRnJwVFc/image;s=2048x1536;q=80,https://ireland.apollo.olxcdn.com/v1/files/eyJhbGciOiJIUzI1NiIsInR5cCI6IkpXVCJ9.eyJmbiI6IndvYTg2dDdlajZicTMtRUNPU1lTVEVNIiwidyI6W3siZm4iOiJlbnZmcXFlMWF5NGsxLUFQTCIsInMiOiIxNiIsImEiOiIwIiwicCI6IjEwLC0xMCJ9XX0.KrVBqe3zaZqwTWeVgIzJ31OHj4n9elSMJz1xMnj4oU0/image;s=2048x1536;q=80",,,,,
66324965,mieszkanie,3-pokojowe mieszkanie 70m2 + balkon Bez Prowizji,70.1,3,7,,,ul. Unii Lubelskiej,Starołęka Mała,Poznań,Unii Lubelskiej 4,52.37413,16.95236,,,,https://www.otodom.pl/pl/oferta/3-pokojowe-mieszkanie-70m2-balkon-bez-prowizji-ID4ui9w,"https://ireland.apollo.olxcdn.com/v1/files/eyJhbGciOiJIUzI1NiIsInR5cCI6IkpXVCJ9.eyJmbiI6IjhqNmxxbHVkZ2RnZy1FQ09TWVNURU0iLCJ3IjpbeyJmbiI6ImVudmZxcWUxYXk0azEtQVBMIiwicyI6IjE2IiwiYSI6IjAiLCJwIjoiMTAsLTEwIn1dfQ.24Ea1UZzRF8uYony1ZWgchIu9by7JHk80KTvQgRS8FE/image;s=2048x1536;q=80,https://ireland.apollo.olxcdn.com/v1/files/eyJhbGciOiJIUzI1NiIsInR5cCI6IkpXVCJ9.eyJmbiI6Im5ybTlobzJwZWExdDEtRUNPU1lTVEVNIiwidyI6W3siZm4iOiJlbnZmcXFlMWF5NGsxLUFQTCIsInMiOiIxNiIsImEiOiIwIiwicCI6IjEwLC0xMCJ9XX0.p6t6byPQWLvnTLz9WZiGb5X-3vBESaPeiWCo6J3dFpg/image;s=2048x1536;q=80,https://ireland.apollo.olxcdn.com/v1/files/eyJhbGciOiJIUzI1NiIsInR5cCI6IkpXVCJ9.eyJmbiI6IjNpdm9ndW0xbDZrYzItRUNPU1lTVEVNIiwidyI6W3siZm4iOiJlbnZmcXFlMWF5NGsxLUFQTCIsInMiOiIxNiIsImEiOiIwIiwicCI6IjEwLC0xMCJ9XX0.mNv8azNXLOxK5w3zbeVFFbF4f8LDthse4M_0oJihSwQ/image;s=2048x1536;q=80",,,,,
96632496500067,mieszkanie,3-pokojowe mieszkanie 70m2 + balkon Bez Prowizji,70.1,3,7,,,ul. Unii Lubelskiej,Starołęka Mała,Poznań,Unii Lubelskiej 4,52.37413,16.95236,,,,https://www.otodom.pl/pl/oferta/3-pokojowe-mieszkanie-70m2-balkon-bez-prowizji-ID4ui9w,"https://ireland.apollo.olxcdn.com/v1/files/eyJhbGciOiJIUzI1NiIsInR5cCI6IkpXVCJ9.eyJmbiI6IjhqNmxxbHVkZ2RnZy1FQ09TWVNURU0iLCJ3IjpbeyJmbiI6ImVudmZxcWUxYXk0azEtQVBMIiwicyI6IjE2IiwiYSI6IjAiLCJwIjoiMTAsLTEwIn1dfQ.24Ea1UZzRF8uYony1ZWgchIu9by7JHk80KTvQgRS8FE/image;s=2048x1536;q=80,https://ireland.apollo.olxcdn.com/v1/files/eyJhbGciOiJIUzI1NiIsInR5cCI6IkpXVCJ9.eyJmbiI6Im5ybTlobzJwZWExdDEtRUNPU1lTVEVNIiwidyI6W3siZm4iOiJlbnZmcXFlMWF5NGsxLUFQTCIsInMiOiIxNiIsImEiOiIwIiwicCI6IjEwLC0xMCJ9XX0.p6t6byPQWLvnTLz9WZiGb5X-3vBESaPeiWCo6J3dFpg/image;s=2048x1536;q=80,https://ireland.apollo.olxcdn.com/v1/files/eyJhbGciOiJIUzI1NiIsInR5cCI6IkpXVCJ9.eyJmbiI6IjNpdm9ndW0xbDZrYzItRUNPU1lTVEVNIiwidyI6W3siZm4iOiJlbnZmcXFlMWF5NGsxLUFQTCIsInMiOiIxNiIsImEiOiIwIiwicCI6IjEwLC0xMCJ9XX0.mNv8azNXLOxK5w3zbeVFFbF4f8LDthse4M_0oJihSwQ/image;s=2048x1536;q=80",,,,,
67076675,mieszkanie,4-pokojowe mieszkanie 77m2 + balkon Bezpośrednio,77.63,4,1,,,ul. Zespołowa,Jankowice,Jankowice,Folwark Jankowice,52.44002,16.61879,,,,https://www.otodom.pl/pl/oferta/4-pokojowe-mieszkanie-77m2-balkon-bezposrednio-ID4xrHR,"https://ireland.apollo.olxcdn.com/v1/files/eyJhbGciOiJIUzI1NiIsInR5cCI6IkpXVCJ9.eyJmbiI6InRxb2d5N3hnOXo0czMtRUNPU1lTVEVNIiwidyI6W3siZm4iOiJlbnZmcXFlMWF5NGsxLUFQTCIsInMiOiIxNiIsImEiOiIwIiwicCI6IjEwLC0xMCJ9XX0.5h5TSDpi39_HCqqoOi7ArAhuwFrI1ReLjCeipt1P-jw/image;s=2048x1536;q=80,https://ireland.apollo.olxcdn.com/v1/files/eyJhbGciOiJIUzI1NiIsInR5cCI6IkpXVCJ9.eyJmbiI6IjZkbzF4c3pnaHc3ZDMtRUNPU1lTVEVNIiwidyI6W3siZm4iOiJlbnZmcXFlMWF5NGsxLUFQTCIsInMiOiIxNiIsImEiOiIwIiwicCI6IjEwLC0xMCJ9XX0.sZOfUpdC1w0IBFqBGMasFt141PMcnatOvFACh6pnS08/image;s=2048x1536;q=80,https://ireland.apollo.olxcdn.com/v1/files/eyJhbGciOiJIUzI1NiIsInR5cCI6IkpXVCJ9.eyJmbiI6IjZ0Y3lqbXk0MmJqMDEtRUNPU1lTVEVNIiwidyI6W3siZm4iOiJlbnZmcXFlMWF5NGsxLUFQTCIsInMiOiIxNiIsImEiOiIwIiwicCI6IjEwLC0xMCJ9XX0.KGiHB8nVHNXoyeUMo-ZCW__PI5s9lotLzzKhOiIa4cI/image;s=2048x1536;q=80",,,,,
68328805,dom,4-pokojowy dom 104m2 Bez Prowizji,104.56,4,,,,ul. Zespołowa,Jankowice,Jankowice,Folwark Jankowice domy,52.44002,16.61879,,,,https://www.otodom.pl/pl/oferta/4-pokojowy-dom-104m2-bez-prowizji-ID4CHrw,"https://ireland.apollo.olxcdn.com/v1/files/eyJhbGciOiJIUzI1NiIsInR5cCI6IkpXVCJ9.eyJmbiI6Im16OWxqcnZwbWJ6bC1FQ09TWVNURU0iLCJ3IjpbeyJmbiI6ImVudmZxcWUxYXk0azEtQVBMIiwicyI6IjE2IiwiYSI6IjAiLCJwIjoiMTAsLTEwIn1dfQ.G36fTdJg6R68x-Pm1w-FGYKw8u5TQOkLubDcCUsxYxU/image;s=2048x1536;q=80,https://ireland.apollo.olxcdn.com/v1/files/eyJhbGciOiJIUzI1NiIsInR5cCI6IkpXVCJ9.eyJmbiI6ImhwZ3RoZTlrNmUzcDItRUNPU1lTVEVNIiwidyI6W3siZm4iOiJlbnZmcXFlMWF5NGsxLUFQTCIsInMiOiIxNiIsImEiOiIwIiwicCI6IjEwLC0xMCJ9XX0.OxrOCjaCmW3M_xCkiuJ0vjFHF0t2SP5gitN_OQjJHxQ/image;s=2048x1536;q=80,https://ireland.apollo.olxcdn.com/v1/files/eyJhbGciOiJIUzI1NiIsInR5cCI6IkpXVCJ9.eyJmbiI6Ijc4MHNxb3k1c3QwejEtRUNPU1lTVEVNIiwidyI6W3siZm4iOiJlbnZmcXFlMWF5NGsxLUFQTCIsInMiOiIxNiIsImEiOiIwIiwicCI6IjEwLC0xMCJ9XX0.HOfaP9H0CMkg6O3oYmxA0nfWvjmXaUX6weojv2klu-I/image;s=2048x1536;q=80",,,,,
68302608,dom,4-pokojowy dom 136m2 Bezpośrednio,136.42,4,,,,ul. Zespołowa,Jankowice,Jankowice,Folwark Jankowice domy,52.44002,16.61879,,,,https://www.otodom.pl/pl/oferta/4-pokojowy-dom-136m2-bezposrednio-ID4CACY,"https://ireland.apollo.olxcdn.com/v1/files/eyJhbGciOiJIUzI1NiIsInR5cCI6IkpXVCJ9.eyJmbiI6Ijc4MHNxb3k1c3QwejEtRUNPU1lTVEVNIiwidyI6W3siZm4iOiJlbnZmcXFlMWF5NGsxLUFQTCIsInMiOiIxNiIsImEiOiIwIiwicCI6IjEwLC0xMCJ9XX0.HOfaP9H0CMkg6O3oYmxA0nfWvjmXaUX6weojv2klu-I/image;s=2048x1536;q=80,https://ireland.apollo.olxcdn.com/v1/files/eyJhbGciOiJIUzI1NiIsInR5cCI6IkpXVCJ9.eyJmbiI6InJ3dGZranJ0dTM5dTEtRUNPU1lTVEVNIiwidyI6W3siZm4iOiJlbnZmcXFlMWF5NGsxLUFQTCIsInMiOiIxNiIsImEiOiIwIiwicCI6IjEwLC0xMCJ9XX0.w1MoMmyhFVpXYI4FsmaJIasp6htpgYx01HI7ZfZtxN8/image;s=2048x1536;q=80,https://ireland.apollo.olxcdn.com/v1/files/eyJhbGciOiJIUzI1NiIsInR5cCI6IkpXVCJ9.eyJmbiI6ImtqM2d3NjB0dmJnazItRUNPU1lTVEVNIiwidyI6W3siZm4iOiJlbnZmcXFlMWF5NGsxLUFQTCIsInMiOiIxNiIsImEiOiIwIiwicCI6IjEwLC0xMCJ9XX0.WEx4HQeBP5eIFUlQ3rsr5btISGuMQW3o5D9EQg96Ids/image;s=2048x1536;q=80",,,,,
96830260800067,dom,4-pokojowy dom 136m2 Bezpośrednio,136.42,4,,,,ul. Zespołowa,Jankowice,Jankowice,Folwark Jankowice domy,52.44002,16.61879,,,,https://www.otodom.pl/pl/oferta/4-pokojowy-dom-136m2-bezposrednio-ID4CACY,"https://ireland.apollo.olxcdn.com/v1/files/eyJhbGciOiJIUzI1NiIsInR5cCI6IkpXVCJ9.eyJmbiI6ImJ3ZHc0NmM4bjFzMDMtRUNPU1lTVEVNIiwidyI6W3siZm4iOiJlbnZmcXFlMWF5NGsxLUFQTCIsInMiOiIxNiIsImEiOiIwIiwicCI6IjEwLC0xMCJ9XX0.W13X8vcjRuoM4sBUGw8xXugES-dDeeXUwXTKlv4FSrI/image;s=2048x1536;q=80,https://ireland.apollo.olxcdn.com/v1/files/eyJhbGciOiJIUzI1NiIsInR5cCI6IkpXVCJ9.eyJmbiI6Ijc4MHNxb3k1c3QwejEtRUNPU1lTVEVNIiwidyI6W3siZm4iOiJlbnZmcXFlMWF5NGsxLUFQTCIsInMiOiIxNiIsImEiOiIwIiwicCI6IjEwLC0xMCJ9XX0.HOfaP9H0CMkg6O3oYmxA0nfWvjmXaUX6weojv2klu-I/image;s=2048x1536;q=80,https://ireland.apollo.olxcdn.com/v1/files/eyJhbGciOiJIUzI1NiIsInR5cCI6IkpXVCJ9.eyJmbiI6InJ3dGZranJ0dTM5dTEtRUNPU1lTVEVNIiwidyI6W3siZm4iOiJlbnZmcXFlMWF5NGsxLUFQTCIsInMiOiIxNiIsImEiOiIwIiwicCI6IjEwLC0xMCJ9XX0.w1MoMmyhFVpXYI4FsmaJIasp6htpgYx01HI7ZfZtxN8/image;s=2048x1536;q=80",,,,,
67076981,dom,4-pokojowy dom 135m2 + ogródek Bez Prowizji,135.73,4,,,,ul. Zespołowa,Jankowice,,Folwark Jankowice domy,52.44002,16.61879,,,,https://www.otodom.pl/pl/oferta/4-pokojowy-dom-135m2-ogrodek-bez-prowizji-ID4xrMN,"https://ireland.apollo.olxcdn.com/v1/files/eyJhbGciOiJIUzI1NiIsInR5cCI6IkpXVCJ9.eyJmbiI6ImJ3ZHc0NmM4bjFzMDMtRUNPU1lTVEVNIiwidyI6W3siZm4iOiJlbnZmcXFlMWF5NGsxLUFQTCIsInMiOiIxNiIsImEiOiIwIiwicCI6IjEwLC0xMCJ9XX0.W13X8vcjRuoM4sBUGw8xXugES-dDeeXUwXTKlv4FSrI/image;s=2048x1536;q=80,https://ireland.apollo.olxcdn.com/v1/files/eyJhbGciOiJIUzI1NiIsInR5cCI6IkpXVCJ9.eyJmbiI6Ijc4MHNxb3k1c3QwejEtRUNPU1lTVEVNIiwidyI6W3siZm4iOiJlbnZmcXFlMWF5NGsxLUFQTCIsInMiOiIxNiIsImEiOiIwIiwicCI6IjEwLC0xMCJ9XX0.HOfaP9H0CMkg6O3oYmxA0nfWvjmXaUX6weojv2klu-I/image;s=2048x1536;q=80,https://ireland.apollo.olxcdn.com/v1/files/eyJhbGciOiJIUzI1NiIsInR5cCI6IkpXVCJ9.eyJmbiI6InJ3dGZranJ0dTM5dTEtRUNPU1lTVEVNIiwidyI6W3siZm4iOiJlbnZmcXFlMWF5NGsxLUFQTCIsInMiOiIxNiIsImEiOiIwIiwicCI6IjEwLC0xMCJ9XX0.w1MoMmyhFVpXYI4FsmaJIasp6htpgYx01HI7ZfZtxN8/image;s=2048x1536;q=80",,,,,
66613938,dom,Dom PARTEROWY - NOWY 4 etap osiedla - oferta wstępnie zarezerwowana,89.6,3,,,,,Skórzewo,,Nowe domy w Skórzewie-zachodnia sypialnia Poznania,52.3903,16.79074,,,,https://www.otodom.pl/pl/oferta/dom-parterowy-nowy-4-etap-osiedla-oferta-wstepnie-zarezerwowana-ID4wwkm,"https://ireland.apollo.olxcdn.com/v1/files/eyJhbGciOiJIUzI1NiIsInR5cCI6IkpXVCJ9.eyJmbiI6IjNrdWl1eHc5M2N6azMtQVBMIiwidyI6W3siZm4iOiJlbnZmcXFlMWF5NGsxLUFQTCIsInMiOiIxNiIsImEiOiIwIiwicCI6IjEwLC0xMCJ9XX0.jnNyPWTeegghVz-wAZrZ4X2Fz8kCinzOF8HrFg7Vv8A/image;s=2048x1536;q=80,https://ireland.apollo.olxcdn.com/v1/files/eyJhbGciOiJIUzI1NiIsInR5cCI6IkpXVCJ9.eyJmbiI6IjYxdjBzNDNkZzJ1ZS1BUEwiLCJ3IjpbeyJmbiI6ImVudmZxcWUxYXk0azEtQVBMIiwicyI6IjE2IiwiYSI6IjAiLCJwIjoiMTAsLTEwIn1dfQ.1poFCuDT0n30nfqH5xNcrkTopaGb0v3BfDR7ABEweB4/image;s=2048x1536;q=80,https://ireland.apollo.olxcdn.com/v1/files/eyJhbGciOiJIUzI1NiIsInR5cCI6IkpXVCJ9.eyJmbiI6ImxxbmVuejBrNmQyYi1BUEwiLCJ3IjpbeyJmbiI6ImVudmZxcWUxYXk0azEtQVBMIiwicyI6IjE2IiwiYSI6IjAiLCJwIjoiMTAsLTEwIn1dfQ.mdXf3fVyqx5VTH2ENKaQ1bKhK9OX0tusqbirBCAQjY8/image;s=2048x1536;q=80",,,,,
66631476,dom,Piętrowy dom bez garażu - NOWY 4 etap - oferta wstępnie zarezerwowana,126,5,,,,,Skórzewo,,Nowe domy w Skórzewie-zachodnia sypialnia Poznania,52.3903,16.79074,,,,https://www.otodom.pl/pl/oferta/pietrowy-dom-bez-garazu-nowy-4-etap-oferta-wstepnie-zarezerwowana-ID4wzTe,"https://ireland.apollo.olxcdn.com/v1/files/eyJhbGciOiJIUzI1NiIsInR5cCI6IkpXVCJ9.eyJmbiI6InN3NXZ5YmtsbndhZDMtQVBMIiwidyI6W3siZm4iOiJlbnZmcXFlMWF5NGsxLUFQTCIsInMiOiIxNiIsImEiOiIwIiwicCI6IjEwLC0xMCJ9XX0.7ko7vLmEfBb35QHI5GYiQW51o9zPAGhrxvNqnOuz_4M/image;s=2048x1536;q=80,https://ireland.apollo.olxcdn.com/v1/files/eyJhbGciOiJIUzI1NiIsInR5cCI6IkpXVCJ9.eyJmbiI6ImlyYWtvMjdnY2Q2di1BUEwiLCJ3IjpbeyJmbiI6ImVudmZxcWUxYXk0azEtQVBMIiwicyI6IjE2IiwiYSI6IjAiLCJwIjoiMTAsLTEwIn1dfQ._Uj-1Q1awsjr8RmRT78Z9_j2k4qfDp6eIy8C2kqiYJQ/image;s=2048x1536;q=80,https://ireland.apollo.olxcdn.com/v1/files/eyJhbGciOiJIUzI1NiIsInR5cCI6IkpXVCJ9.eyJmbiI6InRjZjIybXZiMHYyYjMtQVBMIiwidyI6W3siZm4iOiJlbnZmcXFlMWF5NGsxLUFQTCIsInMiOiIxNiIsImEiOiIwIiwicCI6IjEwLC0xMCJ9XX0.BOVLY9zYHuW8CMKJpYOYF-JxBZJbJpF5bfsEzAZc5SI/image;s=2048x1536;q=80",,,,,
67599144,mieszkanie,Zamieszkaj w Pobiedziskach! 4 pok 94m2 |OGRÓDEK | 2 MP | 30 min Poznań,94,4,0,601000,6394,,Pobiedziska,Pobiedziska,,52.47494,17.27619,,,,https://www.otodom.pl/pl/oferta/zamieszkaj-w-pobiedziskach-4-pok-94m2-ogrodek-2-mp-30-min-poznan-ID4zDCM,"https://ireland.apollo.olxcdn.com/v1/files/eyJhbGciOiJIUzI1NiIsInR5cCI6IkpXVCJ9.eyJmbiI6InV1Z3F2cDcwbnBwYTItQVBMIiwidyI6W3siZm4iOiJlbnZmcXFlMWF5NGsxLUFQTCIsInMiOiIxNiIsImEiOiIwIiwicCI6IjEwLC0xMCJ9XX0.ZvD7YEo39PVbfXyS6mTM5jNfi67USDGMHcvbtvJLnf4/image;s=2048x1536;q=80,https://ireland.apollo.olxcdn.com/v1/files/eyJhbGciOiJIUzI1NiIsInR5cCI6IkpXVCJ9.eyJmbiI6ImN4Mm12cXM2MmIzdzEtQVBMIiwidyI6W3siZm4iOiJlbnZmcXFlMWF5NGsxLUFQTCIsInMiOiIxNiIsImEiOiIwIiwicCI6IjEwLC0xMCJ9XX0.E80Kwd1GqhhsNp0rFSTOkJjupZIF0k39EPHBkmVMpRM/image;s=2048x1536;q=80,https://ireland.apollo.olxcdn.com/v1/files/eyJhbGciOiJIUzI1NiIsInR5cCI6IkpXVCJ9.eyJmbiI6Imk0ZHpkYXczenM2ZzItQVBMIiwidyI6W3siZm4iOiJlbnZmcXFlMWF5NGsxLUFQTCIsInMiOiIxNiIsImEiOiIwIiwicCI6IjEwLC0xMCJ9XX0.F12LaKexrB8Cq4nJCPSS0ilFjrGqhyBGijuHY0qxhnI/image;s=2048x1536;q=80",,,,,
67180896,mieszkanie,Piękne wykończone 4 pokoje przy lesie!,78,4,0,609000,7808,ul. Kowalska,Radzewo,Radzewo,Nowe Młyny Radzewa,52.210031,17.033205,,,,https://www.otodom.pl/pl/oferta/piekne-wykonczone-4-pokoje-przy-lesie-ID4xSOQ,"https://ireland.apollo.olxcdn.com/v1/files/eyJhbGciOiJIUzI1NiIsInR5cCI6IkpXVCJ9.eyJmbiI6InhqajF1N2dkaWQxcTItQVBMIiwidyI6W3siZm4iOiJlbnZmcXFlMWF5NGsxLUFQTCIsInMiOiIxNiIsImEiOiIwIiwicCI6IjEwLC0xMCJ9XX0.7D0gRj0wPeYAkD7-bakkXZkchmMENJMCmy3PZU28mUs/image;s=2048x1536;q=80,https://ireland.apollo.olxcdn.com/v1/files/eyJhbGciOiJIUzI1NiIsInR5cCI6IkpXVCJ9.eyJmbiI6Ijl0ZjltcG83bnpsNC1BUEwiLCJ3IjpbeyJmbiI6ImVudmZxcWUxYXk0azEtQVBMIiwicyI6IjE2IiwiYSI6IjAiLCJwIjoiMTAsLTEwIn1dfQ.148QcyjCJKuNOiJ82MTroOhV3cuRSItbYgDrNgitvDI/image;s=2048x1536;q=80,https://ireland.apollo.olxcdn.com/v1/files/eyJhbGciOiJIUzI1NiIsInR5cCI6IkpXVCJ9.eyJmbiI6IjYwZGg5N2lweDUzODEtQVBMIiwidyI6W3siZm4iOiJlbnZmcXFlMWF5NGsxLUFQTCIsInMiOiIxNiIsImEiOiIwIiwicCI6IjEwLC0xMCJ9XX0.pV8jwn8pEVU0dD8wVl5hWrmygi5XqvVo_DZBc5Bb6_8/image;s=2048x1536;q=80",,,,,
67927696,dom,4-pokojowy dom 89m2 Bez Prowizji,89.12,4,,609000,6833,św. Jana,Gwiazdowo,Gwiazdowo,Forall Gwiazdowo,52.41763,17.21036,,,,https://www.otodom.pl/pl/oferta/4-pokojowy-dom-89m2-bez-prowizji-ID4B160,"https://ireland.apollo.olxcdn.com/v1/files/eyJhbGciOiJIUzI1NiIsInR5cCI6IkpXVCJ9.eyJmbiI6ImVlbTltMXM5czk5ai1FQ09TWVNURU0iLCJ3IjpbeyJmbiI6ImVudmZxcWUxYXk0azEtQVBMIiwicyI6IjE2IiwiYSI6IjAiLCJwIjoiMTAsLTEwIn1dfQ.ZivX3x__XIAlCSPXYEsZQjHn7NMBDGp986treCQ3sL8/image;s=2048x1536;q=80,https://ireland.apollo.olxcdn.com/v1/files/eyJhbGciOiJIUzI1NiIsInR5cCI6IkpXVCJ9.eyJmbiI6ImoxZnFpY2psa3dmYzItRUNPU1lTVEVNIiwidyI6W3siZm4iOiJlbnZmcXFlMWF5NGsxLUFQTCIsInMiOiIxNiIsImEiOiIwIiwicCI6IjEwLC0xMCJ9XX0.kAKySLIgDbaaMaFO8nPJ9j0XmltGq_QD_UbFScxkiA8/image;s=2048x1536;q=80,https://ireland.apollo.olxcdn.com/v1/files/eyJhbGciOiJIUzI1NiIsInR5cCI6IkpXVCJ9.eyJmbiI6InZyODNmZHF2djJxcS1FQ09TWVNURU0iLCJ3IjpbeyJmbiI6ImVudmZxcWUxYXk0azEtQVBMIiwicyI6IjE2IiwiYSI6IjAiLCJwIjoiMTAsLTEwIn1dfQ.RZov5ds2HtsjBYNi4B4bKcaO6yrgyVVlWMVDU8KIdTE/image;s=2048x1536;q=80",,,,,
67893165,dom,4-pokojowy dom 89m2 Bez Pośredników,89.12,4,,609000,6833,św. Jana,Gwiazdowo,,Forall Gwiazdowo,52.41763,17.21036,,,,https://www.otodom.pl/pl/oferta/4-pokojowy-dom-89m2-bez-posrednikow-ID4AS73,"https://ireland.apollo.olxcdn.com/v1/files/eyJhbGciOiJIUzI1NiIsInR5cCI6IkpXVCJ9.eyJmbiI6InN2bmZhMHZhbDk2ZzMtRUNPU1lTVEVNIiwidyI6W3siZm4iOiJlbnZmcXFlMWF5NGsxLUFQTCIsInMiOiIxNiIsImEiOiIwIiwicCI6IjEwLC0xMCJ9XX0.pMWVSJb_832WeZtyhn2uboB5MFW4AexU5eT2hrm-MZY/image;s=2048x1536;q=80,https://ireland.apollo.olxcdn.com/v1/files/eyJhbGciOiJIUzI1NiIsInR5cCI6IkpXVCJ9.eyJmbiI6ImoxZnFpY2psa3dmYzItRUNPU1lTVEVNIiwidyI6W3siZm4iOiJlbnZmcXFlMWF5NGsxLUFQTCIsInMiOiIxNiIsImEiOiIwIiwicCI6IjEwLC0xMCJ9XX0.kAKySLIgDbaaMaFO8nPJ9j0XmltGq_QD_UbFScxkiA8/image;s=2048x1536;q=80,https://ireland.apollo.olxcdn.com/v1/files/eyJhbGciOiJIUzI1NiIsInR5cCI6IkpXVCJ9.eyJmbiI6InZyODNmZHF2djJxcS1FQ09TWVNURU0iLCJ3IjpbeyJmbiI6ImVudmZxcWUxYXk0azEtQVBMIiwicyI6IjE2IiwiYSI6IjAiLCJwIjoiMTAsLTEwIn1dfQ.RZov5ds2HtsjBYNi4B4bKcaO6yrgyVVlWMVDU8KIdTE/image;s=2048x1536;q=80",,,,,
67927695,dom,4-pokojowy dom 89m2 Bezpośrednio,89.12,4,,609000,6833,św. Jana,Gwiazdowo,,Forall Gwiazdowo,52.41763,17.21036,,,,https://www.otodom.pl/pl/oferta/4-pokojowy-dom-89m2-bezposrednio-ID4B15Z,"https://ireland.apollo.olxcdn.com/v1/files/eyJhbGciOiJIUzI1NiIsInR5cCI6IkpXVCJ9.eyJmbiI6IjRud2ZzYTJxdW44NDItRUNPU1lTVEVNIiwidyI6W3siZm4iOiJlbnZmcXFlMWF5NGsxLUFQTCIsInMiOiIxNiIsImEiOiIwIiwicCI6IjEwLC0xMCJ9XX0.439AzSzRTjuZu1dJyAeZ1gyEFvjBZCvtsMRUVpz01no/image;s=2048x1536;q=80,https://ireland.apollo.olxcdn.com/v1/files/eyJhbGciOiJIUzI1NiIsInR5cCI6IkpXVCJ9.eyJmbiI6ImoxZnFpY2psa3dmYzItRUNPU1lTVEVNIiwidyI6W3siZm4iOiJlbnZmcXFlMWF5NGsxLUFQTCIsInMiOiIxNiIsImEiOiIwIiwicCI6IjEwLC0xMCJ9XX0.kAKySLIgDbaaMaFO8nPJ9j0XmltGq_QD_UbFScxkiA8/image;s=2048x1536;q=80,https://ireland.apollo.olxcdn.com/v1/files/eyJhbGciOiJIUzI1NiIsInR5cCI6IkpXVCJ9.eyJmbiI6InZyODNmZHF2djJxcS1FQ09TWVNURU0iLCJ3IjpbeyJmbiI6ImVudmZxcWUxYXk0azEtQVBMIiwicyI6IjE2IiwiYSI6IjAiLCJwIjoiMTAsLTEwIn1dfQ.RZov5ds2HtsjBYNi4B4bKcaO6yrgyVVlWMVDU8KIdTE/image;s=2048x1536;q=80",,,,,
67893163,dom,4-pokojowy dom 89m2 Bezpośrednio,89.12,4,,609000,6833,św. Jana,Gwiazdowo,,Forall Gwiazdowo,52.41763,17.21036,,,,https://www.otodom.pl/pl/oferta/4-pokojowy-dom-89m2-bezposrednio-ID4AS71,"https://ireland.apollo.olxcdn.com/v1/files/eyJhbGciOiJIUzI1NiIsInR5cCI6IkpXVCJ9.eyJmbiI6Ind6aXc5YmpoMmE5bi1FQ09TWVNURU0iLCJ3IjpbeyJmbiI6ImVudmZxcWUxYXk0azEtQVBMIiwicyI6IjE2IiwiYSI6IjAiLCJwIjoiMTAsLTEwIn1dfQ.SFpxct_HvzubHk6fBkV8yt1HGusESvKx8GDGeTDcC1s/image;s=2048x1536;q=80,https://ireland.apollo.olxcdn.com/v1/files/eyJhbGciOiJIUzI1NiIsInR5cCI6IkpXVCJ9.eyJmbiI6ImoxZnFpY2psa3dmYzItRUNPU1lTVEVNIiwidyI6W3siZm4iOiJlbnZmcXFlMWF5NGsxLUFQTCIsInMiOiIxNiIsImEiOiIwIiwicCI6IjEwLC0xMCJ9XX0.kAKySLIgDbaaMaFO8nPJ9j0XmltGq_QD_UbFScxkiA8/image;s=2048x1536;q=80,https://ireland.apollo.olxcdn.com/v1/files/eyJhbGciOiJIUzI1NiIsInR5cCI6IkpXVCJ9.eyJmbiI6InZyODNmZHF2djJxcS1FQ09TWVNURU0iLCJ3IjpbeyJmbiI6ImVudmZxcWUxYXk0azEtQVBMIiwicyI6IjE2IiwiYSI6IjAiLCJwIjoiMTAsLTEwIn1dfQ.RZov5ds2HtsjBYNi4B4bKcaO6yrgyVVlWMVDU8KIdTE/image;s=2048x1536;q=80",,,,,
65663662,dom,"CENA PROMOCYJNA! Dom z ogrodem blisko Poznania! 5 pokoi! 97,44 mkw!",97.44,5,,615000,6312,,Czapury,Czapury,,52.3204,16.92448,,,,https://www.otodom.pl/pl/oferta/cena-promocyjna-dom-z-ogrodem-blisko-poznania-5-pokoi-97-44-mkw-ID4rv7k,"https://ireland.apollo.olxcdn.com/v1/files/eyJhbGciOiJIUzI1NiIsInR5cCI6IkpXVCJ9.eyJmbiI6InpmNDg5ejlna3Fxbi1BUEwiLCJ3IjpbeyJmbiI6ImVudmZxcWUxYXk0azEtQVBMIiwicyI6IjE2IiwiYSI6IjAiLCJwIjoiMTAsLTEwIn1dfQ.rPRyLKW2oZbWO7IHfROhrLBwFEGDrbgrM-qUNhVYdJc/image;s=2048x1536;q=80,https://ireland.apollo.olxcdn.com/v1/files/eyJhbGciOiJIUzI1NiIsInR5cCI6IkpXVCJ9.eyJmbiI6ImZ3ZzgwdHVyNngweTEtQVBMIiwidyI6W3siZm4iOiJlbnZmcXFlMWF5NGsxLUFQTCIsInMiOiIxNiIsImEiOiIwIiwicCI6IjEwLC0xMCJ9XX0.SR4N6ATM5ITVWsczvbVazNEiNXWJ1jM6Aa3nl45a4_4/image;s=2048x1536;q=80,https://ireland.apollo.olxcdn.com/v1/files/eyJhbGciOiJIUzI1NiIsInR5cCI6IkpXVCJ9.eyJmbiI6Im1mZmZraDJ6ZTRiZy1BUEwiLCJ3IjpbeyJmbiI6ImVudmZxcWUxYXk0azEtQVBMIiwicyI6IjE2IiwiYSI6IjAiLCJwIjoiMTAsLTEwIn1dfQ.bWSv3ffT_S5lAcQAubb9N1hzHvp90c7LcFZgkJ_N6jA/image;s=2048x1536;q=80",,,,,
67730459,dom,"Dom 80,40m2 z własnym ogrodem i miejscami postojowymi",80.4,4,,618000,7687,,Kruszewnia,Kruszewnia,,52.378827,17.093522,,,,https://www.otodom.pl/pl/oferta/dom-80-40m2-z-wlasnym-ogrodem-i-miejscami-postojowymi-ID4AbML,"https://ireland.apollo.olxcdn.com/v1/files/eyJhbGciOiJIUzI1NiIsInR5cCI6IkpXVCJ9.eyJmbiI6InE1NDV1OXQzc2N4bjItQVBMIiwidyI6W3siZm4iOiJlbnZmcXFlMWF5NGsxLUFQTCIsInMiOiIxNiIsImEiOiIwIiwicCI6IjEwLC0xMCJ9XX0.8qa-5jf3pL_Lg-TIV7KI4oJMlcYr5phTeBPKd0vv0d4/image;s=2048x1536;q=80,https://ireland.apollo.olxcdn.com/v1/files/eyJhbGciOiJIUzI1NiIsInR5cCI6IkpXVCJ9.eyJmbiI6Im9waTVwbGE1OXdnZTMtQVBMIiwidyI6W3siZm4iOiJlbnZmcXFlMWF5NGsxLUFQTCIsInMiOiIxNiIsImEiOiIwIiwicCI6IjEwLC0xMCJ9XX0.wdNky_s5lOT8dTYf5Y_FKbKcvHKqthZAmyTmxzgqRho/image;s=2048x1536;q=80,https://ireland.apollo.olxcdn.com/v1/files/eyJhbGciOiJIUzI1NiIsInR5cCI6IkpXVCJ9.eyJmbiI6IjJmd3psemxibTk3bC1BUEwiLCJ3IjpbeyJmbiI6ImVudmZxcWUxYXk0azEtQVBMIiwicyI6IjE2IiwiYSI6IjAiLCJwIjoiMTAsLTEwIn1dfQ.mSlVI_C1YskDcenn3MtfH0TI-AtMqCOYshULjdrpNjg/image;s=2048x1536;q=80",,,,,
68097632,mieszkanie,Przestronne mieszkanie 4-pokojowe z dużym tarasem | Lokal L1/2,75.45,4,1,619000,8204,,Sypniewo,Szczytniki,Osiedle Malarska,52.30974,16.99658,,,,https://www.otodom.pl/pl/oferta/przestronne-mieszkanie-4-pokojowe-z-duzym-tarasem-lokal-l1-2-ID4BJiU,"https://ireland.apollo.olxcdn.com/v1/files/eyJhbGciOiJIUzI1NiIsInR5cCI6IkpXVCJ9.eyJmbiI6Im1iOTZtZjB0M2JyYTEtQVBMIiwidyI6W3siZm4iOiJlbnZmcXFlMWF5NGsxLUFQTCIsInMiOiIxNiIsImEiOiIwIiwicCI6IjEwLC0xMCJ9XX0.2Tf0WabAnzurxXBFoRHHI75HDKepIiHnEMMXWGImLpI/image;s=2048x1536;q=80,https://ireland.apollo.olxcdn.com/v1/files/eyJhbGciOiJIUzI1NiIsInR5cCI6IkpXVCJ9.eyJmbiI6ImR3NXVkMHRmaWdsYTEtQVBMIiwidyI6W3siZm4iOiJlbnZmcXFlMWF5NGsxLUFQTCIsInMiOiIxNiIsImEiOiIwIiwicCI6IjEwLC0xMCJ9XX0.jg8IIgjENcg37WGP3bPfNzEW8l-_JtyUdOHrhw5wwCA/image;s=2048x1536;q=80,https://ireland.apollo.olxcdn.com/v1/files/eyJhbGciOiJIUzI1NiIsInR5cCI6IkpXVCJ9.eyJmbiI6IjJ4eHpqOGJpYWpzYTMtQVBMIiwidyI6W3siZm4iOiJlbnZmcXFlMWF5NGsxLUFQTCIsInMiOiIxNiIsImEiOiIwIiwicCI6IjEwLC0xMCJ9XX0.KaVPk32ub2Js5y0NLzSGp8eOylAEp0gsQs106gjyTLk/image;s=2048x1536;q=80",,,,,
68439922,mieszkanie,4 pokoje | taras 32 m² | garaż + parking | Szczytniki pod Poznaniem,76.02,4,1,619000,8143,Malarska,Szczytniki,Szczytniki,,52.29826,17.00185,,,,https://www.otodom.pl/pl/oferta/4-pokoje-taras-32-m-garaz-parking-szczytniki-pod-poznaniem-ID4DalI,"https://ireland.apollo.olxcdn.com/v1/files/eyJhbGciOiJIUzI1NiIsInR5cCI6IkpXVCJ9.eyJmbiI6Inl6MW91a3ozcjIxcjItQVBMIiwidyI6W3siZm4iOiJlbnZmcXFlMWF5NGsxLUFQTCIsInMiOiIxNiIsImEiOiIwIiwicCI6IjEwLC0xMCJ9XX0.u82eHB_wtr6qERweqDv8lknMW81qSdROx_TKOzL2aEU/image;s=2048x1536;q=80,https://ireland.apollo.olxcdn.com/v1/files/eyJhbGciOiJIUzI1NiIsInR5cCI6IkpXVCJ9.eyJmbiI6Im5yYWc4bjFoZGFoZy1BUEwiLCJ3IjpbeyJmbiI6ImVudmZxcWUxYXk0azEtQVBMIiwicyI6IjE2IiwiYSI6IjAiLCJwIjoiMTAsLTEwIn1dfQ.4GEponaOVKeXxmKKwUasriFrNAVBhVmlouhHJJc-nY8/image;s=2048x1536;q=80,https://ireland.apollo.olxcdn.com/v1/files/eyJhbGciOiJIUzI1NiIsInR5cCI6IkpXVCJ9.eyJmbiI6ImJvNXJ0OWQ4cmY0ZTMtQVBMIiwidyI6W3siZm4iOiJlbnZmcXFlMWF5NGsxLUFQTCIsInMiOiIxNiIsImEiOiIwIiwicCI6IjEwLC0xMCJ9XX0.EBJKDdq7oigb3uexXHC948grTrZUMOKm9Y1ar5O7zzw/image;s=2048x1536;q=80",,,,,
68463535,mieszkanie,Mieszkanie z ogródkiem w Szeregowcu PREMIUM w Biedrusku,86.3,3,1,619000,7173,Piaskowa,Biedrusko,Poznań,,52.5437,16.94215,,,,https://www.otodom.pl/pl/oferta/mieszkanie-z-ogrodkiem-w-szeregowcu-premium-w-biedrusku-ID4Dguz,"https://ireland.apollo.olxcdn.com/v1/files/eyJhbGciOiJIUzI1NiIsInR5cCI6IkpXVCJ9.eyJmbiI6ImR4eGdraXAzazg3NC1FQ09TWVNURU0iLCJ3IjpbeyJmbiI6ImVudmZxcWUxYXk0azEtQVBMIiwicyI6IjE2IiwiYSI6IjAiLCJwIjoiMTAsLTEwIn1dfQ.pmP03y_Wjn_VaUB5WqPLX75y8oOgkb2FCODuY4qhNPA/image;s=2048x1536;q=80,https://ireland.apollo.olxcdn.com/v1/files/eyJhbGciOiJIUzI1NiIsInR5cCI6IkpXVCJ9.eyJmbiI6ImFxdmE3anFuOXBscDItRUNPU1lTVEVNIiwidyI6W3siZm4iOiJlbnZmcXFlMWF5NGsxLUFQTCIsInMiOiIxNiIsImEiOiIwIiwicCI6IjEwLC0xMCJ9XX0.1WEERHel0wPQR7s9-f2WsdZvatd0pehsRgH9tRmDM2k/image;s=2048x1536;q=80,https://ireland.apollo.olxcdn.com/v1/files/eyJhbGciOiJIUzI1NiIsInR5cCI6IkpXVCJ9.eyJmbiI6IjltdDNhdjZkZ3cxcTMtRUNPU1lTVEVNIiwidyI6W3siZm4iOiJlbnZmcXFlMWF5NGsxLUFQTCIsInMiOiIxNiIsImEiOiIwIiwicCI6IjEwLC0xMCJ9XX0.7qHz-b9EI0vnECB3vQ3jcCUSUmWK-By8Zad42QWkDto/image;s=2048x1536;q=80",,,,,
68297600,dom,"Dom 86,7 m2 | Duża działka + Poddasze + 2 m postojowe | OSTATNI LOKAL!",86.7,4,,619000,7140,Spadziowa,Biskupice,,,52.46781,17.17274,,,,https://www.otodom.pl/pl/oferta/dom-86-7-m2-duza-dzialka-poddasze-2-m-postojowe-ostatni-lokal-ID4Czkc,"https://ireland.apollo.olxcdn.com/v1/files/eyJhbGciOiJIUzI1NiIsInR5cCI6IkpXVCJ9.eyJmbiI6InM0ZWptd2MzYTdkci1BUEwiLCJ3IjpbeyJmbiI6ImVudmZxcWUxYXk0azEtQVBMIiwicyI6IjE2IiwiYSI6IjAiLCJwIjoiMTAsLTEwIn1dfQ.0ZkrQW4f8Nm06qW5yZXSJIP0CnfMAKp5RrORKb4A7Xw/image;s=2048x1536;q=80,https://ireland.apollo.olxcdn.com/v1/files/eyJhbGciOiJIUzI1NiIsInR5cCI6IkpXVCJ9.eyJmbiI6IjUwMmttbGhheGswdjEtQVBMIiwidyI6W3siZm4iOiJlbnZmcXFlMWF5NGsxLUFQTCIsInMiOiIxNiIsImEiOiIwIiwicCI6IjEwLC0xMCJ9XX0.-5N2CKTYC2PiD3tcIz67opT7NuTSiZCmkTy59JIUvJw/image;s=2048x1536;q=80,https://ireland.apollo.olxcdn.com/v1/files/eyJhbGciOiJIUzI1NiIsInR5cCI6IkpXVCJ9.eyJmbiI6Imc2eHNtZng0bHJueTItQVBMIiwidyI6W3siZm4iOiJlbnZmcXFlMWF5NGsxLUFQTCIsInMiOiIxNiIsImEiOiIwIiwicCI6IjEwLC0xMCJ9XX0.wxa7cSQqRRFKJBEls5Gb1mzwgT5XWZIaREJHsYXHi00/image;s=2048x1536;q=80",,,,,
61146014,dom,"Dom, 91 m², Murowana Goślina",91,5,,620000,6813,ul. Gnieźnieńska,Murowana Goślina,Murowana Goślina,,52.57463,17.00933,,,,https://www.otodom.pl/pl/oferta/dom-91-m-murowana-goslina-ID48yS2,"https://ireland.apollo.olxcdn.com/v1/files/eyJhbGciOiJIUzI1NiIsInR5cCI6IkpXVCJ9.eyJmbiI6Im9vNmNvYWZheXozYi1BUEwiLCJ3IjpbeyJmbiI6ImVudmZxcWUxYXk0azEtQVBMIiwicyI6IjE2IiwiYSI6IjAiLCJwIjoiMTAsLTEwIn1dfQ.n-dpLZ9bQHPSKgwqOZBfqY3Jw0VTAH8S9usAPMhDH40/image;s=2048x1536;q=80,https://ireland.apollo.olxcdn.com/v1/files/eyJhbGciOiJIUzI1NiIsInR5cCI6IkpXVCJ9.eyJmbiI6InoxMDRkNTZ3aGx2dDMtQVBMIiwidyI6W3siZm4iOiJlbnZmcXFlMWF5NGsxLUFQTCIsInMiOiIxNiIsImEiOiIwIiwicCI6IjEwLC0xMCJ9XX0.YTWV6sSFocsbnz2YhwHXwo5x0PSYLoVXuFImArPfWfY/image;s=2048x1536;q=80,https://ireland.apollo.olxcdn.com/v1/files/eyJhbGciOiJIUzI1NiIsInR5cCI6IkpXVCJ9.eyJmbiI6ImZtMmNiYTc3NThlcy1BUEwiLCJ3IjpbeyJmbiI6ImVudmZxcWUxYXk0azEtQVBMIiwicyI6IjE2IiwiYSI6IjAiLCJwIjoiMTAsLTEwIn1dfQ.oIHvHdiWDYwC7DXHCuhbgWar1G3o_6kT3lfX9C7mebo/image;s=2048x1536;q=80",,,,,
68486991,dom,"DOM 78,45 M² + PODDASZE 30 M² I Bliźniak I Gotowy w tym roku",75.8,4,,621000,8193,,Rabowice,Rabowice,,52.38786,17.11767,,,,https://www.otodom.pl/pl/oferta/dom-78-45-m-poddasze-30-m-i-blizniak-i-gotowy-w-tym-roku-ID4DmAT,"https://ireland.apollo.olxcdn.com/v1/files/eyJhbGciOiJIUzI1NiIsInR5cCI6IkpXVCJ9.eyJmbiI6InluNjNpNTBndWN1czEtQVBMIiwidyI6W3siZm4iOiJlbnZmcXFlMWF5NGsxLUFQTCIsInMiOiIxNiIsImEiOiIwIiwicCI6IjEwLC0xMCJ9XX0.gCAerWrnTWEppnBYxTy4xnFpxe4bADaWKcbQ5FFlkJo/image;s=2048x1536;q=80,https://ireland.apollo.olxcdn.com/v1/files/eyJhbGciOiJIUzI1NiIsInR5cCI6IkpXVCJ9.eyJmbiI6IjFodndqdTMwNncxYjMtQVBMIiwidyI6W3siZm4iOiJlbnZmcXFlMWF5NGsxLUFQTCIsInMiOiIxNiIsImEiOiIwIiwicCI6IjEwLC0xMCJ9XX0.tMXidxTNDeQitAu0qyQulhQcnWXTujkd8uL8Hhk_F3g/image;s=2048x1536;q=80,https://ireland.apollo.olxcdn.com/v1/files/eyJhbGciOiJIUzI1NiIsInR5cCI6IkpXVCJ9.eyJmbiI6InM1ZXY1OHhua25qbzMtQVBMIiwidyI6W3siZm4iOiJlbnZmcXFlMWF5NGsxLUFQTCIsInMiOiIxNiIsImEiOiIwIiwicCI6IjEwLC0xMCJ9XX0.R4tu2P8QOfOcd6D21LsjgjBmmc0Y6uW8oH1H2aklpEw/image;s=2048x1536;q=80",,,,,
68443370,dom,78 m² + 30 m² poddasza | ponad 108 m²,78.5,4,,621000,7911,Barwna,Rabowice,Rabowice,,52.38738,17.1256,,,,https://www.otodom.pl/pl/oferta/78-m-30-m-poddasza-ponad-108-m-ID4Dbfk,"https://ireland.apollo.olxcdn.com/v1/files/eyJhbGciOiJIUzI1NiIsInR5cCI6IkpXVCJ9.eyJmbiI6Ijc2NnZsa3FoY29xYjItRUNPU1lTVEVNIiwidyI6W3siZm4iOiJlbnZmcXFlMWF5NGsxLUFQTCIsInMiOiIxNiIsImEiOiIwIiwicCI6IjEwLC0xMCJ9XX0.u6EQ45g8R-GonTCUMX-bHzP6mpkT18_h43V1JyHc4jU/image;s=2048x1536;q=80,https://ireland.apollo.olxcdn.com/v1/files/eyJhbGciOiJIUzI1NiIsInR5cCI6IkpXVCJ9.eyJmbiI6IndiaXdzZTF0dGVocjMtRUNPU1lTVEVNIiwidyI6W3siZm4iOiJlbnZmcXFlMWF5NGsxLUFQTCIsInMiOiIxNiIsImEiOiIwIiwicCI6IjEwLC0xMCJ9XX0.5-ooGNOatzkiIm4qTzk8qL6kfJInpwts6ShM1O3YQ54/image;s=2048x1536;q=80,https://ireland.apollo.olxcdn.com/v1/files/eyJhbGciOiJIUzI1NiIsInR5cCI6IkpXVCJ9.eyJmbiI6InFwZmxmcWZvdGhxNTEtRUNPU1lTVEVNIiwidyI6W3siZm4iOiJlbnZmcXFlMWF5NGsxLUFQTCIsInMiOiIxNiIsImEiOiIwIiwicCI6IjEwLC0xMCJ9XX0.h6TVpTNHYzK5u0CJ4oQN3kbf2LkZaKYmJ3C09p74YrQ/image;s=2048x1536;q=80",,,,,
68393209,dom,✅Strykowo / Gaz / 4 min Od Jeziora/ 08.2027  ✅,102.1,4,,625000,6121,Pszenna,Strykowo,Strykowo,,52.25872,16.61572,,,,https://www.otodom.pl/pl/oferta/strykowo-gaz-4-min-od-jeziora-08-2027-ID4CYch,"https://ireland.apollo.olxcdn.com/v1/files/eyJhbGciOiJIUzI1NiIsInR5cCI6IkpXVCJ9.eyJmbiI6ImRuZHJveGFnczI4MTItRUNPU1lTVEVNIiwidyI6W3siZm4iOiJlbnZmcXFlMWF5NGsxLUFQTCIsInMiOiIxNiIsImEiOiIwIiwicCI6IjEwLC0xMCJ9XX0.PYgEwbNJKxru9VsQVIoQ5QSa8OWEbevn-3ysjBRHMxk/image;s=2048x1536;q=80,https://ireland.apollo.olxcdn.com/v1/files/eyJhbGciOiJIUzI1NiIsInR5cCI6IkpXVCJ9.eyJmbiI6InI5N2lrdXEwam44YTMtRUNPU1lTVEVNIiwidyI6W3siZm4iOiJlbnZmcXFlMWF5NGsxLUFQTCIsInMiOiIxNiIsImEiOiIwIiwicCI6IjEwLC0xMCJ9XX0.vmvLJS6OeyowYnFjdHxIqYh-0-FJdfxpQ8cHJ82X3os/image;s=2048x1536;q=80,https://ireland.apollo.olxcdn.com/v1/files/eyJhbGciOiJIUzI1NiIsInR5cCI6IkpXVCJ9.eyJmbiI6Im55dnBwcWtzN3ZqcTItRUNPU1lTVEVNIiwidyI6W3siZm4iOiJlbnZmcXFlMWF5NGsxLUFQTCIsInMiOiIxNiIsImEiOiIwIiwicCI6IjEwLC0xMCJ9XX0.gAayLl8aSIOK5-4gajqLMzn-FFaipuRuAEvvGxc3vxk/image;s=2048x1536;q=80",,,,,
67355049,dom,Dom 115 m2 Działka 500 m2 Trzek,115,4,,625000,5435,Lipowa,Trzek,Trzek,,52.35751,17.17197,,,,https://www.otodom.pl/pl/oferta/dom-115-m2-dzialka-500-m2-trzek-ID4yC7L,"https://ireland.apollo.olxcdn.com/v1/files/eyJhbGciOiJIUzI1NiIsInR5cCI6IkpXVCJ9.eyJmbiI6IjVib3FnazZ6bjI0MjItRUNPU1lTVEVNIiwidyI6W3siZm4iOiJlbnZmcXFlMWF5NGsxLUFQTCIsInMiOiIxNiIsImEiOiIwIiwicCI6IjEwLC0xMCJ9XX0.onpx_OMulPJWk6mrjbsNVdMgy_J8J3un3gEtio6Pke0/image;s=2048x1536;q=80,https://ireland.apollo.olxcdn.com/v1/files/eyJhbGciOiJIUzI1NiIsInR5cCI6IkpXVCJ9.eyJmbiI6IjhkaDUyNTI0Y2tycDEtRUNPU1lTVEVNIiwidyI6W3siZm4iOiJlbnZmcXFlMWF5NGsxLUFQTCIsInMiOiIxNiIsImEiOiIwIiwicCI6IjEwLC0xMCJ9XX0.Ki3_OpXtKfHoDnJvls_dG_0Cvy0IzQsLY2GnTz4c5s8/image;s=2048x1536;q=80,https://ireland.apollo.olxcdn.com/v1/files/eyJhbGciOiJIUzI1NiIsInR5cCI6IkpXVCJ9.eyJmbiI6IjhoYndlb21tYjN6NDItRUNPU1lTVEVNIiwidyI6W3siZm4iOiJlbnZmcXFlMWF5NGsxLUFQTCIsInMiOiIxNiIsImEiOiIwIiwicCI6IjEwLC0xMCJ9XX0.L5oo7GTe5a3_qsXpSIxuA6mv5Egp4JDx04lWFnz8bRo/image;s=2048x1536;q=80",,,,,
67243356,dom,"Bliźniak 120 m², 5 pokoi, Śródka, blisko Poznania",120,5,,629000,5242,,Śródka,Kleszczewo,,52.29691,17.13759,,,,https://www.otodom.pl/pl/oferta/blizniak-120-m-5-pokoi-srodka-blisko-poznania-ID4y94g,"https://ireland.apollo.olxcdn.com/v1/files/eyJhbGciOiJIUzI1NiIsInR5cCI6IkpXVCJ9.eyJmbiI6IjBkMjVrbDdwb2J6MzItQVBMIiwidyI6W3siZm4iOiJlbnZmcXFlMWF5NGsxLUFQTCIsInMiOiIxNiIsImEiOiIwIiwicCI6IjEwLC0xMCJ9XX0.VEnx4nJOaMeEpQ9g00YOxYukO--Q5eMHCYw4t9Q8eNg/image;s=2048x1536;q=80,https://ireland.apollo.olxcdn.com/v1/files/eyJhbGciOiJIUzI1NiIsInR5cCI6IkpXVCJ9.eyJmbiI6InRubXRmNmlzdnJ1aS1BUEwiLCJ3IjpbeyJmbiI6ImVudmZxcWUxYXk0azEtQVBMIiwicyI6IjE2IiwiYSI6IjAiLCJwIjoiMTAsLTEwIn1dfQ.3QUKKr8Sgt3Z2Md8ymBdXIx4EW8jZL7kpsnJC9BzoJw/image;s=2048x1536;q=80,https://ireland.apollo.olxcdn.com/v1/files/eyJhbGciOiJIUzI1NiIsInR5cCI6IkpXVCJ9.eyJmbiI6Img4Y21zMmMyaXo1YjMtQVBMIiwidyI6W3siZm4iOiJlbnZmcXFlMWF5NGsxLUFQTCIsInMiOiIxNiIsImEiOiIwIiwicCI6IjEwLC0xMCJ9XX0.eRUn4ZsW90EJL3GG4c9FjQ29bz668Y1mMxaWWhYwR7s/image;s=2048x1536;q=80",,,,,
67135917,dom,5-pokojowy dom 96m2 + ogródek Bez Pośredników,96.13,5,,629000,6543,ul. Jesionowa,Biedrusko,Biedrusko,Biedrusko Osiedle Jesionowe,52.54217,16.9443,,,,https://www.otodom.pl/pl/oferta/5-pokojowy-dom-96m2-ogrodek-bez-posrednikow-ID4xH7n,"https://ireland.apollo.olxcdn.com/v1/files/eyJhbGciOiJIUzI1NiIsInR5cCI6IkpXVCJ9.eyJmbiI6IjQwbjdpNXF5d29tMTItRUNPU1lTVEVNIiwidyI6W3siZm4iOiJlbnZmcXFlMWF5NGsxLUFQTCIsInMiOiIxNiIsImEiOiIwIiwicCI6IjEwLC0xMCJ9XX0.V1oUCeqIwQ4TKe4aEx0zp2Fi0Vq5Bq5Q6Y2j3ODH_3o/image;s=2048x1536;q=80,https://ireland.apollo.olxcdn.com/v1/files/eyJhbGciOiJIUzI1NiIsInR5cCI6IkpXVCJ9.eyJmbiI6Imd2c2JuaGppaXhsZS1FQ09TWVNURU0iLCJ3IjpbeyJmbiI6ImVudmZxcWUxYXk0azEtQVBMIiwicyI6IjE2IiwiYSI6IjAiLCJwIjoiMTAsLTEwIn1dfQ.hB9GFq_dz4v9LsKGLbVMAyASljsy1ACE_uCRcevPRsU/image;s=2048x1536;q=80,https://ireland.apollo.olxcdn.com/v1/files/eyJhbGciOiJIUzI1NiIsInR5cCI6IkpXVCJ9.eyJmbiI6ImVvMjlnb2dybjU0NTMtRUNPU1lTVEVNIiwidyI6W3siZm4iOiJlbnZmcXFlMWF5NGsxLUFQTCIsInMiOiIxNiIsImEiOiIwIiwicCI6IjEwLC0xMCJ9XX0.FC8Ds7wts5EUh3e84VmRBHTDFFK-4uiIaukmOqCvJZE/image;s=2048x1536;q=80",,,,,
68488617,dom,"Ostatni gotowy bliźniak w małym metrażu 74m2 , taras, miejsca postoj.",74,4,,630000,8514,Rolna,Wielka Wieś,Buk,,52.36073,16.50643,,,,https://www.otodom.pl/pl/oferta/ostatni-gotowy-blizniak-w-malym-metrazu-74m2-taras-miejsca-postoj-ID4Dn17,"https://ireland.apollo.olxcdn.com/v1/files/eyJhbGciOiJIUzI1NiIsInR5cCI6IkpXVCJ9.eyJmbiI6ImZmYW45c2lzYm81NjItQVBMIiwidyI6W3siZm4iOiJlbnZmcXFlMWF5NGsxLUFQTCIsInMiOiIxNiIsImEiOiIwIiwicCI6IjEwLC0xMCJ9XX0.xreWmrgs5vtG0KJL2I21MLoFf8twMfR6O94BuHLzeYY/image;s=2048x1536;q=80,https://ireland.apollo.olxcdn.com/v1/files/eyJhbGciOiJIUzI1NiIsInR5cCI6IkpXVCJ9.eyJmbiI6ImhnY3NpaXAwNmd6YTItQVBMIiwidyI6W3siZm4iOiJlbnZmcXFlMWF5NGsxLUFQTCIsInMiOiIxNiIsImEiOiIwIiwicCI6IjEwLC0xMCJ9XX0.tGRKHdt_3_Ad2dZFuNvkd6QSkmRSFpF79_7i_NjbjUs/image;s=2048x1536;q=80,https://ireland.apollo.olxcdn.com/v1/files/eyJhbGciOiJIUzI1NiIsInR5cCI6IkpXVCJ9.eyJmbiI6ImFucHBmNXcwMWRydjItQVBMIiwidyI6W3siZm4iOiJlbnZmcXFlMWF5NGsxLUFQTCIsInMiOiIxNiIsImEiOiIwIiwicCI6IjEwLC0xMCJ9XX0.mlPGY5O3ADBAt0Epu0CNGLtxYvnds6ZgZsJYdyBj2Yo/image;s=2048x1536;q=80",,,,,
68485949,dom,"Parterowy, energooszczędny dom | 17 km od Poznania",75.86,4,,630000,8305,ul. Zimowa,Paczkowo,Paczkowo,,52.40104,17.1585,,,,https://www.otodom.pl/pl/oferta/parterowy-energooszczedny-dom-17-km-od-poznania-ID4Dmk5,"https://ireland.apollo.olxcdn.com/v1/files/eyJhbGciOiJIUzI1NiIsInR5cCI6IkpXVCJ9.eyJmbiI6Im80bXRxYzdmNDVweTEtRUNPU1lTVEVNIiwidyI6W3siZm4iOiJlbnZmcXFlMWF5NGsxLUFQTCIsInMiOiIxNiIsImEiOiIwIiwicCI6IjEwLC0xMCJ9XX0.Bo5ARfTueWK3MOoiD9WNA6Hp3eeslAp1K6SDBqLt5qA/image;s=2048x1536;q=80,https://ireland.apollo.olxcdn.com/v1/files/eyJhbGciOiJIUzI1NiIsInR5cCI6IkpXVCJ9.eyJmbiI6ImE2dXgxd2NnaWVxaS1FQ09TWVNURU0iLCJ3IjpbeyJmbiI6ImVudmZxcWUxYXk0azEtQVBMIiwicyI6IjE2IiwiYSI6IjAiLCJwIjoiMTAsLTEwIn1dfQ.pz1CxifRnvVsHkTK2H5b1xGL2EGc91cNO7r_YicTg24/image;s=2048x1536;q=80,https://ireland.apollo.olxcdn.com/v1/files/eyJhbGciOiJIUzI1NiIsInR5cCI6IkpXVCJ9.eyJmbiI6InBjcW9tZjNqb2EzazEtRUNPU1lTVEVNIiwidyI6W3siZm4iOiJlbnZmcXFlMWF5NGsxLUFQTCIsInMiOiIxNiIsImEiOiIwIiwicCI6IjEwLC0xMCJ9XX0.T9BSj49tHHG7nlkB0CPP7WefHOj3kc9bMvONGdIli8A/image;s=2048x1536;q=80",,,,,
65845244,dom,"Siekierki Wielkie, 90m2, Światłowód",90,4,,630000,7000,,Siekierki Wielkie,Siekierki Wielkie,,52.3807,17.16348,,,,https://www.otodom.pl/pl/oferta/siekierki-wielkie-90m2-swiatlowod-ID4shm4,"https://ireland.apollo.olxcdn.com/v1/files/eyJhbGciOiJIUzI1NiIsInR5cCI6IkpXVCJ9.eyJmbiI6ImZoYjcweTY1OHlkbi1BUEwiLCJ3IjpbeyJmbiI6ImVudmZxcWUxYXk0azEtQVBMIiwicyI6IjE2IiwiYSI6IjAiLCJwIjoiMTAsLTEwIn1dfQ.0L3jE2HgP5HYiWKPoVvuDjQOqWO8wLnq5JEDSqb9yio/image;s=2048x1536;q=80,https://ireland.apollo.olxcdn.com/v1/files/eyJhbGciOiJIUzI1NiIsInR5cCI6IkpXVCJ9.eyJmbiI6Im9qamo5NTNiZ21nYjEtQVBMIiwidyI6W3siZm4iOiJlbnZmcXFlMWF5NGsxLUFQTCIsInMiOiIxNiIsImEiOiIwIiwicCI6IjEwLC0xMCJ9XX0.gHF4KWfDbpELVp7prvLY99g8FNTrHLl5NPgLQUFSGdc/image;s=2048x1536;q=80,https://ireland.apollo.olxcdn.com/v1/files/eyJhbGciOiJIUzI1NiIsInR5cCI6IkpXVCJ9.eyJmbiI6Im80ZzFtOW1ycThlai1BUEwiLCJ3IjpbeyJmbiI6ImVudmZxcWUxYXk0azEtQVBMIiwicyI6IjE2IiwiYSI6IjAiLCJwIjoiMTAsLTEwIn1dfQ.jmJQtbqjXTEzYXnhuvVopNEHAFLWI7vTZqC2QTF2-5c/image;s=2048x1536;q=80",,,,,
68026872,dom,"Kleszczewo, Gowarzewo dom 86m2",86,4,,630000,7326,,Kleszczewo,Gowarzewo,,52.369875,17.148063,,,,https://www.otodom.pl/pl/oferta/kleszczewo-gowarzewo-dom-86m2-ID4BqTC,"https://ireland.apollo.olxcdn.com/v1/files/eyJhbGciOiJIUzI1NiIsInR5cCI6IkpXVCJ9.eyJmbiI6ImJkbzlmbnlqYmlibzEtQVBMIiwidyI6W3siZm4iOiJlbnZmcXFlMWF5NGsxLUFQTCIsInMiOiIxNiIsImEiOiIwIiwicCI6IjEwLC0xMCJ9XX0.RYQNL0h5hpg6Z-AcQVJe0pEF8eRvKA5_219lHRVkTQ8/image;s=2048x1536;q=80,https://ireland.apollo.olxcdn.com/v1/files/eyJhbGciOiJIUzI1NiIsInR5cCI6IkpXVCJ9.eyJmbiI6ImNnamoybWs4OTMzbDItQVBMIiwidyI6W3siZm4iOiJlbnZmcXFlMWF5NGsxLUFQTCIsInMiOiIxNiIsImEiOiIwIiwicCI6IjEwLC0xMCJ9XX0.ci4Am5sod83uDI7w-ESH0g5ya8AdnjDfHiK_IUncFUM/image;s=2048x1536;q=80,https://ireland.apollo.olxcdn.com/v1/files/eyJhbGciOiJIUzI1NiIsInR5cCI6IkpXVCJ9.eyJmbiI6Im9scnFwb3QyM3RnNy1BUEwiLCJ3IjpbeyJmbiI6ImVudmZxcWUxYXk0azEtQVBMIiwicyI6IjE2IiwiYSI6IjAiLCJwIjoiMTAsLTEwIn1dfQ.DJMgSJdadjyUUIyViXfeVNKU5dFA4plP_qYWGq0py6c/image;s=2048x1536;q=80",,,,,
68434696,dom,Domy w Pamiątkowie | wysoki standard | funkcjonalny projekt,98.2,5,,630000,6415,,Rokietnica,,,52.51359,16.74704,,,,https://www.otodom.pl/pl/oferta/domy-w-pamiatkowie-wysoki-standard-funkcjonalny-projekt-ID4D8Zq,"https://ireland.apollo.olxcdn.com/v1/files/eyJhbGciOiJIUzI1NiIsInR5cCI6IkpXVCJ9.eyJmbiI6IndoNm81bTV2dmxjNjMtQVBMIiwidyI6W3siZm4iOiJlbnZmcXFlMWF5NGsxLUFQTCIsInMiOiIxNiIsImEiOiIwIiwicCI6IjEwLC0xMCJ9XX0.MSZxuj1WjdRWfFWEGk0mRk16h30bHe_RmwmxvFdhfSo/image;s=2048x1536;q=80,https://ireland.apollo.olxcdn.com/v1/files/eyJhbGciOiJIUzI1NiIsInR5cCI6IkpXVCJ9.eyJmbiI6Ijk3azR5N3AydWV1aDItQVBMIiwidyI6W3siZm4iOiJlbnZmcXFlMWF5NGsxLUFQTCIsInMiOiIxNiIsImEiOiIwIiwicCI6IjEwLC0xMCJ9XX0.1BgmSXul_FdSRdxDL0RZGgwlQ2d3TPuquBfGq-VSfWs/image;s=2048x1536;q=80,https://ireland.apollo.olxcdn.com/v1/files/eyJhbGciOiJIUzI1NiIsInR5cCI6IkpXVCJ9.eyJmbiI6ImU5NDg3dnV2eW5oNzMtQVBMIiwidyI6W3siZm4iOiJlbnZmcXFlMWF5NGsxLUFQTCIsInMiOiIxNiIsImEiOiIwIiwicCI6IjEwLC0xMCJ9XX0.iCSgAZ13hNX8RHiRjdcwslKY-4iAchzKLxmCK9OukJw/image;s=2048x1536;q=80",,,,,
68396800,dom,"BUK nowoczesny bliźniak 74m2 z tarasem, ogrodem, dogodnym podjazdem",74,4,,630000,8514,,Wielka Wieś,,,52.35947,16.51161,,,,https://www.otodom.pl/pl/oferta/buk-nowoczesny-blizniak-74m2-z-tarasem-ogrodem-dogodnym-podjazdem-ID4CZ8c,"https://ireland.apollo.olxcdn.com/v1/files/eyJhbGciOiJIUzI1NiIsInR5cCI6IkpXVCJ9.eyJmbiI6Inl4dDdjbDYxMThqMS1BUEwiLCJ3IjpbeyJmbiI6ImVudmZxcWUxYXk0azEtQVBMIiwicyI6IjE2IiwiYSI6IjAiLCJwIjoiMTAsLTEwIn1dfQ.Mf3x2ZopUOkj1Z3XLJRlb1gv1gNgWidaiIaYkWkVnl8/image;s=2048x1536;q=80,https://ireland.apollo.olxcdn.com/v1/files/eyJhbGciOiJIUzI1NiIsInR5cCI6IkpXVCJ9.eyJmbiI6IjI5a2ZmZXp6aXpkYjMtQVBMIiwidyI6W3siZm4iOiJlbnZmcXFlMWF5NGsxLUFQTCIsInMiOiIxNiIsImEiOiIwIiwicCI6IjEwLC0xMCJ9XX0.m3QMuRawAHSzS2732gEGccQUmYXyXfTIEbWPd7_kuNg/image;s=2048x1536;q=80,https://ireland.apollo.olxcdn.com/v1/files/eyJhbGciOiJIUzI1NiIsInR5cCI6IkpXVCJ9.eyJmbiI6InNuZjE3d2hnaGF2cjItQVBMIiwidyI6W3siZm4iOiJlbnZmcXFlMWF5NGsxLUFQTCIsInMiOiIxNiIsImEiOiIwIiwicCI6IjEwLC0xMCJ9XX0.WbrqinCRhvRFT2XeAf1U2YT7Eahyt8WyJUlJLahr1gY/image;s=2048x1536;q=80",,,,,
68413740,dom,"Dom parterowy  4 pokoje 75,86 m2 Kanaliza gaz",75.86,4,,630000,8305,,Paczkowo,,,52.40111,17.15772,,,,https://www.otodom.pl/pl/oferta/dom-parterowy-4-pokoje-75-86-m2-kanaliza-gaz-ID4D3xq,"https://ireland.apollo.olxcdn.com/v1/files/eyJhbGciOiJIUzI1NiIsInR5cCI6IkpXVCJ9.eyJmbiI6InoxNzY1ajFqZGJ6eC1FQ09TWVNURU0iLCJ3IjpbeyJmbiI6ImVudmZxcWUxYXk0azEtQVBMIiwicyI6IjE2IiwiYSI6IjAiLCJwIjoiMTAsLTEwIn1dfQ.PYDeEYyTBNZO7ucrOORzUoX_XcjCyRbsoUnJ3PMOz2w/image;s=2048x1536;q=80,https://ireland.apollo.olxcdn.com/v1/files/eyJhbGciOiJIUzI1NiIsInR5cCI6IkpXVCJ9.eyJmbiI6Imk3ZmlucWF2YjMzNy1FQ09TWVNURU0iLCJ3IjpbeyJmbiI6ImVudmZxcWUxYXk0azEtQVBMIiwicyI6IjE2IiwiYSI6IjAiLCJwIjoiMTAsLTEwIn1dfQ.8dNcTtaejXhmqvP9Uoh8wGMo-c-Fq99oEQWOy7ap4oI/image;s=2048x1536;q=80,https://ireland.apollo.olxcdn.com/v1/files/eyJhbGciOiJIUzI1NiIsInR5cCI6IkpXVCJ9.eyJmbiI6IjBwMmF4MHQxNjh6MzMtRUNPU1lTVEVNIiwidyI6W3siZm4iOiJlbnZmcXFlMWF5NGsxLUFQTCIsInMiOiIxNiIsImEiOiIwIiwicCI6IjEwLC0xMCJ9XX0.0GWu5jKDOB3N5cjjF08OnI6YtgRZaKEGhFlYdRFpk9E/image;s=2048x1536;q=80",,,,,
68396190,dom,Domy w Pamiątkowie | wysoki standard | funkcjonalny projekt,98.2,4,,630000,6415,,Rokietnica,Rokietnica,,52.51359,16.74704,,,,https://www.otodom.pl/pl/oferta/domy-w-pamiatkowie-wysoki-standard-funkcjonalny-projekt-ID4CYYm,"https://ireland.apollo.olxcdn.com/v1/files/eyJhbGciOiJIUzI1NiIsInR5cCI6IkpXVCJ9.eyJmbiI6InNsMnJ0MGgxYXZmdjMtQVBMIiwidyI6W3siZm4iOiJlbnZmcXFlMWF5NGsxLUFQTCIsInMiOiIxNiIsImEiOiIwIiwicCI6IjEwLC0xMCJ9XX0.kTDinfjdvGsql5acAlJ1R_iu89oVT9Dl3ArDSs-by5M/image;s=2048x1536;q=80,https://ireland.apollo.olxcdn.com/v1/files/eyJhbGciOiJIUzI1NiIsInR5cCI6IkpXVCJ9.eyJmbiI6Imgyc2oyd2NpNXU1NDMtQVBMIiwidyI6W3siZm4iOiJlbnZmcXFlMWF5NGsxLUFQTCIsInMiOiIxNiIsImEiOiIwIiwicCI6IjEwLC0xMCJ9XX0.-R3GNyTGDS5u22TH6baQ_unSLl1bNSZ7f624I4qfok8/image;s=2048x1536;q=80,https://ireland.apollo.olxcdn.com/v1/files/eyJhbGciOiJIUzI1NiIsInR5cCI6IkpXVCJ9.eyJmbiI6InM2MGZjZDlrZTZnczEtQVBMIiwidyI6W3siZm4iOiJlbnZmcXFlMWF5NGsxLUFQTCIsInMiOiIxNiIsImEiOiIwIiwicCI6IjEwLC0xMCJ9XX0.8DSUDorqKBQ0KGo6o8r-NCN5lz11QULkyvY5IswJ5So/image;s=2048x1536;q=80",,,,,
65872291,dom,NAD ŁOWISKIEM Śródka 112 m2,112,4,,630000,5625,,Śródka,Śródka,,52.29911,17.11941,,,,https://www.otodom.pl/pl/oferta/nad-lowiskiem-srodka-112-m2-ID4sooj,"https://ireland.apollo.olxcdn.com/v1/files/eyJhbGciOiJIUzI1NiIsInR5cCI6IkpXVCJ9.eyJmbiI6IjJ2Z3Y4MXE1MTN2aS1BUEwiLCJ3IjpbeyJmbiI6ImVudmZxcWUxYXk0azEtQVBMIiwicyI6IjE2IiwiYSI6IjAiLCJwIjoiMTAsLTEwIn1dfQ.n0b-hn-rpzA9--jYwk58-ZkGVc5SM8WvsrD6bJEXrtU/image;s=2048x1536;q=80,https://ireland.apollo.olxcdn.com/v1/files/eyJhbGciOiJIUzI1NiIsInR5cCI6IkpXVCJ9.eyJmbiI6InVqbDFzbHV3azhiMS1BUEwiLCJ3IjpbeyJmbiI6ImVudmZxcWUxYXk0azEtQVBMIiwicyI6IjE2IiwiYSI6IjAiLCJwIjoiMTAsLTEwIn1dfQ.tAqd6eR5YsDUqEThvc6WqLU2ACoHnYFBxCl0KZa7AZU/image;s=2048x1536;q=80,https://ireland.apollo.olxcdn.com/v1/files/eyJhbGciOiJIUzI1NiIsInR5cCI6IkpXVCJ9.eyJmbiI6IjlxdWFnMG9vZzk4cjMtQVBMIiwidyI6W3siZm4iOiJlbnZmcXFlMWF5NGsxLUFQTCIsInMiOiIxNiIsImEiOiIwIiwicCI6IjEwLC0xMCJ9XX0.bwnTz5pTLHjJQnlo6AuchjvXT2meVlDJEde9ynOIaTA/image;s=2048x1536;q=80",,,,,
67640213,dom,Strykowo | 100 m2 + ogród 330–380 m | WIDOK na JEZIORO,100.04,4,,630000,6297,ul. Pogodna,Strykowo,Strykowo,,52.265,16.61805,,,,https://www.otodom.pl/pl/oferta/strykowo-100-m2-ogrod-330380-m-widok-na-jezioro-ID4zOjb,"https://ireland.apollo.olxcdn.com/v1/files/eyJhbGciOiJIUzI1NiIsInR5cCI6IkpXVCJ9.eyJmbiI6IjBlN3VzY2QzOXMxZDEtQVBMIiwidyI6W3siZm4iOiJlbnZmcXFlMWF5NGsxLUFQTCIsInMiOiIxNiIsImEiOiIwIiwicCI6IjEwLC0xMCJ9XX0.NFFCCogqr2M0FggIyFgnq-WPeGqjO9_UajQvEJK-HNU/image;s=2048x1536;q=80,https://ireland.apollo.olxcdn.com/v1/files/eyJhbGciOiJIUzI1NiIsInR5cCI6IkpXVCJ9.eyJmbiI6InR5NHB0Y2ozaGh6MTEtQVBMIiwidyI6W3siZm4iOiJlbnZmcXFlMWF5NGsxLUFQTCIsInMiOiIxNiIsImEiOiIwIiwicCI6IjEwLC0xMCJ9XX0.ezcIZ8oKMg_NhLlqIXVJJgMJwfVNBTjQyKy3WeVYqME/image;s=2048x1536;q=80,https://ireland.apollo.olxcdn.com/v1/files/eyJhbGciOiJIUzI1NiIsInR5cCI6IkpXVCJ9.eyJmbiI6IjVjMmc1aGc1eXg0cTEtQVBMIiwidyI6W3siZm4iOiJlbnZmcXFlMWF5NGsxLUFQTCIsInMiOiIxNiIsImEiOiIwIiwicCI6IjEwLC0xMCJ9XX0.m2lqXSOmzaGjoNgwBY_Nh2HSLH87_-GllOgnqEaKwV4/image;s=2048x1536;q=80",,,,,
68061345,dom,"99m2, nowoczesna bryła, jezioro, Puszcza, piękny ogród, za płotem staw",99,4,,636600,6430,ul. Kozakowa,Łopuchowo,Łopuchowo,,52.613708,17.095353,,,,https://www.otodom.pl/pl/oferta/99m2-nowoczesna-bryla-jezioro-puszcza-piekny-ogrod-za-plotem-staw-ID4BzRD,"https://ireland.apollo.olxcdn.com/v1/files/eyJhbGciOiJIUzI1NiIsInR5cCI6IkpXVCJ9.eyJmbiI6InYzeDYyZWV0eTR6MzEtQVBMIiwidyI6W3siZm4iOiJlbnZmcXFlMWF5NGsxLUFQTCIsInMiOiIxNiIsImEiOiIwIiwicCI6IjEwLC0xMCJ9XX0.H7rw4N4U5FeB3kX4GqZe59VIUdB3MTv2QaN5bgNcgkY/image;s=2048x1536;q=80,https://ireland.apollo.olxcdn.com/v1/files/eyJhbGciOiJIUzI1NiIsInR5cCI6IkpXVCJ9.eyJmbiI6InpjYzQyaXgxbXM1cy1BUEwiLCJ3IjpbeyJmbiI6ImVudmZxcWUxYXk0azEtQVBMIiwicyI6IjE2IiwiYSI6IjAiLCJwIjoiMTAsLTEwIn1dfQ.jrbYhDx2OlBE85ATGWSpc_BTr3uwYHLOHY45OPwolP0/image;s=2048x1536;q=80,https://ireland.apollo.olxcdn.com/v1/files/eyJhbGciOiJIUzI1NiIsInR5cCI6IkpXVCJ9.eyJmbiI6ImxmOHNqbjNxbzMzYzEtQVBMIiwidyI6W3siZm4iOiJlbnZmcXFlMWF5NGsxLUFQTCIsInMiOiIxNiIsImEiOiIwIiwicCI6IjEwLC0xMCJ9XX0.oGxvSCvjLfqicgM2h4iWWs3SbUkzuq9WlZuMCj6Js4c/image;s=2048x1536;q=80",,,,,
68474756,dom,✅Szczytniki/ 4 Lokale Skrajne/ IV kw 2026✅,89.7,4,,638000,7113,Choinkowa,Szczytniki,,,52.29335,17.00518,,,,https://www.otodom.pl/pl/oferta/white-check-markszczytniki-4-lokale-skrajne-iv-kw-2026white-check-mark-ID4Djpy,"https://ireland.apollo.olxcdn.com/v1/files/eyJhbGciOiJIUzI1NiIsInR5cCI6IkpXVCJ9.eyJmbiI6ImJ3Z2hiMGtraXJkZzItRUNPU1lTVEVNIiwidyI6W3siZm4iOiJlbnZmcXFlMWF5NGsxLUFQTCIsInMiOiIxNiIsImEiOiIwIiwicCI6IjEwLC0xMCJ9XX0.jjVYkxhSIHiyROWKqPWoePGjAYYX-RPyJ-rsUacpPgA/image;s=2048x1536;q=80,https://ireland.apollo.olxcdn.com/v1/files/eyJhbGciOiJIUzI1NiIsInR5cCI6IkpXVCJ9.eyJmbiI6InczYnphaHU4cW04bzEtRUNPU1lTVEVNIiwidyI6W3siZm4iOiJlbnZmcXFlMWF5NGsxLUFQTCIsInMiOiIxNiIsImEiOiIwIiwicCI6IjEwLC0xMCJ9XX0.-gzNhWBoJ1cFrLwBhaWw6yOOiQUfhvA20bNFdio87nY/image;s=2048x1536;q=80,https://ireland.apollo.olxcdn.com/v1/files/eyJhbGciOiJIUzI1NiIsInR5cCI6IkpXVCJ9.eyJmbiI6InlmY2NqMGx0MWphaTEtRUNPU1lTVEVNIiwidyI6W3siZm4iOiJlbnZmcXFlMWF5NGsxLUFQTCIsInMiOiIxNiIsImEiOiIwIiwicCI6IjEwLC0xMCJ9XX0.8qHC7RebRgU5Q545TKoP_Ftf3_z0hkLW-0QVOx-hOxg/image;s=2048x1536;q=80",,,,,
68473439,dom,Dom gotowy do zakupu Promo/ skrajny/gaz/światłowód,89.7,4,,638000,7113,Choinkowa,Szczytniki,,,52.29489,17.00743,,,,https://www.otodom.pl/pl/oferta/dom-gotowy-do-zakupu-promo-skrajny-gaz-swiatlowod-ID4Dj4j,"https://ireland.apollo.olxcdn.com/v1/files/eyJhbGciOiJIUzI1NiIsInR5cCI6IkpXVCJ9.eyJmbiI6InNtaDBuamVvY3d6bzEtRUNPU1lTVEVNIiwidyI6W3siZm4iOiJlbnZmcXFlMWF5NGsxLUFQTCIsInMiOiIxNiIsImEiOiIwIiwicCI6IjEwLC0xMCJ9XX0.gvDNr3p_wA0NuLCPYJ1wS3D6Yyewd7zFXvu5ANmaYHA/image;s=2048x1536;q=80,https://ireland.apollo.olxcdn.com/v1/files/eyJhbGciOiJIUzI1NiIsInR5cCI6IkpXVCJ9.eyJmbiI6IjZnZDYzN3ZsNDkwcS1FQ09TWVNURU0iLCJ3IjpbeyJmbiI6ImVudmZxcWUxYXk0azEtQVBMIiwicyI6IjE2IiwiYSI6IjAiLCJwIjoiMTAsLTEwIn1dfQ.1PyRfbTid-XyJSe6dnfGoec5BejOAW6OYNyEXMATxMQ/image;s=2048x1536;q=80,https://ireland.apollo.olxcdn.com/v1/files/eyJhbGciOiJIUzI1NiIsInR5cCI6IkpXVCJ9.eyJmbiI6Im1yZHRzNnRrNDRqbjEtRUNPU1lTVEVNIiwidyI6W3siZm4iOiJlbnZmcXFlMWF5NGsxLUFQTCIsInMiOiIxNiIsImEiOiIwIiwicCI6IjEwLC0xMCJ9XX0.VB8lJtt__x5DIrNgTMr74_EYgYBlaSExdOkjEtWgxWY/image;s=2048x1536;q=80",,,,,
68464227,dom,✅Szczytniki/ 4 Lokale Skrajne/ IV kw 2026✅,89.7,4,,638000,7113,Choinkowa,Szczytniki,Szczytniki,,52.29335,17.00518,,,,https://www.otodom.pl/pl/oferta/szczytniki-4-lokale-skrajne-iv-kw-2026-ID4DgFJ,"https://ireland.apollo.olxcdn.com/v1/files/eyJhbGciOiJIUzI1NiIsInR5cCI6IkpXVCJ9.eyJmbiI6InA3cGkzMXBkMnVzYS1FQ09TWVNURU0iLCJ3IjpbeyJmbiI6ImVudmZxcWUxYXk0azEtQVBMIiwicyI6IjE2IiwiYSI6IjAiLCJwIjoiMTAsLTEwIn1dfQ.FYFE9adlC5swPETwYevz0dBbxkF-aPFvbXbKPoPK4r0/image;s=2048x1536;q=80,https://ireland.apollo.olxcdn.com/v1/files/eyJhbGciOiJIUzI1NiIsInR5cCI6IkpXVCJ9.eyJmbiI6IjBoNnEzMW1xamJrOTMtRUNPU1lTVEVNIiwidyI6W3siZm4iOiJlbnZmcXFlMWF5NGsxLUFQTCIsInMiOiIxNiIsImEiOiIwIiwicCI6IjEwLC0xMCJ9XX0.kg1KaIZPVL2XNw021rL1wpFB2VhoyPfQCzfqfRA3Rjg/image;s=2048x1536;q=80,https://ireland.apollo.olxcdn.com/v1/files/eyJhbGciOiJIUzI1NiIsInR5cCI6IkpXVCJ9.eyJmbiI6InMyd2g2bDRvdmlmOTEtRUNPU1lTVEVNIiwidyI6W3siZm4iOiJlbnZmcXFlMWF5NGsxLUFQTCIsInMiOiIxNiIsImEiOiIwIiwicCI6IjEwLC0xMCJ9XX0.v0-Poj9Pu85PeqZYFcfpLaawqUvnEFg6mvL0C-qrFtU/image;s=2048x1536;q=80",,,,,
68466441,dom,Nowoczesny dom parterowy w świetnej lokalizacji,100.3,4,,639000,6371,Bukowa 22,Niepruszewo,Niepruszewo,,52.38035,16.60985,,,,https://www.otodom.pl/pl/oferta/nowoczesny-dom-parterowy-w-swietnej-lokalizacji-ID4Dhfr,"https://ireland.apollo.olxcdn.com/v1/files/eyJhbGciOiJIUzI1NiIsInR5cCI6IkpXVCJ9.eyJmbiI6IndtNDVmeGRrZDBpYzItQVBMIiwidyI6W3siZm4iOiJlbnZmcXFlMWF5NGsxLUFQTCIsInMiOiIxNiIsImEiOiIwIiwicCI6IjEwLC0xMCJ9XX0.BY0diMGoBxgCtch3SGpU28ILD1ETAGos6XL8Ac6Ri40/image;s=2048x1536;q=80,https://ireland.apollo.olxcdn.com/v1/files/eyJhbGciOiJIUzI1NiIsInR5cCI6IkpXVCJ9.eyJmbiI6IjNwZ2VkeGtlNXA0Yi1BUEwiLCJ3IjpbeyJmbiI6ImVudmZxcWUxYXk0azEtQVBMIiwicyI6IjE2IiwiYSI6IjAiLCJwIjoiMTAsLTEwIn1dfQ.2DkhGZKD0D1UeavdePNurYIlDc9Z9znPHPorbj1C0Es/image;s=2048x1536;q=80,https://ireland.apollo.olxcdn.com/v1/files/eyJhbGciOiJIUzI1NiIsInR5cCI6IkpXVCJ9.eyJmbiI6IjZsZWs5ODYxZ3M3aDItQVBMIiwidyI6W3siZm4iOiJlbnZmcXFlMWF5NGsxLUFQTCIsInMiOiIxNiIsImEiOiIwIiwicCI6IjEwLC0xMCJ9XX0.nHSKt8jug0lQyjrkg7RNlyihzYKbylRMFXZMnnFm-AY/image;s=2048x1536;q=80",,,,,
67483154,dom,Przytulny dom z 4 pokojami w spokojnej okolicy,80,4,,639000,7988,,Tarnowo Podgórne,,,52.44947,16.67143,,,,https://www.otodom.pl/pl/oferta/przytulny-dom-z-4-pokojami-w-spokojnej-okolicy-ID4z9rY,"https://ireland.apollo.olxcdn.com/v1/files/eyJhbGciOiJIUzI1NiIsInR5cCI6IkpXVCJ9.eyJmbiI6ImZhaGw1dDhtY2IxYTItQVBMIiwidyI6W3siZm4iOiJlbnZmcXFlMWF5NGsxLUFQTCIsInMiOiIxNiIsImEiOiIwIiwicCI6IjEwLC0xMCJ9XX0.qN2R_UilzkUJ1clsKQgd5h1fwMDABXYwLkeDJFcy3IY/image;s=2048x1536;q=80,https://ireland.apollo.olxcdn.com/v1/files/eyJhbGciOiJIUzI1NiIsInR5cCI6IkpXVCJ9.eyJmbiI6InI3aTMzbDJ4NWtxcDItQVBMIiwidyI6W3siZm4iOiJlbnZmcXFlMWF5NGsxLUFQTCIsInMiOiIxNiIsImEiOiIwIiwicCI6IjEwLC0xMCJ9XX0.r7VkWfuprsy1PknJJ13iblsGwd1qGkdbIWnj4DlcjEE/image;s=2048x1536;q=80,https://ireland.apollo.olxcdn.com/v1/files/eyJhbGciOiJIUzI1NiIsInR5cCI6IkpXVCJ9.eyJmbiI6IjkyaWQya3RwNzdiNjItQVBMIiwidyI6W3siZm4iOiJlbnZmcXFlMWF5NGsxLUFQTCIsInMiOiIxNiIsImEiOiIwIiwicCI6IjEwLC0xMCJ9XX0.8WoaPIPukYFVOff4hn3VZB2hipA2G9al4JEX4mfhLZU/image;s=2048x1536;q=80",,,,,
68392842,dom,✅ Dopiewo / Dom 82 m2 / 250 m2 / 11.2026 ✅,82,4,,639000,7793,Więckowska,Dopiewiec,Dopiewo,,52.37297,16.67834,,,,https://www.otodom.pl/pl/oferta/dopiewo-dom-82-m2-250-m2-11-2026-ID4CY6m,"https://ireland.apollo.olxcdn.com/v1/files/eyJhbGciOiJIUzI1NiIsInR5cCI6IkpXVCJ9.eyJmbiI6ImI3dWE2YWlvbTcwZjEtRUNPU1lTVEVNIiwidyI6W3siZm4iOiJlbnZmcXFlMWF5NGsxLUFQTCIsInMiOiIxNiIsImEiOiIwIiwicCI6IjEwLC0xMCJ9XX0.trk-bIad0E-1GcItYd6iw4Ji2VEZ9X3Qx-8iF3pNv94/image;s=2048x1536;q=80,https://ireland.apollo.olxcdn.com/v1/files/eyJhbGciOiJIUzI1NiIsInR5cCI6IkpXVCJ9.eyJmbiI6ImtyMDk3cHNwbTFqMzEtRUNPU1lTVEVNIiwidyI6W3siZm4iOiJlbnZmcXFlMWF5NGsxLUFQTCIsInMiOiIxNiIsImEiOiIwIiwicCI6IjEwLC0xMCJ9XX0.uOF-2IQbtdo8IcQ8jO_Ez8r9PSDuH9vnxDN1aFtBItk/image;s=2048x1536;q=80,https://ireland.apollo.olxcdn.com/v1/files/eyJhbGciOiJIUzI1NiIsInR5cCI6IkpXVCJ9.eyJmbiI6Imo2ZW95cW15OHBsNjMtRUNPU1lTVEVNIiwidyI6W3siZm4iOiJlbnZmcXFlMWF5NGsxLUFQTCIsInMiOiIxNiIsImEiOiIwIiwicCI6IjEwLC0xMCJ9XX0.doMLdHu3-8RVtZUNaVtP44sjtHZyh_GKiuMjC0ZSWMQ/image;s=2048x1536;q=80",,,,,
67771485,dom,"Siekierki Wielkie 90m2, INTERNET !",90,4,,640000,7111,Cicha,Siekierki Wielkie,Siekierki Wielkie,,52.3807,17.16348,,,,https://www.otodom.pl/pl/oferta/siekierki-wielkie-90m2-internet-ID4Amst,"https://ireland.apollo.olxcdn.com/v1/files/eyJhbGciOiJIUzI1NiIsInR5cCI6IkpXVCJ9.eyJmbiI6IjJmMWRkNmx3cWI3MjMtQVBMIiwidyI6W3siZm4iOiJlbnZmcXFlMWF5NGsxLUFQTCIsInMiOiIxNiIsImEiOiIwIiwicCI6IjEwLC0xMCJ9XX0.K__xOq1voftSIo5I8-C4HdNy0aQBdlu1qT-tFBTSnPE/image;s=2048x1536;q=80,https://ireland.apollo.olxcdn.com/v1/files/eyJhbGciOiJIUzI1NiIsInR5cCI6IkpXVCJ9.eyJmbiI6Im9wdnhpYmd5YzJ0ay1BUEwiLCJ3IjpbeyJmbiI6ImVudmZxcWUxYXk0azEtQVBMIiwicyI6IjE2IiwiYSI6IjAiLCJwIjoiMTAsLTEwIn1dfQ.yypaTsuOBlklPVR3mI5muyb7-COWc4EAwoH-dRuCrA4/image;s=2048x1536;q=80,https://ireland.apollo.olxcdn.com/v1/files/eyJhbGciOiJIUzI1NiIsInR5cCI6IkpXVCJ9.eyJmbiI6IjN2MzBibWc3eG1kczItQVBMIiwidyI6W3siZm4iOiJlbnZmcXFlMWF5NGsxLUFQTCIsInMiOiIxNiIsImEiOiIwIiwicCI6IjEwLC0xMCJ9XX0.u54X8ONeAVsgva9c8clz7n1l00mFMOJ6IOp69aVNX9U/image;s=2048x1536;q=80",,,,,
67798753,dom,"Dom z dużą działką , Gowarzewo, ul. Borówkowa , 86 m² , działka 385 m²",86,4,,640000,7442,ul. Borówkowa,Gowarzewo,,,52.36988,17.14877,,,,https://www.otodom.pl/pl/oferta/dom-z-duza-dzialka-gowarzewo-ul-borowkowa-86-m-dzialka-385-m-ID4Atyh,"https://ireland.apollo.olxcdn.com/v1/files/eyJhbGciOiJIUzI1NiIsInR5cCI6IkpXVCJ9.eyJmbiI6ImtnMThvdnBldXp3YzEtQVBMIiwidyI6W3siZm4iOiJlbnZmcXFlMWF5NGsxLUFQTCIsInMiOiIxNiIsImEiOiIwIiwicCI6IjEwLC0xMCJ9XX0.YHPqMiZcC299xhOcGiWEpbsGFF26oXTsK-VqwTUSoPM/image;s=2048x1536;q=80,https://ireland.apollo.olxcdn.com/v1/files/eyJhbGciOiJIUzI1NiIsInR5cCI6IkpXVCJ9.eyJmbiI6IjA1aHlobWs4eDlrZC1BUEwiLCJ3IjpbeyJmbiI6ImVudmZxcWUxYXk0azEtQVBMIiwicyI6IjE2IiwiYSI6IjAiLCJwIjoiMTAsLTEwIn1dfQ.apCRLUIRJcd16uTpkPCFixQC-2yXZQmgaFaKG2HscIQ/image;s=2048x1536;q=80,https://ireland.apollo.olxcdn.com/v1/files/eyJhbGciOiJIUzI1NiIsInR5cCI6IkpXVCJ9.eyJmbiI6Im9nZmM4Y3d6Zmk0cDItQVBMIiwidyI6W3siZm4iOiJlbnZmcXFlMWF5NGsxLUFQTCIsInMiOiIxNiIsImEiOiIwIiwicCI6IjEwLC0xMCJ9XX0.yFDEKRH9Wm-5Ir-JXp_jLjmYbe89dW-EDQ-LJ1FFmNI/image;s=2048x1536;q=80",,,,,
68383790,dom,Skrajny segment 4 pok.  | ogródek  | 2 miejsca postojowe,88.25,4,,645000,7309,,Gwiazdowo,Kostrzyn,Domy w Gwiazdowie,52.40823,17.21717,,,,https://www.otodom.pl/pl/oferta/skrajny-segment-4-pok-ogrodek-2-miejsca-postojowe-ID4CWKm,"https://ireland.apollo.olxcdn.com/v1/files/eyJhbGciOiJIUzI1NiIsInR5cCI6IkpXVCJ9.eyJmbiI6ImRvcnc5c3dzMGF1NDMtQVBMIiwidyI6W3siZm4iOiJlbnZmcXFlMWF5NGsxLUFQTCIsInMiOiIxNiIsImEiOiIwIiwicCI6IjEwLC0xMCJ9XX0.RCjrLYhdRQ0N92oxHhFfn84FtiF6i3fbuT3eZqYUS3Q/image;s=2048x1536;q=80,https://ireland.apollo.olxcdn.com/v1/files/eyJhbGciOiJIUzI1NiIsInR5cCI6IkpXVCJ9.eyJmbiI6IjNpOGF5cGp3dmxtbzEtQVBMIiwidyI6W3siZm4iOiJlbnZmcXFlMWF5NGsxLUFQTCIsInMiOiIxNiIsImEiOiIwIiwicCI6IjEwLC0xMCJ9XX0.SWdFBzVexR3sBHZmP6EL2deq7MzODHcxYUZTBGzOpFY/image;s=2048x1536;q=80,https://ireland.apollo.olxcdn.com/v1/files/eyJhbGciOiJIUzI1NiIsInR5cCI6IkpXVCJ9.eyJmbiI6Imk1ejRoYTZyaHM2cS1BUEwiLCJ3IjpbeyJmbiI6ImVudmZxcWUxYXk0azEtQVBMIiwicyI6IjE2IiwiYSI6IjAiLCJwIjoiMTAsLTEwIn1dfQ.FjH6g7o3cWnPuXMtuQSIayt4Xexc6WZMyZrU1Xv015M/image;s=2048x1536;q=80",,,,,
68313448,dom,"Nowoczesny, przestronny dom z ogrodem 500 m²",90,4,,649000,7211,,Rokietnica,,,52.51359,16.74704,,,,https://www.otodom.pl/pl/oferta/nowoczesny-przestronny-dom-z-ogrodem-500-m-ID4CDrO,"https://ireland.apollo.olxcdn.com/v1/files/eyJhbGciOiJIUzI1NiIsInR5cCI6IkpXVCJ9.eyJmbiI6ImVjYnByNXRsYmNuNi1BUEwiLCJ3IjpbeyJmbiI6ImVudmZxcWUxYXk0azEtQVBMIiwicyI6IjE2IiwiYSI6IjAiLCJwIjoiMTAsLTEwIn1dfQ.D46DSe1jIg7Gq9rYOllXM5D-CSoNLCY4KW-QooOhEgE/image;s=2048x1536;q=80,https://ireland.apollo.olxcdn.com/v1/files/eyJhbGciOiJIUzI1NiIsInR5cCI6IkpXVCJ9.eyJmbiI6ImE3MTA4aHpkbnlsMi1BUEwiLCJ3IjpbeyJmbiI6ImVudmZxcWUxYXk0azEtQVBMIiwicyI6IjE2IiwiYSI6IjAiLCJwIjoiMTAsLTEwIn1dfQ.1huvooHu96EFkKlFAT63h2jCaKEMifMRngHwFeo_ai8/image;s=2048x1536;q=80,https://ireland.apollo.olxcdn.com/v1/files/eyJhbGciOiJIUzI1NiIsInR5cCI6IkpXVCJ9.eyJmbiI6Inhpa3ExMXBuazgxay1BUEwiLCJ3IjpbeyJmbiI6ImVudmZxcWUxYXk0azEtQVBMIiwicyI6IjE2IiwiYSI6IjAiLCJwIjoiMTAsLTEwIn1dfQ.jQdLk926DDRs5q0zne4-6NWv6OCkMV0xKZ9LR7XJJjI/image;s=2048x1536;q=80",,,,,
68448527,dom,"Pobiedziska, ul. Główna / Sąsiedzka, bliźniak 97 m2",97,4,,649000,6691,ul. Główna,Pobiedziska,Pobiedziska,,52.48662,17.29178,,,,https://www.otodom.pl/pl/oferta/pobiedziska-ul-glowna-sasiedzka-blizniak-97-m2-ID4DcAw,"https://ireland.apollo.olxcdn.com/v1/files/eyJhbGciOiJIUzI1NiIsInR5cCI6IkpXVCJ9.eyJmbiI6InVpamx0dG5yZmFoNi1BUEwiLCJ3IjpbeyJmbiI6ImVudmZxcWUxYXk0azEtQVBMIiwicyI6IjE2IiwiYSI6IjAiLCJwIjoiMTAsLTEwIn1dfQ.NGJ26Zu3Jmj1fNDN6q8wkcWutKc1L36F9b0sGmu16WI/image;s=2048x1536;q=80,https://ireland.apollo.olxcdn.com/v1/files/eyJhbGciOiJIUzI1NiIsInR5cCI6IkpXVCJ9.eyJmbiI6InYzMjJld2Uydm5wcTMtQVBMIiwidyI6W3siZm4iOiJlbnZmcXFlMWF5NGsxLUFQTCIsInMiOiIxNiIsImEiOiIwIiwicCI6IjEwLC0xMCJ9XX0.OjKme-zEFj-raI5d1QcGi1AR-DXus9QSbxq2hNdeOdI/image;s=2048x1536;q=80,https://ireland.apollo.olxcdn.com/v1/files/eyJhbGciOiJIUzI1NiIsInR5cCI6IkpXVCJ9.eyJmbiI6Inpwcnlvb2NjejNvODEtQVBMIiwidyI6W3siZm4iOiJlbnZmcXFlMWF5NGsxLUFQTCIsInMiOiIxNiIsImEiOiIwIiwicCI6IjEwLC0xMCJ9XX0.IBq7hDPJPwY-AnEqjkNLnWSvMEl9e9fMypYnKVn8VBg/image;s=2048x1536;q=80",,,,,
68448394,dom,"Pobiedziska, ul. Główna / Sąsiedzka, bliźniak 97 m2",97,4,,649000,6691,ul. Główna,Pobiedziska,Pobiedziska,,52.48666,17.29164,,,,https://www.otodom.pl/pl/oferta/pobiedziska-ul-glowna-sasiedzka-blizniak-97-m2-ID4Dcym,"https://ireland.apollo.olxcdn.com/v1/files/eyJhbGciOiJIUzI1NiIsInR5cCI6IkpXVCJ9.eyJmbiI6Ijl3eDM1bTIwOWJyOC1BUEwiLCJ3IjpbeyJmbiI6ImVudmZxcWUxYXk0azEtQVBMIiwicyI6IjE2IiwiYSI6IjAiLCJwIjoiMTAsLTEwIn1dfQ.4fjaukojWzZt4-lMnulg8EesVvIyWDesPPL_aBYhKOQ/image;s=2048x1536;q=80,https://ireland.apollo.olxcdn.com/v1/files/eyJhbGciOiJIUzI1NiIsInR5cCI6IkpXVCJ9.eyJmbiI6ImkyZnJkaTBqaWFmYy1BUEwiLCJ3IjpbeyJmbiI6ImVudmZxcWUxYXk0azEtQVBMIiwicyI6IjE2IiwiYSI6IjAiLCJwIjoiMTAsLTEwIn1dfQ.yEzeLg__N2OGm-Y6ZKfoKckkmz7KWhbsgWu3i6ns0uE/image;s=2048x1536;q=80,https://ireland.apollo.olxcdn.com/v1/files/eyJhbGciOiJIUzI1NiIsInR5cCI6IkpXVCJ9.eyJmbiI6Im56bWR6eGdndnB1djItQVBMIiwidyI6W3siZm4iOiJlbnZmcXFlMWF5NGsxLUFQTCIsInMiOiIxNiIsImEiOiIwIiwicCI6IjEwLC0xMCJ9XX0.-W8HOThGGrLGufOiiTePB8u9V6GTR3UEFv8-O8JyjeQ/image;s=2048x1536;q=80",,,,,
68455105,dom,✅Krosinko - Mosina/ I Etap  / Działka 435 m2✅,100.55,5,,649000,6454,,Krosinko,Krosinko,,52.22798,16.82342,,,,https://www.otodom.pl/pl/oferta/krosinko-mosina-i-etap-dzialka-435-m2-ID4DeiB,"https://ireland.apollo.olxcdn.com/v1/files/eyJhbGciOiJIUzI1NiIsInR5cCI6IkpXVCJ9.eyJmbiI6InZ4NXA2bHNza3l2YjEtRUNPU1lTVEVNIiwidyI6W3siZm4iOiJlbnZmcXFlMWF5NGsxLUFQTCIsInMiOiIxNiIsImEiOiIwIiwicCI6IjEwLC0xMCJ9XX0.zFP3EAOvB2prTk-_6h_KgvBf8jhcouPVj-0NRC5V9l4/image;s=2048x1536;q=80,https://ireland.apollo.olxcdn.com/v1/files/eyJhbGciOiJIUzI1NiIsInR5cCI6IkpXVCJ9.eyJmbiI6Im5wN3NzNWgwOTJ1dy1FQ09TWVNURU0iLCJ3IjpbeyJmbiI6ImVudmZxcWUxYXk0azEtQVBMIiwicyI6IjE2IiwiYSI6IjAiLCJwIjoiMTAsLTEwIn1dfQ.ztAqIsrJnXA38XukeyVib6RsqTpdCPjysIO3K1mcmoc/image;s=2048x1536;q=80,https://ireland.apollo.olxcdn.com/v1/files/eyJhbGciOiJIUzI1NiIsInR5cCI6IkpXVCJ9.eyJmbiI6InJzbWEyc21qdXM5bjMtRUNPU1lTVEVNIiwidyI6W3siZm4iOiJlbnZmcXFlMWF5NGsxLUFQTCIsInMiOiIxNiIsImEiOiIwIiwicCI6IjEwLC0xMCJ9XX0.NdC3MMAPhsXK2LipPXHmqIn9_gApquG3ovN_cske57k/image;s=2048x1536;q=80",,,,,
68453581,dom,✅Sierniki / działka 640 m2 /  4pokoje+salon ✅,107,5,,649000,6065,,Krosinko,Mosina,,52.22955,16.81945,,,,https://www.otodom.pl/pl/oferta/sierniki-dzialka-640-m2-4pokoje-salon-ID4DdU1,"https://ireland.apollo.olxcdn.com/v1/files/eyJhbGciOiJIUzI1NiIsInR5cCI6IkpXVCJ9.eyJmbiI6IjM5OWtlZXA5bWw2NzItRUNPU1lTVEVNIiwidyI6W3siZm4iOiJlbnZmcXFlMWF5NGsxLUFQTCIsInMiOiIxNiIsImEiOiIwIiwicCI6IjEwLC0xMCJ9XX0.OQ65UVKwjscgSo5OTDhPKHussRQ7ovU_zuWDxCsUEeI/image;s=2048x1536;q=80,https://ireland.apollo.olxcdn.com/v1/files/eyJhbGciOiJIUzI1NiIsInR5cCI6IkpXVCJ9.eyJmbiI6ImtveHN5c3Q4Y2Zqbi1FQ09TWVNURU0iLCJ3IjpbeyJmbiI6ImVudmZxcWUxYXk0azEtQVBMIiwicyI6IjE2IiwiYSI6IjAiLCJwIjoiMTAsLTEwIn1dfQ.NC64wkJ-DL7KZcRo_R1t1NIq-yB0-Lo9ENgfQi3MdvM/image;s=2048x1536;q=80,https://ireland.apollo.olxcdn.com/v1/files/eyJhbGciOiJIUzI1NiIsInR5cCI6IkpXVCJ9.eyJmbiI6IjB0Z3YyYWYyeDY0NjItRUNPU1lTVEVNIiwidyI6W3siZm4iOiJlbnZmcXFlMWF5NGsxLUFQTCIsInMiOiIxNiIsImEiOiIwIiwicCI6IjEwLC0xMCJ9XX0.ZKyCm6VZC38k083TSfV8jizoD1NxXQHiFmYnFTRR_rM/image;s=2048x1536;q=80",,,,,
68448647,dom,"Pobiedziska, ul. Główna / Sąsiedzka, bliźniak 97 m2",97,4,,649000,6691,ul. Główna,Pobiedziska,Pobiedziska,,52.48666,17.29178,,,,https://www.otodom.pl/pl/oferta/pobiedziska-ul-glowna-sasiedzka-blizniak-97-m2-ID4DcCr,"https://ireland.apollo.olxcdn.com/v1/files/eyJhbGciOiJIUzI1NiIsInR5cCI6IkpXVCJ9.eyJmbiI6ImE0ZHFzbDFzdXdwZy1BUEwiLCJ3IjpbeyJmbiI6ImVudmZxcWUxYXk0azEtQVBMIiwicyI6IjE2IiwiYSI6IjAiLCJwIjoiMTAsLTEwIn1dfQ.PG4cgJHUqyrlIiMfalFr7ZAS5tYHqfty4QE9ve1SRK8/image;s=2048x1536;q=80,https://ireland.apollo.olxcdn.com/v1/files/eyJhbGciOiJIUzI1NiIsInR5cCI6IkpXVCJ9.eyJmbiI6IndxdDhsMDAyOGh3azEtQVBMIiwidyI6W3siZm4iOiJlbnZmcXFlMWF5NGsxLUFQTCIsInMiOiIxNiIsImEiOiIwIiwicCI6IjEwLC0xMCJ9XX0.0-NXvJ8Ea1R2mTR4K1wIt2coPNWVCbsPBGEHSnmsj1g/image;s=2048x1536;q=80,https://ireland.apollo.olxcdn.com/v1/files/eyJhbGciOiJIUzI1NiIsInR5cCI6IkpXVCJ9.eyJmbiI6IjZpcGQ2ajRnN3A5ajEtQVBMIiwidyI6W3siZm4iOiJlbnZmcXFlMWF5NGsxLUFQTCIsInMiOiIxNiIsImEiOiIwIiwicCI6IjEwLC0xMCJ9XX0.p4Bk69NHGHi8c2-RHJkffjtMHXC1F5o0Gjejgky0AQE/image;s=2048x1536;q=80",,,,,
68393207,dom,✅Sierniki / działka 640 m2 /  4pokoje+salon ✅,107,5,,649000,6065,,Krosinko,Krosno,,52.22795,16.82339,,,,https://www.otodom.pl/pl/oferta/sierniki-dzialka-640-m2-4pokoje-salon-ID4CYcf,"https://ireland.apollo.olxcdn.com/v1/files/eyJhbGciOiJIUzI1NiIsInR5cCI6IkpXVCJ9.eyJmbiI6Inh5c2F2MXVpMHBpaC1FQ09TWVNURU0iLCJ3IjpbeyJmbiI6ImVudmZxcWUxYXk0azEtQVBMIiwicyI6IjE2IiwiYSI6IjAiLCJwIjoiMTAsLTEwIn1dfQ.8RYIrTl_c2LtxAu54zG3eTxt1igVfzscA9JA-028lJY/image;s=2048x1536;q=80,https://ireland.apollo.olxcdn.com/v1/files/eyJhbGciOiJIUzI1NiIsInR5cCI6IkpXVCJ9.eyJmbiI6ImhmM3Bhd2Fib3Roay1FQ09TWVNURU0iLCJ3IjpbeyJmbiI6ImVudmZxcWUxYXk0azEtQVBMIiwicyI6IjE2IiwiYSI6IjAiLCJwIjoiMTAsLTEwIn1dfQ.ljf6tDja9A0N4J7TKAks2f_B-Gd2wkFMMFoMuazaaYA/image;s=2048x1536;q=80,https://ireland.apollo.olxcdn.com/v1/files/eyJhbGciOiJIUzI1NiIsInR5cCI6IkpXVCJ9.eyJmbiI6InlqajFrM2R3YmEzcS1FQ09TWVNURU0iLCJ3IjpbeyJmbiI6ImVudmZxcWUxYXk0azEtQVBMIiwicyI6IjE2IiwiYSI6IjAiLCJwIjoiMTAsLTEwIn1dfQ.OLoMOyDzII2jjjIop15vEy47Kfb8XBIlpsg3lkF2_u8/image;s=2048x1536;q=80",,,,,
68380616,dom,✅Krosinko - Mosina/ I Etap  / Działka 435 m2✅,100.55,5,,649000,6454,,Krosinko,,,52.22798,16.82342,,,,https://www.otodom.pl/pl/oferta/white-check-markkrosinko-mosina-i-etap-dzialka-435-m2white-check-mark-ID4CUWa,"https://ireland.apollo.olxcdn.com/v1/files/eyJhbGciOiJIUzI1NiIsInR5cCI6IkpXVCJ9.eyJmbiI6ImU3dmJibnU1bmRueDItRUNPU1lTVEVNIiwidyI6W3siZm4iOiJlbnZmcXFlMWF5NGsxLUFQTCIsInMiOiIxNiIsImEiOiIwIiwicCI6IjEwLC0xMCJ9XX0.9DH5BLWDBuDMvXRDe7kNUX6T6T1IpSntK5MnqHTjSYY/image;s=2048x1536;q=80,https://ireland.apollo.olxcdn.com/v1/files/eyJhbGciOiJIUzI1NiIsInR5cCI6IkpXVCJ9.eyJmbiI6InRseTFsNncybmRnaTMtRUNPU1lTVEVNIiwidyI6W3siZm4iOiJlbnZmcXFlMWF5NGsxLUFQTCIsInMiOiIxNiIsImEiOiIwIiwicCI6IjEwLC0xMCJ9XX0.Y1iPBE_7N8X65HwpTS9EwhJvgFA6qROAOW6fMHjf9Wk/image;s=2048x1536;q=80,https://ireland.apollo.olxcdn.com/v1/files/eyJhbGciOiJIUzI1NiIsInR5cCI6IkpXVCJ9.eyJmbiI6IjI1bm9vNHVxdzBvNy1FQ09TWVNURU0iLCJ3IjpbeyJmbiI6ImVudmZxcWUxYXk0azEtQVBMIiwicyI6IjE2IiwiYSI6IjAiLCJwIjoiMTAsLTEwIn1dfQ.8og2CMhDaI-r9-XBDayYl6nbp5OY1Ocz37VDB7EsQq0/image;s=2048x1536;q=80",,,,,
68000041,dom,Ostatni lokal - Południowa strona,96,4,,649000,6760,,Mrowino,,,52.51897,16.71284,,,,https://www.otodom.pl/pl/oferta/ostatni-lokal-poludniowa-strona-ID4BjUR,"https://ireland.apollo.olxcdn.com/v1/files/eyJhbGciOiJIUzI1NiIsInR5cCI6IkpXVCJ9.eyJmbiI6InNsY2Q4NGJzbG9kNzItQVBMIiwidyI6W3siZm4iOiJlbnZmcXFlMWF5NGsxLUFQTCIsInMiOiIxNiIsImEiOiIwIiwicCI6IjEwLC0xMCJ9XX0.gudcwiivVEF5X6wXUVmVi7ovjOzWmLXOKYBwWqjliWA/image;s=2048x1536;q=80,https://ireland.apollo.olxcdn.com/v1/files/eyJhbGciOiJIUzI1NiIsInR5cCI6IkpXVCJ9.eyJmbiI6InB3bzhldzd3bmViLUFQTCIsInciOlt7ImZuIjoiZW52ZnFxZTFheTRrMS1BUEwiLCJzIjoiMTYiLCJhIjoiMCIsInAiOiIxMCwtMTAifV19.G83xTP3JhjkZrynDbSY-pIB5YvLmzxDccxcEsL4q4ZM/image;s=2048x1536;q=80,https://ireland.apollo.olxcdn.com/v1/files/eyJhbGciOiJIUzI1NiIsInR5cCI6IkpXVCJ9.eyJmbiI6IjBia2lzcmRxa3VsMy1BUEwiLCJ3IjpbeyJmbiI6ImVudmZxcWUxYXk0azEtQVBMIiwicyI6IjE2IiwiYSI6IjAiLCJwIjoiMTAsLTEwIn1dfQ.2_WP4Cm6XhjUIu7cYRuJC47g8uq7NL8bycYqsMwBTgc/image;s=2048x1536;q=80",,,,,
66614540,dom,Domy Osiedle Makowe ul. Gnieźnieńska,107.17,4,,650000,6065,,Murowana Goślina,Murowana Goślina,,52.57181,17.02344,,,,https://www.otodom.pl/pl/oferta/domy-osiedle-makowe-ul-gnieznienska-ID4wwu4,"https://ireland.apollo.olxcdn.com/v1/files/eyJhbGciOiJIUzI1NiIsInR5cCI6IkpXVCJ9.eyJmbiI6Ijk2dmRwOTg4ZHB4YTItQVBMIiwidyI6W3siZm4iOiJlbnZmcXFlMWF5NGsxLUFQTCIsInMiOiIxNiIsImEiOiIwIiwicCI6IjEwLC0xMCJ9XX0.wa3sN5oOHjfXf7GTqt4VgrqHaJrmU-9PMsM5cYng40Y/image;s=2048x1536;q=80,https://ireland.apollo.olxcdn.com/v1/files/eyJhbGciOiJIUzI1NiIsInR5cCI6IkpXVCJ9.eyJmbiI6IjJjY3V4b3p4ejJhcDEtQVBMIiwidyI6W3siZm4iOiJlbnZmcXFlMWF5NGsxLUFQTCIsInMiOiIxNiIsImEiOiIwIiwicCI6IjEwLC0xMCJ9XX0.cpaNfsfDOEvnOtMIuG19g0--esLnDLu5MHib0j94X5g/image;s=2048x1536;q=80,https://ireland.apollo.olxcdn.com/v1/files/eyJhbGciOiJIUzI1NiIsInR5cCI6IkpXVCJ9.eyJmbiI6ImNkNnF5d3EwY3B4cDItQVBMIiwidyI6W3siZm4iOiJlbnZmcXFlMWF5NGsxLUFQTCIsInMiOiIxNiIsImEiOiIwIiwicCI6IjEwLC0xMCJ9XX0.ahHwd3jp7-PYUByLWMNXu-LWZmyZBPP90utP4GTFReQ/image;s=2048x1536;q=80",,,,,
65002682,dom,"Dom, 101,60 m², Potasze",101.6,5,,650000,6398,,Potasze,Potasze,,52.5241,17.02602,,,,https://www.otodom.pl/pl/oferta/dom-101-60-m-potasze-ID4oKam,"https://ireland.apollo.olxcdn.com/v1/files/eyJhbGciOiJIUzI1NiIsInR5cCI6IkpXVCJ9.eyJmbiI6ImltM3IwbHFxb3hoNC1BUEwiLCJ3IjpbeyJmbiI6ImVudmZxcWUxYXk0azEtQVBMIiwicyI6IjE2IiwiYSI6IjAiLCJwIjoiMTAsLTEwIn1dfQ.KgbVqKfVZ3ut65MSTbZz4vKuWmTydogSTF_G75ZzGmU/image;s=2048x1536;q=80,https://ireland.apollo.olxcdn.com/v1/files/eyJhbGciOiJIUzI1NiIsInR5cCI6IkpXVCJ9.eyJmbiI6ImpneHUwMmFiemp1ZTMtQVBMIiwidyI6W3siZm4iOiJlbnZmcXFlMWF5NGsxLUFQTCIsInMiOiIxNiIsImEiOiIwIiwicCI6IjEwLC0xMCJ9XX0.iv-1rEvNQukTJJhRtf6qWFA8G96XGpTNDHC3a3cyz0A/image;s=2048x1536;q=80,https://ireland.apollo.olxcdn.com/v1/files/eyJhbGciOiJIUzI1NiIsInR5cCI6IkpXVCJ9.eyJmbiI6Inc2Z2R1d2V3ZWUxZDItQVBMIiwidyI6W3siZm4iOiJlbnZmcXFlMWF5NGsxLUFQTCIsInMiOiIxNiIsImEiOiIwIiwicCI6IjEwLC0xMCJ9XX0.8aQJqAbwAfr1kNrvzn6D95BRVmgpIH8SypqZ2ET0F-w/image;s=2048x1536;q=80",,,,,
67297337,dom,Dom w zabudowie dwulokalowej 117m2 ! Działka ze ścianą LASU,117.28,4,,650000,5542,,Kórnik,Kórnik,,52.24811,17.08378,,,,https://www.otodom.pl/pl/oferta/dom-w-zabudowie-dwulokalowej-117m2-dzialka-ze-sciana-lasu-ID4yn6W,"https://ireland.apollo.olxcdn.com/v1/files/eyJhbGciOiJIUzI1NiIsInR5cCI6IkpXVCJ9.eyJmbiI6InMyaDk2cHk5bnR0aTEtQVBMIiwidyI6W3siZm4iOiJlbnZmcXFlMWF5NGsxLUFQTCIsInMiOiIxNiIsImEiOiIwIiwicCI6IjEwLC0xMCJ9XX0.vVS109tneUr48zVSi7tAwT4DMuagvxq8d7cLXK-o4dU/image;s=2048x1536;q=80,https://ireland.apollo.olxcdn.com/v1/files/eyJhbGciOiJIUzI1NiIsInR5cCI6IkpXVCJ9.eyJmbiI6InVvdDN1amd2YW91bzItQVBMIiwidyI6W3siZm4iOiJlbnZmcXFlMWF5NGsxLUFQTCIsInMiOiIxNiIsImEiOiIwIiwicCI6IjEwLC0xMCJ9XX0.5B1_uwlsw7C2TwF1AVM6rpdmXic8xtnhKfaGE-1YVHA/image;s=2048x1536;q=80,https://ireland.apollo.olxcdn.com/v1/files/eyJhbGciOiJIUzI1NiIsInR5cCI6IkpXVCJ9.eyJmbiI6ImM5NTFnODdudnJscjItQVBMIiwidyI6W3siZm4iOiJlbnZmcXFlMWF5NGsxLUFQTCIsInMiOiIxNiIsImEiOiIwIiwicCI6IjEwLC0xMCJ9XX0.RKWrUwl5DyayYFY-StY5yONiZhOKBQclFaZs6-_Pdls/image;s=2048x1536;q=80",,,,,
66477734,dom,Bliźniak| Ceradz Kościelny| w otoczeniu zieleni,93.5,4,,650000,6952,,Ceradz Kościelny,Ceradz Kościelny,,52.43413,16.59335,,,,https://www.otodom.pl/pl/oferta/blizniak-ceradz-koscielny-w-otoczeniu-zieleni-ID4uWTv,"https://ireland.apollo.olxcdn.com/v1/files/eyJhbGciOiJIUzI1NiIsInR5cCI6IkpXVCJ9.eyJmbiI6ImFxemM0Z2RodTV3LUVDT1NZU1RFTSIsInciOlt7ImZuIjoiZW52ZnFxZTFheTRrMS1BUEwiLCJzIjoiMTYiLCJhIjoiMCIsInAiOiIxMCwtMTAifV19.4v1I1FQRTk321sdhS8sBWqL8MF53hD5u-KiRGJK03pA/image;s=2048x1536;q=80,https://ireland.apollo.olxcdn.com/v1/files/eyJhbGciOiJIUzI1NiIsInR5cCI6IkpXVCJ9.eyJmbiI6IjVocW44MWQ4bTc4ZTMtRUNPU1lTVEVNIiwidyI6W3siZm4iOiJlbnZmcXFlMWF5NGsxLUFQTCIsInMiOiIxNiIsImEiOiIwIiwicCI6IjEwLC0xMCJ9XX0.8VJ3Oe3knDVt9Evgauk4tWOSrO7TaEhfZAIqZxYyD8c/image;s=2048x1536;q=80,https://ireland.apollo.olxcdn.com/v1/files/eyJhbGciOiJIUzI1NiIsInR5cCI6IkpXVCJ9.eyJmbiI6IjZwcWh0OWsxMDE2ZC1FQ09TWVNURU0iLCJ3IjpbeyJmbiI6ImVudmZxcWUxYXk0azEtQVBMIiwicyI6IjE2IiwiYSI6IjAiLCJwIjoiMTAsLTEwIn1dfQ.H8tA4ZfK2TVtOVIfP2-CcxYcF0CvJnlZvCBJbtTWo7Q/image;s=2048x1536;q=80",,,,,
64966722,dom,"Dom, 101,60 m², Bolechówko",101.6,5,,650000,6398,,Bolechówko,Bolechówko,,52.52522,17.00254,,,,https://www.otodom.pl/pl/oferta/dom-101-60-m-bolechowko-ID4oAOm,"https://ireland.apollo.olxcdn.com/v1/files/eyJhbGciOiJIUzI1NiIsInR5cCI6IkpXVCJ9.eyJmbiI6InZ5cHZrcmFiMHJzdjItQVBMIiwidyI6W3siZm4iOiJlbnZmcXFlMWF5NGsxLUFQTCIsInMiOiIxNiIsImEiOiIwIiwicCI6IjEwLC0xMCJ9XX0.a9GCG70-JwENTan3CY0ZnBVjdVKdMNfSw1ibPgwEv-w/image;s=2048x1536;q=80,https://ireland.apollo.olxcdn.com/v1/files/eyJhbGciOiJIUzI1NiIsInR5cCI6IkpXVCJ9.eyJmbiI6ImZjMzZ4eXFpMXNsaDMtQVBMIiwidyI6W3siZm4iOiJlbnZmcXFlMWF5NGsxLUFQTCIsInMiOiIxNiIsImEiOiIwIiwicCI6IjEwLC0xMCJ9XX0.NJagPV8Khsh56Gezt0ma9sc9LYx6Dbm6XEfPSJa8nzo/image;s=2048x1536;q=80,https://ireland.apollo.olxcdn.com/v1/files/eyJhbGciOiJIUzI1NiIsInR5cCI6IkpXVCJ9.eyJmbiI6InpsMzJyYnhscWxqNS1BUEwiLCJ3IjpbeyJmbiI6ImVudmZxcWUxYXk0azEtQVBMIiwicyI6IjE2IiwiYSI6IjAiLCJwIjoiMTAsLTEwIn1dfQ.bq58AS_DBfT1dw6S2QkxbJL3BVcyC3oUSDugdL5m3Gs/image;s=2048x1536;q=80",,,,,
67630535,dom,"4 pokojowy dom w spokojnej okolicy z świetnym dojazdem, ostatni dom",94,4,,650000,6915,,Trzcielin,Trzcielin,,52.32499,16.6891,,,,https://www.otodom.pl/pl/oferta/4-pokojowy-dom-w-spokojnej-okolicy-z-swietnym-dojazdem-ostatni-dom-ID4zLN5,"https://ireland.apollo.olxcdn.com/v1/files/eyJhbGciOiJIUzI1NiIsInR5cCI6IkpXVCJ9.eyJmbiI6IjRiNThzaDQ0bGs2My1BUEwiLCJ3IjpbeyJmbiI6ImVudmZxcWUxYXk0azEtQVBMIiwicyI6IjE2IiwiYSI6IjAiLCJwIjoiMTAsLTEwIn1dfQ.9I6AEY0yHPDKBmDlXn_TH4QqY3cFxi47Bhifbv-kNrM/image;s=2048x1536;q=80,https://ireland.apollo.olxcdn.com/v1/files/eyJhbGciOiJIUzI1NiIsInR5cCI6IkpXVCJ9.eyJmbiI6InV1ZmF2a253N2lqMTEtQVBMIiwidyI6W3siZm4iOiJlbnZmcXFlMWF5NGsxLUFQTCIsInMiOiIxNiIsImEiOiIwIiwicCI6IjEwLC0xMCJ9XX0.pa2Xp9tijkoHt_UOTv4z-ZzxPWSGTxJmQ76unSqcmRs/image;s=2048x1536;q=80,https://ireland.apollo.olxcdn.com/v1/files/eyJhbGciOiJIUzI1NiIsInR5cCI6IkpXVCJ9.eyJmbiI6ImJ1YmVwaTViZDhteTEtQVBMIiwidyI6W3siZm4iOiJlbnZmcXFlMWF5NGsxLUFQTCIsInMiOiIxNiIsImEiOiIwIiwicCI6IjEwLC0xMCJ9XX0.oBoEsNG32FZLxoPydndOf6keliU65BWHBtW0krN25NQ/image;s=2048x1536;q=80",,,,,
68268714,mieszkanie,Szereg dwulokalowy PREMIUM w Biedrusku,98,3,1,655000,6684,Piaskowa,Biedrusko,Poznań,,52.54318,16.94422,,,,https://www.otodom.pl/pl/oferta/szereg-dwulokalowy-premium-w-biedrusku-ID4CrOi,"https://ireland.apollo.olxcdn.com/v1/files/eyJhbGciOiJIUzI1NiIsInR5cCI6IkpXVCJ9.eyJmbiI6IjN4aTIwdXRpNzlwYS1FQ09TWVNURU0iLCJ3IjpbeyJmbiI6ImVudmZxcWUxYXk0azEtQVBMIiwicyI6IjE2IiwiYSI6IjAiLCJwIjoiMTAsLTEwIn1dfQ.BG8g0Zrj2VFD7Qq_7PUvgHMUfMaUR5IyPnGsr64Bz_k/image;s=2048x1536;q=80,https://ireland.apollo.olxcdn.com/v1/files/eyJhbGciOiJIUzI1NiIsInR5cCI6IkpXVCJ9.eyJmbiI6ImVvYjd6cGdjcmIwNjMtRUNPU1lTVEVNIiwidyI6W3siZm4iOiJlbnZmcXFlMWF5NGsxLUFQTCIsInMiOiIxNiIsImEiOiIwIiwicCI6IjEwLC0xMCJ9XX0.kKldI61NqTP8F6y2xq5aNIYdHRdvgHAgOCEsCpw1c2Q/image;s=2048x1536;q=80,https://ireland.apollo.olxcdn.com/v1/files/eyJhbGciOiJIUzI1NiIsInR5cCI6IkpXVCJ9.eyJmbiI6InV0aDhlODBtd3NqMTItRUNPU1lTVEVNIiwidyI6W3siZm4iOiJlbnZmcXFlMWF5NGsxLUFQTCIsInMiOiIxNiIsImEiOiIwIiwicCI6IjEwLC0xMCJ9XX0.7cCm53UFRn2AeG8I_CQP7fWP1m9FloCwdfQT1saQds0/image;s=2048x1536;q=80",,,,,
67751279,dom,Nowy Etap | skrajny segment 4 pok. działka 325 m kw.,88.25,4,,655000,7422,,Gwiazdowo,Kostrzyn,Domy w Gwiazdowie,52.40823,17.21717,,,,https://www.otodom.pl/pl/oferta/nowy-etap-skrajny-segment-4-pok-dzialka-325-m-kw-ID4Ahcz,"https://ireland.apollo.olxcdn.com/v1/files/eyJhbGciOiJIUzI1NiIsInR5cCI6IkpXVCJ9.eyJmbiI6Imk1ejRoYTZyaHM2cS1BUEwiLCJ3IjpbeyJmbiI6ImVudmZxcWUxYXk0azEtQVBMIiwicyI6IjE2IiwiYSI6IjAiLCJwIjoiMTAsLTEwIn1dfQ.FjH6g7o3cWnPuXMtuQSIayt4Xexc6WZMyZrU1Xv015M/image;s=2048x1536;q=80,https://ireland.apollo.olxcdn.com/v1/files/eyJhbGciOiJIUzI1NiIsInR5cCI6IkpXVCJ9.eyJmbiI6IjY5enk1NnZ1dTI3YjMtQVBMIiwidyI6W3siZm4iOiJlbnZmcXFlMWF5NGsxLUFQTCIsInMiOiIxNiIsImEiOiIwIiwicCI6IjEwLC0xMCJ9XX0.ltda7xuKNUmR_6pMCHo6vgZKsZ-Ncj7TAwZYY7LRUXo/image;s=2048x1536;q=80,https://ireland.apollo.olxcdn.com/v1/files/eyJhbGciOiJIUzI1NiIsInR5cCI6IkpXVCJ9.eyJmbiI6ImRvcnc5c3dzMGF1NDMtQVBMIiwidyI6W3siZm4iOiJlbnZmcXFlMWF5NGsxLUFQTCIsInMiOiIxNiIsImEiOiIwIiwicCI6IjEwLC0xMCJ9XX0.RCjrLYhdRQ0N92oxHhFfn84FtiF6i3fbuT3eZqYUS3Q/image;s=2048x1536;q=80",,,,,
68391009,dom,✅Szczytniki/ 4 Lokale Skrajne/ IV kw 2026✅,89.7,4,,658000,7336,Choinkowa,Szczytniki,,,52.29335,17.00518,,,,https://www.otodom.pl/pl/oferta/white-check-markszczytniki-4-lokale-skrajne-iv-kw-2026white-check-mark-ID4CXCN,"https://ireland.apollo.olxcdn.com/v1/files/eyJhbGciOiJIUzI1NiIsInR5cCI6IkpXVCJ9.eyJmbiI6ImZsbmo4Mm51MTVtby1FQ09TWVNURU0iLCJ3IjpbeyJmbiI6ImVudmZxcWUxYXk0azEtQVBMIiwicyI6IjE2IiwiYSI6IjAiLCJwIjoiMTAsLTEwIn1dfQ.sPeOINjCkeV0JG3Ux6FY8PfLQKMXgOpTz9Lff_q0jAM/image;s=2048x1536;q=80,https://ireland.apollo.olxcdn.com/v1/files/eyJhbGciOiJIUzI1NiIsInR5cCI6IkpXVCJ9.eyJmbiI6Im9uZGhjeXVhZ2dybjItRUNPU1lTVEVNIiwidyI6W3siZm4iOiJlbnZmcXFlMWF5NGsxLUFQTCIsInMiOiIxNiIsImEiOiIwIiwicCI6IjEwLC0xMCJ9XX0.aYFu2FDi8XfgEJ27YYX8DGrbdBobcA_DiRcs08VLt-I/image;s=2048x1536;q=80,https://ireland.apollo.olxcdn.com/v1/files/eyJhbGciOiJIUzI1NiIsInR5cCI6IkpXVCJ9.eyJmbiI6InpqNDh5bHdnd2pqai1FQ09TWVNURU0iLCJ3IjpbeyJmbiI6ImVudmZxcWUxYXk0azEtQVBMIiwicyI6IjE2IiwiYSI6IjAiLCJwIjoiMTAsLTEwIn1dfQ.c_NEP2FeI6HNjvTtD8icHTMwhNft25ouonBFLYS8xUo/image;s=2048x1536;q=80",,,,,
96839100900067,dom,✅Szczytniki/ 4 Lokale Skrajne/ IV kw 2026✅,89.7,4,,658000,7336,Choinkowa,Szczytniki,,,52.29335,17.00518,,,,https://www.otodom.pl/pl/oferta/white-check-markszczytniki-4-lokale-skrajne-iv-kw-2026white-check-mark-ID4CXCN,"https://ireland.apollo.olxcdn.com/v1/files/eyJhbGciOiJIUzI1NiIsInR5cCI6IkpXVCJ9.eyJmbiI6ImZsbmo4Mm51MTVtby1FQ09TWVNURU0iLCJ3IjpbeyJmbiI6ImVudmZxcWUxYXk0azEtQVBMIiwicyI6IjE2IiwiYSI6IjAiLCJwIjoiMTAsLTEwIn1dfQ.sPeOINjCkeV0JG3Ux6FY8PfLQKMXgOpTz9Lff_q0jAM/image;s=2048x1536;q=80,https://ireland.apollo.olxcdn.com/v1/files/eyJhbGciOiJIUzI1NiIsInR5cCI6IkpXVCJ9.eyJmbiI6Im9uZGhjeXVhZ2dybjItRUNPU1lTVEVNIiwidyI6W3siZm4iOiJlbnZmcXFlMWF5NGsxLUFQTCIsInMiOiIxNiIsImEiOiIwIiwicCI6IjEwLC0xMCJ9XX0.aYFu2FDi8XfgEJ27YYX8DGrbdBobcA_DiRcs08VLt-I/image;s=2048x1536;q=80,https://ireland.apollo.olxcdn.com/v1/files/eyJhbGciOiJIUzI1NiIsInR5cCI6IkpXVCJ9.eyJmbiI6InpqNDh5bHdnd2pqai1FQ09TWVNURU0iLCJ3IjpbeyJmbiI6ImVudmZxcWUxYXk0azEtQVBMIiwicyI6IjE2IiwiYSI6IjAiLCJwIjoiMTAsLTEwIn1dfQ.c_NEP2FeI6HNjvTtD8icHTMwhNft25ouonBFLYS8xUo/image;s=2048x1536;q=80",,,,,
68424269,dom,Ostatni prawa strona/gotowy /kanalizacja/,82.19,4,,659000,8018,ul. Wąwóz,Daszewice,Daszewice,,52.29997,16.95718,,,,https://www.otodom.pl/pl/oferta/ostatni-prawa-strona-gotowy-kanalizacja-ID4D6hf,"https://ireland.apollo.olxcdn.com/v1/files/eyJhbGciOiJIUzI1NiIsInR5cCI6IkpXVCJ9.eyJmbiI6InZlcHh6cnA2dW51ajEtRUNPU1lTVEVNIiwidyI6W3siZm4iOiJlbnZmcXFlMWF5NGsxLUFQTCIsInMiOiIxNiIsImEiOiIwIiwicCI6IjEwLC0xMCJ9XX0.TZdwMasBsSYgRELLeWdOI7hR1S4QBnuurWW-SKuydks/image;s=2048x1536;q=80,https://ireland.apollo.olxcdn.com/v1/files/eyJhbGciOiJIUzI1NiIsInR5cCI6IkpXVCJ9.eyJmbiI6ImFwNmRpZmc5YmJycy1FQ09TWVNURU0iLCJ3IjpbeyJmbiI6ImVudmZxcWUxYXk0azEtQVBMIiwicyI6IjE2IiwiYSI6IjAiLCJwIjoiMTAsLTEwIn1dfQ.QZ6YRLFbCjCKYKJQqNTWAijKYAE649DmMbK-8xAM5LY/image;s=2048x1536;q=80,https://ireland.apollo.olxcdn.com/v1/files/eyJhbGciOiJIUzI1NiIsInR5cCI6IkpXVCJ9.eyJmbiI6InlkdTNvaG1rMzZ4bTEtRUNPU1lTVEVNIiwidyI6W3siZm4iOiJlbnZmcXFlMWF5NGsxLUFQTCIsInMiOiIxNiIsImEiOiIwIiwicCI6IjEwLC0xMCJ9XX0.p7yBWBifT-vJs18Dlro3xVQo4U92uWnLe46q5TW-W80/image;s=2048x1536;q=80",,,,,
68424268,dom,Ostatni prawa strona/gotowy /kanalizacja/,82.19,4,,659000,8018,,Kamionki,,,52.28554,16.99442,,,,https://www.otodom.pl/pl/oferta/ostatni-prawa-strona-gotowy-kanalizacja-ID4D6he,"https://ireland.apollo.olxcdn.com/v1/files/eyJhbGciOiJIUzI1NiIsInR5cCI6IkpXVCJ9.eyJmbiI6ImRnZTdrdnhwcXYyczEtRUNPU1lTVEVNIiwidyI6W3siZm4iOiJlbnZmcXFlMWF5NGsxLUFQTCIsInMiOiIxNiIsImEiOiIwIiwicCI6IjEwLC0xMCJ9XX0.YS5gMaVbS-NzUbOjyzLtZ6i04DcD9oUSvuB8bYzdU3U/image;s=2048x1536;q=80,https://ireland.apollo.olxcdn.com/v1/files/eyJhbGciOiJIUzI1NiIsInR5cCI6IkpXVCJ9.eyJmbiI6ImNmNDlzeTF1N29uaTEtRUNPU1lTVEVNIiwidyI6W3siZm4iOiJlbnZmcXFlMWF5NGsxLUFQTCIsInMiOiIxNiIsImEiOiIwIiwicCI6IjEwLC0xMCJ9XX0.w24TpcR2EL7WsECFNZiZBBxFm7OfiSxxsIFdFwwMtPU/image;s=2048x1536;q=80,https://ireland.apollo.olxcdn.com/v1/files/eyJhbGciOiJIUzI1NiIsInR5cCI6IkpXVCJ9.eyJmbiI6InIza3B5eXFpdW1jeC1FQ09TWVNURU0iLCJ3IjpbeyJmbiI6ImVudmZxcWUxYXk0azEtQVBMIiwicyI6IjE2IiwiYSI6IjAiLCJwIjoiMTAsLTEwIn1dfQ.41BnyipzlNu2snRVyC1k2v8J4J35T0uDihe6oTuBaCQ/image;s=2048x1536;q=80",,,,,
64874220,dom,Przytulny dom z 4 pokojami w spokojnej okolicy,80,4,,659000,8238,,Tarnowo Podgórne,,,52.44947,16.67143,,,,https://www.otodom.pl/pl/oferta/przytulny-dom-z-4-pokojami-w-spokojnej-okolicy-ID4ocKo,"https://ireland.apollo.olxcdn.com/v1/files/eyJhbGciOiJIUzI1NiIsInR5cCI6IkpXVCJ9.eyJmbiI6Im95bXN4cm42YzgxNTMtQVBMIiwidyI6W3siZm4iOiJlbnZmcXFlMWF5NGsxLUFQTCIsInMiOiIxNiIsImEiOiIwIiwicCI6IjEwLC0xMCJ9XX0.J880_aQnzhUAu9-Ly7VHC0M-72LaWdbjcX2IBwfRHiU/image;s=2048x1536;q=80,https://ireland.apollo.olxcdn.com/v1/files/eyJhbGciOiJIUzI1NiIsInR5cCI6IkpXVCJ9.eyJmbiI6InZnNHdyNXB1OHVzMzMtQVBMIiwidyI6W3siZm4iOiJlbnZmcXFlMWF5NGsxLUFQTCIsInMiOiIxNiIsImEiOiIwIiwicCI6IjEwLC0xMCJ9XX0.qE7ohc1BiUdOcls4vkZiaicQ7U29DRPc7Gz_Y5JUZb8/image;s=2048x1536;q=80,https://ireland.apollo.olxcdn.com/v1/files/eyJhbGciOiJIUzI1NiIsInR5cCI6IkpXVCJ9.eyJmbiI6Ijk1eWhrcnBmcjJlazEtQVBMIiwidyI6W3siZm4iOiJlbnZmcXFlMWF5NGsxLUFQTCIsInMiOiIxNiIsImEiOiIwIiwicCI6IjEwLC0xMCJ9XX0.RBDB2ldcs4g1r0Q_VrYAPBpIZeNhgwbJF7Bc8iWqm4s/image;s=2048x1536;q=80",,,,,
64984025,dom,Osiedle Waniliowe - nowoczesny dom w Kamionkach,81,5,,659900,8147,,Kamionki,,,52.27787,16.98515,,,,https://www.otodom.pl/pl/oferta/osiedle-waniliowe-nowoczesny-dom-w-kamionkach-ID4oFjr,"https://ireland.apollo.olxcdn.com/v1/files/eyJhbGciOiJIUzI1NiIsInR5cCI6IkpXVCJ9.eyJmbiI6ImlxYms5MHM2eHZweC1BUEwiLCJ3IjpbeyJmbiI6ImVudmZxcWUxYXk0azEtQVBMIiwicyI6IjE2IiwiYSI6IjAiLCJwIjoiMTAsLTEwIn1dfQ.nqohLl4ZygwgVmU5lLZ-DNIvwIh61jn7xFak3-veWBo/image;s=2048x1536;q=80,https://ireland.apollo.olxcdn.com/v1/files/eyJhbGciOiJIUzI1NiIsInR5cCI6IkpXVCJ9.eyJmbiI6ImI1dnFsd3QxaGJhaC1BUEwiLCJ3IjpbeyJmbiI6ImVudmZxcWUxYXk0azEtQVBMIiwicyI6IjE2IiwiYSI6IjAiLCJwIjoiMTAsLTEwIn1dfQ.IGkW8oF49gXg_fxyE2rskyTFoI0owtpUi_VPXqFLygo/image;s=2048x1536;q=80,https://ireland.apollo.olxcdn.com/v1/files/eyJhbGciOiJIUzI1NiIsInR5cCI6IkpXVCJ9.eyJmbiI6InlxMmg5djZyZXZkYTEtQVBMIiwidyI6W3siZm4iOiJlbnZmcXFlMWF5NGsxLUFQTCIsInMiOiIxNiIsImEiOiIwIiwicCI6IjEwLC0xMCJ9XX0.nGKScGlQoAh650BKi1blM8XtsbVwRwY8hhm07H7k6no/image;s=2048x1536;q=80",,,,,
67625829,dom,Energooszczędny bliźniak z dużym salonem.,103.35,4,,660000,6386,ul. Rokietnicka,Napachanie,Napachanie,,52.485086,16.727616,,,,https://www.otodom.pl/pl/oferta/energooszczedny-blizniak-z-duzym-salonem-ID4zKzb,"https://ireland.apollo.olxcdn.com/v1/files/eyJhbGciOiJIUzI1NiIsInR5cCI6IkpXVCJ9.eyJmbiI6InUwN3d2d2YydzI2NTEtQVBMIiwidyI6W3siZm4iOiJlbnZmcXFlMWF5NGsxLUFQTCIsInMiOiIxNiIsImEiOiIwIiwicCI6IjEwLC0xMCJ9XX0.lgecI50QHbLt98KDGtMku8-rqZSyUEHQbp2DhxWyAMg/image;s=2048x1536;q=80,https://ireland.apollo.olxcdn.com/v1/files/eyJhbGciOiJIUzI1NiIsInR5cCI6IkpXVCJ9.eyJmbiI6Iml1Zmp3bDY0cGFuajItQVBMIiwidyI6W3siZm4iOiJlbnZmcXFlMWF5NGsxLUFQTCIsInMiOiIxNiIsImEiOiIwIiwicCI6IjEwLC0xMCJ9XX0.mUO5lkx8tpwB16T3vmxsC5OGvtSzOdbff8cKia5i98c/image;s=2048x1536;q=80,https://ireland.apollo.olxcdn.com/v1/files/eyJhbGciOiJIUzI1NiIsInR5cCI6IkpXVCJ9.eyJmbiI6IjczZ2Vqc2I5NXZoaDItQVBMIiwidyI6W3siZm4iOiJlbnZmcXFlMWF5NGsxLUFQTCIsInMiOiIxNiIsImEiOiIwIiwicCI6IjEwLC0xMCJ9XX0.yBvUbvRHi6Zp9EuGpohS8ZfhQHHitEo0ntsdVuwpvZ0/image;s=2048x1536;q=80",,,,,
67734825,dom,Kameralne Osiedle - 6 budynków - Nowoczesna Bryła,103.44,4,,660000,6381,Rokietnicka,Napachanie,Napachanie,,52.48518,16.72617,,,,https://www.otodom.pl/pl/oferta/kameralne-osiedle-6-budynkow-nowoczesna-bryla-ID4AcWb,"https://ireland.apollo.olxcdn.com/v1/files/eyJhbGciOiJIUzI1NiIsInR5cCI6IkpXVCJ9.eyJmbiI6IjRzbjBybWExY2R4bTEtRUNPU1lTVEVNIiwidyI6W3siZm4iOiJlbnZmcXFlMWF5NGsxLUFQTCIsInMiOiIxNiIsImEiOiIwIiwicCI6IjEwLC0xMCJ9XX0.ZXEaCdYs3dNUarvB4w9Kk00GsOVujuL7vE9Rw0MJYw8/image;s=2048x1536;q=80,https://ireland.apollo.olxcdn.com/v1/files/eyJhbGciOiJIUzI1NiIsInR5cCI6IkpXVCJ9.eyJmbiI6InplZHltMWpnbGg3ODMtRUNPU1lTVEVNIiwidyI6W3siZm4iOiJlbnZmcXFlMWF5NGsxLUFQTCIsInMiOiIxNiIsImEiOiIwIiwicCI6IjEwLC0xMCJ9XX0.7VtLRUFnAsg3D9cv-8XcLFQjpF_7ydxYF6Tk92FSiJY/image;s=2048x1536;q=80,https://ireland.apollo.olxcdn.com/v1/files/eyJhbGciOiJIUzI1NiIsInR5cCI6IkpXVCJ9.eyJmbiI6Im1maTF3dTJhNmc5YjMtRUNPU1lTVEVNIiwidyI6W3siZm4iOiJlbnZmcXFlMWF5NGsxLUFQTCIsInMiOiIxNiIsImEiOiIwIiwicCI6IjEwLC0xMCJ9XX0.UoBllOHFHiZloQbLenNiCfsF2V-fOlKh3SzWCR7NTlE/image;s=2048x1536;q=80",,,,,
67730513,dom,"Dom 90,70m2 z własnym ogrodem i miejscami postojowymi",90.7,4,,662000,7299,,Kruszewnia,Kruszewnia,,52.378827,17.093522,,,,https://www.otodom.pl/pl/oferta/dom-90-70m2-z-wlasnym-ogrodem-i-miejscami-postojowymi-ID4AbND,"https://ireland.apollo.olxcdn.com/v1/files/eyJhbGciOiJIUzI1NiIsInR5cCI6IkpXVCJ9.eyJmbiI6InRoeDZla25mcTYwdjEtQVBMIiwidyI6W3siZm4iOiJlbnZmcXFlMWF5NGsxLUFQTCIsInMiOiIxNiIsImEiOiIwIiwicCI6IjEwLC0xMCJ9XX0.DbBno021Tc5qsbwqT-5FUfIb4Yecdj957Q7ckrjISmQ/image;s=2048x1536;q=80,https://ireland.apollo.olxcdn.com/v1/files/eyJhbGciOiJIUzI1NiIsInR5cCI6IkpXVCJ9.eyJmbiI6InNvN3p2Zzh3eDM3djEtQVBMIiwidyI6W3siZm4iOiJlbnZmcXFlMWF5NGsxLUFQTCIsInMiOiIxNiIsImEiOiIwIiwicCI6IjEwLC0xMCJ9XX0.kiDd8FAYbXtrrPbyzQsx7PWce2_aMGrgbpq85mP-CG8/image;s=2048x1536;q=80,https://ireland.apollo.olxcdn.com/v1/files/eyJhbGciOiJIUzI1NiIsInR5cCI6IkpXVCJ9.eyJmbiI6IjVremNpcHI3cmU2LUFQTCIsInciOlt7ImZuIjoiZW52ZnFxZTFheTRrMS1BUEwiLCJzIjoiMTYiLCJhIjoiMCIsInAiOiIxMCwtMTAifV19.ZsYtCOzVGqQjn9q98sxkhIMLov5bsNd5DaHeW4HmMq8/image;s=2048x1536;q=80",,,,,
68479288,dom,"Szeregowiec, duży ogródek 2xmp,osiedle przy rzeczce i terenie zielonym",88.03,4,,662400,7525,ul. Gromadzka,Czapury,Czapury,PASTELOWE nad Głuszynką,52.324884,16.911365,,,,https://www.otodom.pl/pl/oferta/szeregowiec-duzy-ogrodek-2xmp-osiedle-przy-rzeczce-i-terenie-zielonym-ID4DkAE,"https://ireland.apollo.olxcdn.com/v1/files/eyJhbGciOiJIUzI1NiIsInR5cCI6IkpXVCJ9.eyJmbiI6Ijh2aWt5c3U0dXNycjMtQVBMIiwidyI6W3siZm4iOiJlbnZmcXFlMWF5NGsxLUFQTCIsInMiOiIxNiIsImEiOiIwIiwicCI6IjEwLC0xMCJ9XX0.cUlctO4Qbp6dMJHI9s0ydbiYaiurryg0TW8kUEIz8Vo/image;s=2048x1536;q=80,https://ireland.apollo.olxcdn.com/v1/files/eyJhbGciOiJIUzI1NiIsInR5cCI6IkpXVCJ9.eyJmbiI6InpzZ2F2NG8xdWhlaDItQVBMIiwidyI6W3siZm4iOiJlbnZmcXFlMWF5NGsxLUFQTCIsInMiOiIxNiIsImEiOiIwIiwicCI6IjEwLC0xMCJ9XX0.VBNx2c8Sy98IXyHm4QI48i7Sl0tVcfIECqzhNzf8edU/image;s=2048x1536;q=80,https://ireland.apollo.olxcdn.com/v1/files/eyJhbGciOiJIUzI1NiIsInR5cCI6IkpXVCJ9.eyJmbiI6ImdibWY0cDkwand6ZTItQVBMIiwidyI6W3siZm4iOiJlbnZmcXFlMWF5NGsxLUFQTCIsInMiOiIxNiIsImEiOiIwIiwicCI6IjEwLC0xMCJ9XX0.lfmdwHnZC7zQtF_Lj7zCEmP7ndMP2z-i_bKixWBK4J4/image;s=2048x1536;q=80",,,,,
68444454,dom,"Szeregowiec, duży ogródek 2xmp,osiedle przy rzeczce i terenie zielonym",88.03,4,,662400,7525,ul. Gromadzka,Czapury,Czapury,PASTELOWE nad Głuszynką,52.324884,16.911365,,,,https://www.otodom.pl/pl/oferta/szeregowiec-duzy-ogrodek-2xmp-osiedle-przy-rzeczce-i-terenie-zielonym-ID4DbvO,"https://ireland.apollo.olxcdn.com/v1/files/eyJhbGciOiJIUzI1NiIsInR5cCI6IkpXVCJ9.eyJmbiI6Ijh2aWt5c3U0dXNycjMtQVBMIiwidyI6W3siZm4iOiJlbnZmcXFlMWF5NGsxLUFQTCIsInMiOiIxNiIsImEiOiIwIiwicCI6IjEwLC0xMCJ9XX0.cUlctO4Qbp6dMJHI9s0ydbiYaiurryg0TW8kUEIz8Vo/image;s=2048x1536;q=80,https://ireland.apollo.olxcdn.com/v1/files/eyJhbGciOiJIUzI1NiIsInR5cCI6IkpXVCJ9.eyJmbiI6InpzZ2F2NG8xdWhlaDItQVBMIiwidyI6W3siZm4iOiJlbnZmcXFlMWF5NGsxLUFQTCIsInMiOiIxNiIsImEiOiIwIiwicCI6IjEwLC0xMCJ9XX0.VBNx2c8Sy98IXyHm4QI48i7Sl0tVcfIECqzhNzf8edU/image;s=2048x1536;q=80,https://ireland.apollo.olxcdn.com/v1/files/eyJhbGciOiJIUzI1NiIsInR5cCI6IkpXVCJ9.eyJmbiI6ImdibWY0cDkwand6ZTItQVBMIiwidyI6W3siZm4iOiJlbnZmcXFlMWF5NGsxLUFQTCIsInMiOiIxNiIsImEiOiIwIiwicCI6IjEwLC0xMCJ9XX0.lfmdwHnZC7zQtF_Lj7zCEmP7ndMP2z-i_bKixWBK4J4/image;s=2048x1536;q=80",,,,,
68422511,dom,"Szeregowiec, duży ogródek 2xmp,osiedle przy rzeczce i terenie zielonym",88.03,4,,662400,7525,ul. Gromadzka,Czapury,Czapury,PASTELOWE nad Głuszynką,52.324884,16.911365,,,,https://www.otodom.pl/pl/oferta/szeregowiec-duzy-ogrodek-2xmp-osiedle-przy-rzeczce-i-terenie-zielonym-ID4D5OT,"https://ireland.apollo.olxcdn.com/v1/files/eyJhbGciOiJIUzI1NiIsInR5cCI6IkpXVCJ9.eyJmbiI6Ijh2aWt5c3U0dXNycjMtQVBMIiwidyI6W3siZm4iOiJlbnZmcXFlMWF5NGsxLUFQTCIsInMiOiIxNiIsImEiOiIwIiwicCI6IjEwLC0xMCJ9XX0.cUlctO4Qbp6dMJHI9s0ydbiYaiurryg0TW8kUEIz8Vo/image;s=2048x1536;q=80,https://ireland.apollo.olxcdn.com/v1/files/eyJhbGciOiJIUzI1NiIsInR5cCI6IkpXVCJ9.eyJmbiI6InpzZ2F2NG8xdWhlaDItQVBMIiwidyI6W3siZm4iOiJlbnZmcXFlMWF5NGsxLUFQTCIsInMiOiIxNiIsImEiOiIwIiwicCI6IjEwLC0xMCJ9XX0.VBNx2c8Sy98IXyHm4QI48i7Sl0tVcfIECqzhNzf8edU/image;s=2048x1536;q=80,https://ireland.apollo.olxcdn.com/v1/files/eyJhbGciOiJIUzI1NiIsInR5cCI6IkpXVCJ9.eyJmbiI6ImdibWY0cDkwand6ZTItQVBMIiwidyI6W3siZm4iOiJlbnZmcXFlMWF5NGsxLUFQTCIsInMiOiIxNiIsImEiOiIwIiwicCI6IjEwLC0xMCJ9XX0.lfmdwHnZC7zQtF_Lj7zCEmP7ndMP2z-i_bKixWBK4J4/image;s=2048x1536;q=80",,,,,
63529534,dom,domy na sprzedaż 98 m2 Łęczyca /światłowód,98.56,4,,665000,6747,ul. Krzywa,Łęczyca,Łęczyca,,52.31547,16.87666,,,,https://www.otodom.pl/pl/oferta/domy-na-sprzedaz-98-m2-leczyca-swiatlowod-ID4iyWU,"https://ireland.apollo.olxcdn.com/v1/files/eyJhbGciOiJIUzI1NiIsInR5cCI6IkpXVCJ9.eyJmbiI6InVhYjN6em03Y2FhcS1BUEwiLCJ3IjpbeyJmbiI6ImVudmZxcWUxYXk0azEtQVBMIiwicyI6IjE2IiwiYSI6IjAiLCJwIjoiMTAsLTEwIn1dfQ.VUK9ubhO3ay7m2jEzIYLt8-_Z5dEbUiXyfiEOxz-NyU/image;s=2048x1536;q=80,https://ireland.apollo.olxcdn.com/v1/files/eyJhbGciOiJIUzI1NiIsInR5cCI6IkpXVCJ9.eyJmbiI6ImdtenppcGxlOWVlZDEtQVBMIiwidyI6W3siZm4iOiJlbnZmcXFlMWF5NGsxLUFQTCIsInMiOiIxNiIsImEiOiIwIiwicCI6IjEwLC0xMCJ9XX0.Usb1C9tCWy9rXr4isxj0uRVm9rSMAySx2LiUjocFkAo/image;s=2048x1536;q=80,https://ireland.apollo.olxcdn.com/v1/files/eyJhbGciOiJIUzI1NiIsInR5cCI6IkpXVCJ9.eyJmbiI6ImlraWpoanZoNGE5ZDItQVBMIiwidyI6W3siZm4iOiJlbnZmcXFlMWF5NGsxLUFQTCIsInMiOiIxNiIsImEiOiIwIiwicCI6IjEwLC0xMCJ9XX0.D2wS8ME0zxBHym8wEwNCDwGtxunOIJxK35Ep_B46Xv8/image;s=2048x1536;q=80",,,,,
68454926,dom,✅Z Widokiem Na Las/ Działka 290 m2 ✅,99.97,4,,665000,6652,Żeromskiego,Mosina,Mosina,,52.23956,16.8661,,,,https://www.otodom.pl/pl/oferta/z-widokiem-na-las-dzialka-290-m2-ID4DefI,"https://ireland.apollo.olxcdn.com/v1/files/eyJhbGciOiJIUzI1NiIsInR5cCI6IkpXVCJ9.eyJmbiI6Im5mcHEyNHl0dTBtZTItRUNPU1lTVEVNIiwidyI6W3siZm4iOiJlbnZmcXFlMWF5NGsxLUFQTCIsInMiOiIxNiIsImEiOiIwIiwicCI6IjEwLC0xMCJ9XX0.S7wwA0fuWOVXWvrUaRCDSZ-Nir_I9qtMoHXXDp_BvD4/image;s=2048x1536;q=80,https://ireland.apollo.olxcdn.com/v1/files/eyJhbGciOiJIUzI1NiIsInR5cCI6IkpXVCJ9.eyJmbiI6InZzeDY4MzB0czZ4ajMtRUNPU1lTVEVNIiwidyI6W3siZm4iOiJlbnZmcXFlMWF5NGsxLUFQTCIsInMiOiIxNiIsImEiOiIwIiwicCI6IjEwLC0xMCJ9XX0.ZhZNuu7yyhY2LHe5iruySSpRIVjIxIcKK3qICO1z6O4/image;s=2048x1536;q=80,https://ireland.apollo.olxcdn.com/v1/files/eyJhbGciOiJIUzI1NiIsInR5cCI6IkpXVCJ9.eyJmbiI6Imh2ZGIweGl0Z2cxbi1FQ09TWVNURU0iLCJ3IjpbeyJmbiI6ImVudmZxcWUxYXk0azEtQVBMIiwicyI6IjE2IiwiYSI6IjAiLCJwIjoiMTAsLTEwIn1dfQ.Ifs4_pg0nRYEr0eJY5NMj_KQRInGRWyIuSxExMW7DJg/image;s=2048x1536;q=80",,,,,
68380462,dom,✅Z Widokiem Na Las/ Działka 290 m2 ✅,99.97,4,,665000,6652,Żeromskiego,Mosina,,,52.23956,16.8661,,,,https://www.otodom.pl/pl/oferta/white-check-markz-widokiem-na-las-dzialka-290-m2-white-check-mark-ID4CUSG,"https://ireland.apollo.olxcdn.com/v1/files/eyJhbGciOiJIUzI1NiIsInR5cCI6IkpXVCJ9.eyJmbiI6ImN4eHkxMDkwMndwMDMtRUNPU1lTVEVNIiwidyI6W3siZm4iOiJlbnZmcXFlMWF5NGsxLUFQTCIsInMiOiIxNiIsImEiOiIwIiwicCI6IjEwLC0xMCJ9XX0.QnEwdwLPiYE91gysuuM44GqoGgwiVlYACY2hgbSvmZo/image;s=2048x1536;q=80,https://ireland.apollo.olxcdn.com/v1/files/eyJhbGciOiJIUzI1NiIsInR5cCI6IkpXVCJ9.eyJmbiI6ImVqNGlldm81YmhmZzMtRUNPU1lTVEVNIiwidyI6W3siZm4iOiJlbnZmcXFlMWF5NGsxLUFQTCIsInMiOiIxNiIsImEiOiIwIiwicCI6IjEwLC0xMCJ9XX0.l-4x316z2FIf2r47rP--Oi-KJ3jMv-EXmiHPuAKX-CM/image;s=2048x1536;q=80,https://ireland.apollo.olxcdn.com/v1/files/eyJhbGciOiJIUzI1NiIsInR5cCI6IkpXVCJ9.eyJmbiI6ImEyMDQ0ODdnd2hiYy1FQ09TWVNURU0iLCJ3IjpbeyJmbiI6ImVudmZxcWUxYXk0azEtQVBMIiwicyI6IjE2IiwiYSI6IjAiLCJwIjoiMTAsLTEwIn1dfQ.FWnybSXjR288CKhD7_acuw3qp8sgtdDBixwPFxlZSoE/image;s=2048x1536;q=80",,,,,
65866314,dom,Nowy dom parterowy 99m2 z ogrodem PARK Kruszewnia,99.95,6,,668000,6683,,Swarzędz,Kruszewnia,,52.378827,17.093522,,,,https://www.otodom.pl/pl/oferta/nowy-dom-parterowy-99m2-z-ogrodem-park-kruszewnia-ID4smPU,"https://ireland.apollo.olxcdn.com/v1/files/eyJhbGciOiJIUzI1NiIsInR5cCI6IkpXVCJ9.eyJmbiI6Inl3ODN0aWUzeWcyNTMtQVBMIiwidyI6W3siZm4iOiJlbnZmcXFlMWF5NGsxLUFQTCIsInMiOiIxNiIsImEiOiIwIiwicCI6IjEwLC0xMCJ9XX0.zdZPY9bXyIxp5oE5uu3sRbML7W8a476CXqWoqGd-oU4/image;s=2048x1536;q=80,https://ireland.apollo.olxcdn.com/v1/files/eyJhbGciOiJIUzI1NiIsInR5cCI6IkpXVCJ9.eyJmbiI6InFlMXk3bWsyYmJjbDItQVBMIiwidyI6W3siZm4iOiJlbnZmcXFlMWF5NGsxLUFQTCIsInMiOiIxNiIsImEiOiIwIiwicCI6IjEwLC0xMCJ9XX0.hjdv9UWRow2Q9Xn77AbCYPL9GJNcchYCrd60SXtxIB8/image;s=2048x1536;q=80,https://ireland.apollo.olxcdn.com/v1/files/eyJhbGciOiJIUzI1NiIsInR5cCI6IkpXVCJ9.eyJmbiI6IjhlZjl5NTcwb290aC1BUEwiLCJ3IjpbeyJmbiI6ImVudmZxcWUxYXk0azEtQVBMIiwicyI6IjE2IiwiYSI6IjAiLCJwIjoiMTAsLTEwIn1dfQ.fkfiJkNRYUMHepPcy-aCwRCsxe7cN9ZW7gYx-iR7YG4/image;s=2048x1536;q=80",,,,,
96586631400067,dom,Nowy dom parterowy 99m2 z ogrodem PARK Kruszewnia,99.95,6,,668000,6683,,Swarzędz,Kruszewnia,,52.378827,17.093522,,,,https://www.otodom.pl/pl/oferta/nowy-dom-parterowy-99m2-z-ogrodem-park-kruszewnia-ID4smPU,"https://ireland.apollo.olxcdn.com/v1/files/eyJhbGciOiJIUzI1NiIsInR5cCI6IkpXVCJ9.eyJmbiI6Inl3ODN0aWUzeWcyNTMtQVBMIiwidyI6W3siZm4iOiJlbnZmcXFlMWF5NGsxLUFQTCIsInMiOiIxNiIsImEiOiIwIiwicCI6IjEwLC0xMCJ9XX0.zdZPY9bXyIxp5oE5uu3sRbML7W8a476CXqWoqGd-oU4/image;s=2048x1536;q=80,https://ireland.apollo.olxcdn.com/v1/files/eyJhbGciOiJIUzI1NiIsInR5cCI6IkpXVCJ9.eyJmbiI6InFlMXk3bWsyYmJjbDItQVBMIiwidyI6W3siZm4iOiJlbnZmcXFlMWF5NGsxLUFQTCIsInMiOiIxNiIsImEiOiIwIiwicCI6IjEwLC0xMCJ9XX0.hjdv9UWRow2Q9Xn77AbCYPL9GJNcchYCrd60SXtxIB8/image;s=2048x1536;q=80,https://ireland.apollo.olxcdn.com/v1/files/eyJhbGciOiJIUzI1NiIsInR5cCI6IkpXVCJ9.eyJmbiI6IjhlZjl5NTcwb290aC1BUEwiLCJ3IjpbeyJmbiI6ImVudmZxcWUxYXk0azEtQVBMIiwicyI6IjE2IiwiYSI6IjAiLCJwIjoiMTAsLTEwIn1dfQ.fkfiJkNRYUMHepPcy-aCwRCsxe7cN9ZW7gYx-iR7YG4/image;s=2048x1536;q=80",,,,,
67828355,dom,GOTOWY,99.49,5,,668000,6714,,Swarzędz,Swarzędz,,52.4076,17.07351,,,,https://www.otodom.pl/pl/oferta/gotowy-ID4ABfJ,"https://ireland.apollo.olxcdn.com/v1/files/eyJhbGciOiJIUzI1NiIsInR5cCI6IkpXVCJ9.eyJmbiI6IjlxdTUya3NuNGRuYjItQVBMIiwidyI6W3siZm4iOiJlbnZmcXFlMWF5NGsxLUFQTCIsInMiOiIxNiIsImEiOiIwIiwicCI6IjEwLC0xMCJ9XX0.fmJAtU-9IQ7sXVVLTlmtt7lTeeMqW8i86hyu8_yHL_k/image;s=2048x1536;q=80,https://ireland.apollo.olxcdn.com/v1/files/eyJhbGciOiJIUzI1NiIsInR5cCI6IkpXVCJ9.eyJmbiI6IndnYndweG4zd25iaDEtQVBMIiwidyI6W3siZm4iOiJlbnZmcXFlMWF5NGsxLUFQTCIsInMiOiIxNiIsImEiOiIwIiwicCI6IjEwLC0xMCJ9XX0.dFPnGoHOTTDxn_swvJkFMhqLut_d2niBYfpf75B2wHM/image;s=2048x1536;q=80,https://ireland.apollo.olxcdn.com/v1/files/eyJhbGciOiJIUzI1NiIsInR5cCI6IkpXVCJ9.eyJmbiI6ImRkanZjNjBjNjF5eDItQVBMIiwidyI6W3siZm4iOiJlbnZmcXFlMWF5NGsxLUFQTCIsInMiOiIxNiIsImEiOiIwIiwicCI6IjEwLC0xMCJ9XX0.N7YDuDhKgZQwkutBtAFU3pl49EN-Y2rEv4tVwlKy0u0/image;s=2048x1536;q=80",,,,,
67810021,mieszkanie,Lokal mieszkalny piętrowy Poznań Spławie - 74m2,74,4,,669000,9041,ul. Biesiadna,Spławie,Poznań,,52.35454,17.01192,,,,https://www.otodom.pl/pl/oferta/lokal-mieszkalny-pietrowy-poznan-splawie-74m2-ID4Avu1,"https://ireland.apollo.olxcdn.com/v1/files/eyJhbGciOiJIUzI1NiIsInR5cCI6IkpXVCJ9.eyJmbiI6InNramFlYmpseXRlYy1BUEwiLCJ3IjpbeyJmbiI6ImVudmZxcWUxYXk0azEtQVBMIiwicyI6IjE2IiwiYSI6IjAiLCJwIjoiMTAsLTEwIn1dfQ.hwBbXrrLEAuHdANjOU-VwN5Q38RyIT17-VZ4jqbscnk/image;s=2048x1536;q=80,https://ireland.apollo.olxcdn.com/v1/files/eyJhbGciOiJIUzI1NiIsInR5cCI6IkpXVCJ9.eyJmbiI6InE1dndxaWtzbXB5cy1BUEwiLCJ3IjpbeyJmbiI6ImVudmZxcWUxYXk0azEtQVBMIiwicyI6IjE2IiwiYSI6IjAiLCJwIjoiMTAsLTEwIn1dfQ.qD_d3IGjI1EHpizUItmsCjqtjq-qeguXn-F0H-MmQMM/image;s=2048x1536;q=80,https://ireland.apollo.olxcdn.com/v1/files/eyJhbGciOiJIUzI1NiIsInR5cCI6IkpXVCJ9.eyJmbiI6ImVvd2g1a2xicGh2dTItQVBMIiwidyI6W3siZm4iOiJlbnZmcXFlMWF5NGsxLUFQTCIsInMiOiIxNiIsImEiOiIwIiwicCI6IjEwLC0xMCJ9XX0.yakpCwqQ5k6ZtQru-nd32740mNSZz8e1-PTnk8YbnXI/image;s=2048x1536;q=80",,,,,
67810150,dom,Mieszkanie w nowoczesnej zabudowie Poznań Spławie,74,4,,669000,9041,ul. Biesiadna,Spławie,Poznań,,52.35454,17.01192,,,,https://www.otodom.pl/pl/oferta/mieszkanie-w-nowoczesnej-zabudowie-poznan-splawie-ID4Avv6,"https://ireland.apollo.olxcdn.com/v1/files/eyJhbGciOiJIUzI1NiIsInR5cCI6IkpXVCJ9.eyJmbiI6InYzNzdjOGYxamg0MzItQVBMIiwidyI6W3siZm4iOiJlbnZmcXFlMWF5NGsxLUFQTCIsInMiOiIxNiIsImEiOiIwIiwicCI6IjEwLC0xMCJ9XX0.xsxJgGkPbCYSqt3uEjyjClcFoeq5GyxKVl8EpdmanzM/image;s=2048x1536;q=80,https://ireland.apollo.olxcdn.com/v1/files/eyJhbGciOiJIUzI1NiIsInR5cCI6IkpXVCJ9.eyJmbiI6InNncTJkYTVjM2ltMzItQVBMIiwidyI6W3siZm4iOiJlbnZmcXFlMWF5NGsxLUFQTCIsInMiOiIxNiIsImEiOiIwIiwicCI6IjEwLC0xMCJ9XX0.nGeQk_oC-Tf90TigsAZ3Sc5AMhhZL6BoF6iH0cIZr10/image;s=2048x1536;q=80,https://ireland.apollo.olxcdn.com/v1/files/eyJhbGciOiJIUzI1NiIsInR5cCI6IkpXVCJ9.eyJmbiI6IjBjd3p6aTRtdGJhdS1BUEwiLCJ3IjpbeyJmbiI6ImVudmZxcWUxYXk0azEtQVBMIiwicyI6IjE2IiwiYSI6IjAiLCJwIjoiMTAsLTEwIn1dfQ.SExQPODaoOoeEQ4Wi4Bzc32pqPq7JesPs_sC32GZpmc/image;s=2048x1536;q=80",,,,,
96781015000067,dom,Mieszkanie w nowoczesnej zabudowie Poznań Spławie,74,4,,669000,9041,ul. Biesiadna,Spławie,Poznań,,52.35454,17.01192,,,,https://www.otodom.pl/pl/oferta/mieszkanie-w-nowoczesnej-zabudowie-poznan-splawie-ID4Avv6,"https://ireland.apollo.olxcdn.com/v1/files/eyJhbGciOiJIUzI1NiIsInR5cCI6IkpXVCJ9.eyJmbiI6InYzNzdjOGYxamg0MzItQVBMIiwidyI6W3siZm4iOiJlbnZmcXFlMWF5NGsxLUFQTCIsInMiOiIxNiIsImEiOiIwIiwicCI6IjEwLC0xMCJ9XX0.xsxJgGkPbCYSqt3uEjyjClcFoeq5GyxKVl8EpdmanzM/image;s=2048x1536;q=80,https://ireland.apollo.olxcdn.com/v1/files/eyJhbGciOiJIUzI1NiIsInR5cCI6IkpXVCJ9.eyJmbiI6InNncTJkYTVjM2ltMzItQVBMIiwidyI6W3siZm4iOiJlbnZmcXFlMWF5NGsxLUFQTCIsInMiOiIxNiIsImEiOiIwIiwicCI6IjEwLC0xMCJ9XX0.nGeQk_oC-Tf90TigsAZ3Sc5AMhhZL6BoF6iH0cIZr10/image;s=2048x1536;q=80,https://ireland.apollo.olxcdn.com/v1/files/eyJhbGciOiJIUzI1NiIsInR5cCI6IkpXVCJ9.eyJmbiI6IjBjd3p6aTRtdGJhdS1BUEwiLCJ3IjpbeyJmbiI6ImVudmZxcWUxYXk0azEtQVBMIiwicyI6IjE2IiwiYSI6IjAiLCJwIjoiMTAsLTEwIn1dfQ.SExQPODaoOoeEQ4Wi4Bzc32pqPq7JesPs_sC32GZpmc/image;s=2048x1536;q=80",,,,,
66702640,dom,"Nowoczesny dom - 100,85m² – DOPIEWO - gotowy NA KOŃCU ZAMKNIĘTEJ DROGI",100.85,4,,669000,6634,ul. Lipowa,Dopiewo,Dopiewo,,52.35901,16.65718,,,,https://www.otodom.pl/pl/oferta/nowoczesny-dom-100-85m-dopiewo-gotowy-na-koncu-zamknietej-drogi-ID4wSp2,"https://ireland.apollo.olxcdn.com/v1/files/eyJhbGciOiJIUzI1NiIsInR5cCI6IkpXVCJ9.eyJmbiI6IjVoajFnNDJ1c2w4MS1BUEwiLCJ3IjpbeyJmbiI6ImVudmZxcWUxYXk0azEtQVBMIiwicyI6IjE2IiwiYSI6IjAiLCJwIjoiMTAsLTEwIn1dfQ.EIkw2E91qsKqeEMoJG6Xlj8-1lstBnD2exk61y36mO4/image;s=2048x1536;q=80,https://ireland.apollo.olxcdn.com/v1/files/eyJhbGciOiJIUzI1NiIsInR5cCI6IkpXVCJ9.eyJmbiI6ImkyZXNiYWc3czdpeS1BUEwiLCJ3IjpbeyJmbiI6ImVudmZxcWUxYXk0azEtQVBMIiwicyI6IjE2IiwiYSI6IjAiLCJwIjoiMTAsLTEwIn1dfQ.n65CdJ6oGo6zSv2hHdfmEwspxgwF8s0Wx4vSHeddB8g/image;s=2048x1536;q=80,https://ireland.apollo.olxcdn.com/v1/files/eyJhbGciOiJIUzI1NiIsInR5cCI6IkpXVCJ9.eyJmbiI6InRmbnM2ZmZrdHd5bjEtQVBMIiwidyI6W3siZm4iOiJlbnZmcXFlMWF5NGsxLUFQTCIsInMiOiIxNiIsImEiOiIwIiwicCI6IjEwLC0xMCJ9XX0._F29wFxUoT8iSsKvFDyYY3MAVErIL70bGu9u4e8PfD8/image;s=2048x1536;q=80",,,,,
68130638,dom,REZERWACJA | NOWY PARTEROWY DOM | LOKAL NR 2 - DZIAŁKA 988 m²,87.87,4,,669000,7614,Agatowa,Sierosław,Sierosław,,52.411664,16.678482,,,,https://www.otodom.pl/pl/oferta/rezerwacja-nowy-parterowy-dom-lokal-nr-2-dzialka-988-m-ID4BRTg,"https://ireland.apollo.olxcdn.com/v1/files/eyJhbGciOiJIUzI1NiIsInR5cCI6IkpXVCJ9.eyJmbiI6Im44djNvYnB0OTlyajItQVBMIiwidyI6W3siZm4iOiJlbnZmcXFlMWF5NGsxLUFQTCIsInMiOiIxNiIsImEiOiIwIiwicCI6IjEwLC0xMCJ9XX0.Ne5o4fhaGF3PNGsHlCrAijeSHut2dvHeW_mPIObcTDs/image;s=2048x1536;q=80,https://ireland.apollo.olxcdn.com/v1/files/eyJhbGciOiJIUzI1NiIsInR5cCI6IkpXVCJ9.eyJmbiI6InZkZWJ4MjZkam52aDEtQVBMIiwidyI6W3siZm4iOiJlbnZmcXFlMWF5NGsxLUFQTCIsInMiOiIxNiIsImEiOiIwIiwicCI6IjEwLC0xMCJ9XX0.5aRhkbFAaEd_u4qc1JpcKHUnogzWVtCnJCwOQCcGHwg/image;s=2048x1536;q=80,https://ireland.apollo.olxcdn.com/v1/files/eyJhbGciOiJIUzI1NiIsInR5cCI6IkpXVCJ9.eyJmbiI6IjR2NTRpbmhpem8wcS1BUEwiLCJ3IjpbeyJmbiI6ImVudmZxcWUxYXk0azEtQVBMIiwicyI6IjE2IiwiYSI6IjAiLCJwIjoiMTAsLTEwIn1dfQ.QJ5aX7QTvLsGCTUpbHNbHXnTcgLtFJ7HSwssfZQ1lgY/image;s=2048x1536;q=80",,,,,
68478149,dom,"Pompa ciepła, podłogówka, 4 pokoje, ogródek",71.8,4,,669600,9326,,Morasko-Radojewo,Poznań,,52.488138,16.910242,,,,https://www.otodom.pl/pl/oferta/pompa-ciepla-podlogowka-4-pokoje-ogrodek-ID4Dkih,"https://ireland.apollo.olxcdn.com/v1/files/eyJhbGciOiJIUzI1NiIsInR5cCI6IkpXVCJ9.eyJmbiI6InRjd282bmZlYmNiaDMtRUNPU1lTVEVNIiwidyI6W3siZm4iOiJlbnZmcXFlMWF5NGsxLUFQTCIsInMiOiIxNiIsImEiOiIwIiwicCI6IjEwLC0xMCJ9XX0.FJwG9aukbfASRdMpGyCqjGohorRQ5awDvZiCQDd3TvI/image;s=2048x1536;q=80,https://ireland.apollo.olxcdn.com/v1/files/eyJhbGciOiJIUzI1NiIsInR5cCI6IkpXVCJ9.eyJmbiI6ImI2NTNwcGU3cDE4cDItRUNPU1lTVEVNIiwidyI6W3siZm4iOiJlbnZmcXFlMWF5NGsxLUFQTCIsInMiOiIxNiIsImEiOiIwIiwicCI6IjEwLC0xMCJ9XX0.KMAIfWpOGXIiNGRkEQW2t_KYF6EGmMmsKva2WDvqKDQ/image;s=2048x1536;q=80,https://ireland.apollo.olxcdn.com/v1/files/eyJhbGciOiJIUzI1NiIsInR5cCI6IkpXVCJ9.eyJmbiI6IjlyaTEzamQ0ZnF2dzEtRUNPU1lTVEVNIiwidyI6W3siZm4iOiJlbnZmcXFlMWF5NGsxLUFQTCIsInMiOiIxNiIsImEiOiIwIiwicCI6IjEwLC0xMCJ9XX0.za7a0HEt5aOoOW99wPD3p7ummyYVA0CPgx-6bRHybzk/image;s=2048x1536;q=80",,,,,
62306593,dom,Lux dom 116m2 nad jeziorem. Wysoki standard! Plaża,116.6,4,,672600,5768,,Tarnowo,Tarnowo,Enklawa Nad Jeziorem -wyjątkowe domy koło Poznania,52.41944,17.22844,,,,https://www.otodom.pl/pl/oferta/lux-dom-116m2-nad-jeziorem-wysoki-standard-plaza-ID4dqN3,"https://ireland.apollo.olxcdn.com/v1/files/eyJhbGciOiJIUzI1NiIsInR5cCI6IkpXVCJ9.eyJmbiI6ImxiZWZldnVsMjhoZTMtQVBMIiwidyI6W3siZm4iOiJlbnZmcXFlMWF5NGsxLUFQTCIsInMiOiIxNiIsImEiOiIwIiwicCI6IjEwLC0xMCJ9XX0.ynqxx2U7_qFZBSS2rLjvL_hky0id9T-s6NeZl323YNM/image;s=2048x1536;q=80,https://ireland.apollo.olxcdn.com/v1/files/eyJhbGciOiJIUzI1NiIsInR5cCI6IkpXVCJ9.eyJmbiI6Inp0dWVjamljNmZnbDEtQVBMIiwidyI6W3siZm4iOiJlbnZmcXFlMWF5NGsxLUFQTCIsInMiOiIxNiIsImEiOiIwIiwicCI6IjEwLC0xMCJ9XX0.Yo-KAhkzZouz4bMS_ev0GwAQz5-z76dHQdmzDZMWai0/image;s=2048x1536;q=80,https://ireland.apollo.olxcdn.com/v1/files/eyJhbGciOiJIUzI1NiIsInR5cCI6IkpXVCJ9.eyJmbiI6InowcGdsd3lvcWdvZi1BUEwiLCJ3IjpbeyJmbiI6ImVudmZxcWUxYXk0azEtQVBMIiwicyI6IjE2IiwiYSI6IjAiLCJwIjoiMTAsLTEwIn1dfQ.qYypQ9l6-Fyk99Cpl9zMxA1KF0Aw3cW7HrZO4YoIgf8/image;s=2048x1536;q=80",,,,,
68243435,mieszkanie,4 pok. z ogrodem |os. Złotniki Park etap VI |gotowe,75.64,4,0,673196,8900,Lazurytowa,Grzybowe,Złotniki,,52.486842,16.853434,,,,https://www.otodom.pl/pl/oferta/4-pok-z-ogrodem-os-zlotniki-park-etap-vi-gotowe-ID4Clez,"https://ireland.apollo.olxcdn.com/v1/files/eyJhbGciOiJIUzI1NiIsInR5cCI6IkpXVCJ9.eyJmbiI6ImVlNGVkYnZ1Z3Mybi1BUEwiLCJ3IjpbeyJmbiI6ImVudmZxcWUxYXk0azEtQVBMIiwicyI6IjE2IiwiYSI6IjAiLCJwIjoiMTAsLTEwIn1dfQ.sgGAZWYgrbuEpKRsdHGk2d9gvHvta65Xv3OZRO5BAtI/image;s=2048x1536;q=80,https://ireland.apollo.olxcdn.com/v1/files/eyJhbGciOiJIUzI1NiIsInR5cCI6IkpXVCJ9.eyJmbiI6IjI2bWFzODllY215OS1BUEwiLCJ3IjpbeyJmbiI6ImVudmZxcWUxYXk0azEtQVBMIiwicyI6IjE2IiwiYSI6IjAiLCJwIjoiMTAsLTEwIn1dfQ.7r2qbRm-yC8YbiwknBRWtQqQk7w2Awlpmt1qgOkY-Ho/image;s=2048x1536;q=80,https://ireland.apollo.olxcdn.com/v1/files/eyJhbGciOiJIUzI1NiIsInR5cCI6IkpXVCJ9.eyJmbiI6IjVwbzJ3MjJlazlhMzItQVBMIiwidyI6W3siZm4iOiJlbnZmcXFlMWF5NGsxLUFQTCIsInMiOiIxNiIsImEiOiIwIiwicCI6IjEwLC0xMCJ9XX0.Dn0zRCuTRKz1HgBf-CuT60zFAiXc1X8jjkGrR3UG2cY/image;s=2048x1536;q=80",,,,,
63774661,dom,"Rokietnica Centrum ul.Paryska, pow. 100,82m2",100.82,4,,675000,6695,,Rokietnica,Rokietnica,,52.510322,16.742124,,,,https://www.otodom.pl/pl/oferta/rokietnica-centrum-ul-paryska-pow-100-82m2-ID4jAHz,"https://ireland.apollo.olxcdn.com/v1/files/eyJhbGciOiJIUzI1NiIsInR5cCI6IkpXVCJ9.eyJmbiI6IjhzajFiMW0xaGtncDEtQVBMIiwidyI6W3siZm4iOiJlbnZmcXFlMWF5NGsxLUFQTCIsInMiOiIxNiIsImEiOiIwIiwicCI6IjEwLC0xMCJ9XX0.KQ4btNvk6NUT7ZUBTrqF8wRO3cyic27_0Zt4gnqcAjA/image;s=2048x1536;q=80,https://ireland.apollo.olxcdn.com/v1/files/eyJhbGciOiJIUzI1NiIsInR5cCI6IkpXVCJ9.eyJmbiI6ImlldDB3ZTVndnB1ODEtQVBMIiwidyI6W3siZm4iOiJlbnZmcXFlMWF5NGsxLUFQTCIsInMiOiIxNiIsImEiOiIwIiwicCI6IjEwLC0xMCJ9XX0.aCPamB9uApLdJTgzlSApjpn7pAnPw8gxATfRoMgmTCc/image;s=2048x1536;q=80,https://ireland.apollo.olxcdn.com/v1/files/eyJhbGciOiJIUzI1NiIsInR5cCI6IkpXVCJ9.eyJmbiI6InE2NHdpdzZhOGhtMjEtQVBMIiwidyI6W3siZm4iOiJlbnZmcXFlMWF5NGsxLUFQTCIsInMiOiIxNiIsImEiOiIwIiwicCI6IjEwLC0xMCJ9XX0.ZiMfn_z1f5x_PHfLnBDr0kpy_XbgrI-k6JIoPxFzdEI/image;s=2048x1536;q=80",,,,,
68353830,dom,Niepruszewo - Dom dwulokalowy 110m² - Stan deweloperski,110,4,,675000,6136,Malinowa 15,Niepruszewo,Niepruszewo,,52.39113,16.59948,,,,https://www.otodom.pl/pl/oferta/niepruszewo-dom-dwulokalowy-110m-stan-deweloperski-ID4CNX8,"https://ireland.apollo.olxcdn.com/v1/files/eyJhbGciOiJIUzI1NiIsInR5cCI6IkpXVCJ9.eyJmbiI6IjVsemU4Nnd3ajF0cTItQVBMIiwidyI6W3siZm4iOiJlbnZmcXFlMWF5NGsxLUFQTCIsInMiOiIxNiIsImEiOiIwIiwicCI6IjEwLC0xMCJ9XX0.Q1xVS9VJ1ZJt5Pb2-CwJB7X9jOVd5EBib7BjftAduMs/image;s=2048x1536;q=80,https://ireland.apollo.olxcdn.com/v1/files/eyJhbGciOiJIUzI1NiIsInR5cCI6IkpXVCJ9.eyJmbiI6ImFibDJib3RlZWEyMi1BUEwiLCJ3IjpbeyJmbiI6ImVudmZxcWUxYXk0azEtQVBMIiwicyI6IjE2IiwiYSI6IjAiLCJwIjoiMTAsLTEwIn1dfQ.6ibxlGVxoZBkjcnvYUlZz5ALvwFC_686IidRCo0A9j4/image;s=2048x1536;q=80,https://ireland.apollo.olxcdn.com/v1/files/eyJhbGciOiJIUzI1NiIsInR5cCI6IkpXVCJ9.eyJmbiI6ImlxODRncmpzbzRvbzItQVBMIiwidyI6W3siZm4iOiJlbnZmcXFlMWF5NGsxLUFQTCIsInMiOiIxNiIsImEiOiIwIiwicCI6IjEwLC0xMCJ9XX0.alwMIK6pHHbj_h-dVzBdCFk5o_pQuql6r5BzCzudLUM/image;s=2048x1536;q=80",,,,,
68329757,dom,87 m² + 30 m² poddasza do adaptacji | 4 pokoje | gotowy,87.4,4,,677000,7746,Barwna,Rabowice,,,52.38738,17.1256,,,,https://www.otodom.pl/pl/oferta/87-m-30-m-poddasza-do-adaptacji-4-pokoje-gotowy-ID4CHGR,"https://ireland.apollo.olxcdn.com/v1/files/eyJhbGciOiJIUzI1NiIsInR5cCI6IkpXVCJ9.eyJmbiI6Im56eGUzcHp3M3I0eS1FQ09TWVNURU0iLCJ3IjpbeyJmbiI6ImVudmZxcWUxYXk0azEtQVBMIiwicyI6IjE2IiwiYSI6IjAiLCJwIjoiMTAsLTEwIn1dfQ.WygBBeByDMrszvG4rB_mUsPffZtMUWYEDAuMfzWkD9Q/image;s=2048x1536;q=80,https://ireland.apollo.olxcdn.com/v1/files/eyJhbGciOiJIUzI1NiIsInR5cCI6IkpXVCJ9.eyJmbiI6ImwwcWRkb2g0cmlxNC1FQ09TWVNURU0iLCJ3IjpbeyJmbiI6ImVudmZxcWUxYXk0azEtQVBMIiwicyI6IjE2IiwiYSI6IjAiLCJwIjoiMTAsLTEwIn1dfQ.6RpmzIY8tdcf9t5kLk08V_t4EPk_GnNGnlynmC5HPG4/image;s=2048x1536;q=80,https://ireland.apollo.olxcdn.com/v1/files/eyJhbGciOiJIUzI1NiIsInR5cCI6IkpXVCJ9.eyJmbiI6IjF3d3dqdzBuaGo0aDMtRUNPU1lTVEVNIiwidyI6W3siZm4iOiJlbnZmcXFlMWF5NGsxLUFQTCIsInMiOiIxNiIsImEiOiIwIiwicCI6IjEwLC0xMCJ9XX0.-Mmcmh3S2PgfPCPGePyM6dFvbE8LGrFc3bx9wMCeHo0/image;s=2048x1536;q=80",,,,,
68385102,dom,Gotowy dom 87 m² + 30 m² poddasza | Ogród,87,4,,677000,7782,Barwna,Rabowice,,,52.38786,17.11767,,,,https://www.otodom.pl/pl/oferta/gotowy-dom-87-m-30-m-poddasza-ogrod-ID4CV5v,"https://ireland.apollo.olxcdn.com/v1/files/eyJhbGciOiJIUzI1NiIsInR5cCI6IkpXVCJ9.eyJmbiI6Im55YWR1NWhtMHE4dDItQVBMIiwidyI6W3siZm4iOiJlbnZmcXFlMWF5NGsxLUFQTCIsInMiOiIxNiIsImEiOiIwIiwicCI6IjEwLC0xMCJ9XX0.v654dmyAl8DXIqVwM1iHbuvh4QgiiczN3rn58zpvBEM/image;s=2048x1536;q=80,https://ireland.apollo.olxcdn.com/v1/files/eyJhbGciOiJIUzI1NiIsInR5cCI6IkpXVCJ9.eyJmbiI6InhocDdlaGxuOGhqbjMtQVBMIiwidyI6W3siZm4iOiJlbnZmcXFlMWF5NGsxLUFQTCIsInMiOiIxNiIsImEiOiIwIiwicCI6IjEwLC0xMCJ9XX0.AGzznKKTRQHmc8bb4qkzAgAEndFPWp8-SQnRTjY-Qe4/image;s=2048x1536;q=80,https://ireland.apollo.olxcdn.com/v1/files/eyJhbGciOiJIUzI1NiIsInR5cCI6IkpXVCJ9.eyJmbiI6Imt5OXdzbW10Z204dTItQVBMIiwidyI6W3siZm4iOiJlbnZmcXFlMWF5NGsxLUFQTCIsInMiOiIxNiIsImEiOiIwIiwicCI6IjEwLC0xMCJ9XX0.awMsI_LDAswE4CDqPyU1wBes37SXe5lOFyIPTO8Nk9s/image;s=2048x1536;q=80",,,,,
67809840,mieszkanie,Nowoczesna zabudowa Poznań Spławie ul. Biesiadna 12/2,73.63,4,,679000,9222,ul. Biesiadna,Spławie,Poznań,,52.35454,17.01192,,,,https://www.otodom.pl/pl/oferta/nowoczesna-zabudowa-poznan-splawie-ul-biesiadna-12-2-ID4Avr6,"https://ireland.apollo.olxcdn.com/v1/files/eyJhbGciOiJIUzI1NiIsInR5cCI6IkpXVCJ9.eyJmbiI6Im8xaTZ2N205OTExby1BUEwiLCJ3IjpbeyJmbiI6ImVudmZxcWUxYXk0azEtQVBMIiwicyI6IjE2IiwiYSI6IjAiLCJwIjoiMTAsLTEwIn1dfQ.azzKWjl7RhXgwLvPS1Ue_oVLQwX-TLpElwWgkD8adMQ/image;s=2048x1536;q=80,https://ireland.apollo.olxcdn.com/v1/files/eyJhbGciOiJIUzI1NiIsInR5cCI6IkpXVCJ9.eyJmbiI6IjJocXA1emc1YWo4bzItQVBMIiwidyI6W3siZm4iOiJlbnZmcXFlMWF5NGsxLUFQTCIsInMiOiIxNiIsImEiOiIwIiwicCI6IjEwLC0xMCJ9XX0.RRy1yM8XCoWfACJY8QKP_xSJg5zTnpe1tDxrGsq03T8/image;s=2048x1536;q=80,https://ireland.apollo.olxcdn.com/v1/files/eyJhbGciOiJIUzI1NiIsInR5cCI6IkpXVCJ9.eyJmbiI6Imp4bmNuZDUwYmlsei1BUEwiLCJ3IjpbeyJmbiI6ImVudmZxcWUxYXk0azEtQVBMIiwicyI6IjE2IiwiYSI6IjAiLCJwIjoiMTAsLTEwIn1dfQ.1MtfDYve0V_n0dF2jt20p2y1t8ZHSTvjMo0YAGpZu-4/image;s=2048x1536;q=80",,,,,
67810112,dom,Poznań Spławie - nowoczesne mieszkanie 74m2,73.46,4,,679000,9243,biesiadna,Spławie,Poznań,,52.35454,17.01192,,,,https://www.otodom.pl/pl/oferta/poznan-splawie-nowoczesne-mieszkanie-74m2-ID4Avwu,"https://ireland.apollo.olxcdn.com/v1/files/eyJhbGciOiJIUzI1NiIsInR5cCI6IkpXVCJ9.eyJmbiI6ImQ2ZDdxaHMxa2l2dDItQVBMIiwidyI6W3siZm4iOiJlbnZmcXFlMWF5NGsxLUFQTCIsInMiOiIxNiIsImEiOiIwIiwicCI6IjEwLC0xMCJ9XX0.VTF5UrXP4SbRDMatBGtzcfUZGQXuO8AVpFLjU_ryG1E/image;s=2048x1536;q=80,https://ireland.apollo.olxcdn.com/v1/files/eyJhbGciOiJIUzI1NiIsInR5cCI6IkpXVCJ9.eyJmbiI6InM5Zm11ajA1eXNyYS1BUEwiLCJ3IjpbeyJmbiI6ImVudmZxcWUxYXk0azEtQVBMIiwicyI6IjE2IiwiYSI6IjAiLCJwIjoiMTAsLTEwIn1dfQ.6LCT-cdJhWpgr4nq7XiSN1nqG9u_GXMQbxbcak8rZ3U/image;s=2048x1536;q=80,https://ireland.apollo.olxcdn.com/v1/files/eyJhbGciOiJIUzI1NiIsInR5cCI6IkpXVCJ9.eyJmbiI6Ijd6NnpjZXVlY21xaC1BUEwiLCJ3IjpbeyJmbiI6ImVudmZxcWUxYXk0azEtQVBMIiwicyI6IjE2IiwiYSI6IjAiLCJwIjoiMTAsLTEwIn1dfQ.b5sBObhcnYJSWjuM3rHhdJJO7WkaBqph7QcWMT3sQqo/image;s=2048x1536;q=80",,,,,
65061339,dom,"Dom 4-pok, ogród, pompa ciepła, fotowoltaika, gara",103.74,4,,679000,6545,,Szczytniki,Szczytniki,,52.3101,16.9974,,,,https://www.otodom.pl/pl/oferta/dom-4-pok-ogrod-pompa-ciepla-fotowoltaika-gara-ID4oZqr,"https://ireland.apollo.olxcdn.com/v1/files/eyJhbGciOiJIUzI1NiIsInR5cCI6IkpXVCJ9.eyJmbiI6ImI5ZnB0ZjR4b2VvNDEtQVBMIiwidyI6W3siZm4iOiJlbnZmcXFlMWF5NGsxLUFQTCIsInMiOiIxNiIsImEiOiIwIiwicCI6IjEwLC0xMCJ9XX0.dQOHabSlyZeN2KVQqTsgpuOSzGCbMdxTZ1Svcns8x7E/image;s=2048x1536;q=80,https://ireland.apollo.olxcdn.com/v1/files/eyJhbGciOiJIUzI1NiIsInR5cCI6IkpXVCJ9.eyJmbiI6InJodjR3Mngzb3QyaTMtQVBMIiwidyI6W3siZm4iOiJlbnZmcXFlMWF5NGsxLUFQTCIsInMiOiIxNiIsImEiOiIwIiwicCI6IjEwLC0xMCJ9XX0.7J37YA4keo2Nwj95Y6hCZXguuYMIzRtYiJ_FNALSfGo/image;s=2048x1536;q=80,https://ireland.apollo.olxcdn.com/v1/files/eyJhbGciOiJIUzI1NiIsInR5cCI6IkpXVCJ9.eyJmbiI6ImF4MndtdnF1MnM2ZzItQVBMIiwidyI6W3siZm4iOiJlbnZmcXFlMWF5NGsxLUFQTCIsInMiOiIxNiIsImEiOiIwIiwicCI6IjEwLC0xMCJ9XX0.dkEvAyd4kg_VXzDrh3RJ33PawoRS5nHQH0ADl-mKzEY/image;s=2048x1536;q=80",,,,,
96506133900067,dom,"Dom 4-pok, ogród, pompa ciepła, fotowoltaika, gara",103.74,4,,679000,6545,,Szczytniki,Szczytniki,,52.3101,16.9974,,,,https://www.otodom.pl/pl/oferta/dom-4-pok-ogrod-pompa-ciepla-fotowoltaika-gara-ID4oZqr,"https://ireland.apollo.olxcdn.com/v1/files/eyJhbGciOiJIUzI1NiIsInR5cCI6IkpXVCJ9.eyJmbiI6ImI5ZnB0ZjR4b2VvNDEtQVBMIiwidyI6W3siZm4iOiJlbnZmcXFlMWF5NGsxLUFQTCIsInMiOiIxNiIsImEiOiIwIiwicCI6IjEwLC0xMCJ9XX0.dQOHabSlyZeN2KVQqTsgpuOSzGCbMdxTZ1Svcns8x7E/image;s=2048x1536;q=80,https://ireland.apollo.olxcdn.com/v1/files/eyJhbGciOiJIUzI1NiIsInR5cCI6IkpXVCJ9.eyJmbiI6InJodjR3Mngzb3QyaTMtQVBMIiwidyI6W3siZm4iOiJlbnZmcXFlMWF5NGsxLUFQTCIsInMiOiIxNiIsImEiOiIwIiwicCI6IjEwLC0xMCJ9XX0.7J37YA4keo2Nwj95Y6hCZXguuYMIzRtYiJ_FNALSfGo/image;s=2048x1536;q=80,https://ireland.apollo.olxcdn.com/v1/files/eyJhbGciOiJIUzI1NiIsInR5cCI6IkpXVCJ9.eyJmbiI6ImF4MndtdnF1MnM2ZzItQVBMIiwidyI6W3siZm4iOiJlbnZmcXFlMWF5NGsxLUFQTCIsInMiOiIxNiIsImEiOiIwIiwicCI6IjEwLC0xMCJ9XX0.dkEvAyd4kg_VXzDrh3RJ33PawoRS5nHQH0ADl-mKzEY/image;s=2048x1536;q=80",,,,,
68485585,dom,"Gotowy dom nad jeziorem, 25 minut od Poznania GRATIS Antresola i Ogród",118.5,5,,679000,5730,ul. Truskawkowa,Chomęcice,Sapowice,,52.32888,16.74975,,,,https://www.otodom.pl/pl/oferta/gotowy-dom-nad-jeziorem-25-minut-od-poznania-gratis-antresola-i-ogrod-ID4Dmed,"https://ireland.apollo.olxcdn.com/v1/files/eyJhbGciOiJIUzI1NiIsInR5cCI6IkpXVCJ9.eyJmbiI6IjZ4cGZybG4wZWxqejItQVBMIiwidyI6W3siZm4iOiJlbnZmcXFlMWF5NGsxLUFQTCIsInMiOiIxNiIsImEiOiIwIiwicCI6IjEwLC0xMCJ9XX0.HIHJmvkQxeDtTz7_Fp80Nh0Wy3L8CcM5QpwsH_pDS1s/image;s=2048x1536;q=80,https://ireland.apollo.olxcdn.com/v1/files/eyJhbGciOiJIUzI1NiIsInR5cCI6IkpXVCJ9.eyJmbiI6IjJhM3dvYnV2b2RtMTEtQVBMIiwidyI6W3siZm4iOiJlbnZmcXFlMWF5NGsxLUFQTCIsInMiOiIxNiIsImEiOiIwIiwicCI6IjEwLC0xMCJ9XX0.SOhVfagg-oyVPWhOuF9Q8InA71cTE8ekFI6cm5WTKuY/image;s=2048x1536;q=80,https://ireland.apollo.olxcdn.com/v1/files/eyJhbGciOiJIUzI1NiIsInR5cCI6IkpXVCJ9.eyJmbiI6ImR3eXBsYjNzeXlhcS1BUEwiLCJ3IjpbeyJmbiI6ImVudmZxcWUxYXk0azEtQVBMIiwicyI6IjE2IiwiYSI6IjAiLCJwIjoiMTAsLTEwIn1dfQ.S7bNTTleNRILLpETsIElnhgMNK-4VSrP9HnKbNJ62yU/image;s=2048x1536;q=80",,,,,
68457389,dom,To jest Hit cenowy! 4pok/garaż/foto Gotowe sprawdź,86.92,4,,679000,7812,Osiedle Parkowe,Szczytniki,Szczytniki,,52.30053,17.02251,,,,https://www.otodom.pl/pl/oferta/to-jest-hit-cenowy-4pok-garaz-foto-gotowe-sprawdz-ID4DeTr,"https://ireland.apollo.olxcdn.com/v1/files/eyJhbGciOiJIUzI1NiIsInR5cCI6IkpXVCJ9.eyJmbiI6ImxkajBlMnQ2dnVkYjEtRUNPU1lTVEVNIiwidyI6W3siZm4iOiJlbnZmcXFlMWF5NGsxLUFQTCIsInMiOiIxNiIsImEiOiIwIiwicCI6IjEwLC0xMCJ9XX0.X_F8eo7nWyS0c7iamylzS3UZbRkme8Gvike2Ggw1roA/image;s=2048x1536;q=80,https://ireland.apollo.olxcdn.com/v1/files/eyJhbGciOiJIUzI1NiIsInR5cCI6IkpXVCJ9.eyJmbiI6InZmbHd3MXRpZ2s2eDEtRUNPU1lTVEVNIiwidyI6W3siZm4iOiJlbnZmcXFlMWF5NGsxLUFQTCIsInMiOiIxNiIsImEiOiIwIiwicCI6IjEwLC0xMCJ9XX0.e14xurN_K64-RjP25CSKPd7LY_4z-VXxSylVjC9BmEk/image;s=2048x1536;q=80,https://ireland.apollo.olxcdn.com/v1/files/eyJhbGciOiJIUzI1NiIsInR5cCI6IkpXVCJ9.eyJmbiI6InIydndlZGxjZXo1dzItRUNPU1lTVEVNIiwidyI6W3siZm4iOiJlbnZmcXFlMWF5NGsxLUFQTCIsInMiOiIxNiIsImEiOiIwIiwicCI6IjEwLC0xMCJ9XX0.-mt99RJ_dRkWjW056oVTxG4z478ImUSgwmb7joOisek/image;s=2048x1536;q=80",,,,,
68455354,dom,✅Krosinko - Mosina/ I Etap  / Działka 533 m2✅,100.55,5,,679000,6753,,Krosinko,Krosinko,,52.22798,16.82342,,,,https://www.otodom.pl/pl/oferta/krosinko-mosina-i-etap-dzialka-533-m2-ID4DemC,"https://ireland.apollo.olxcdn.com/v1/files/eyJhbGciOiJIUzI1NiIsInR5cCI6IkpXVCJ9.eyJmbiI6Ind1c3R0dzNkcGR4bjMtRUNPU1lTVEVNIiwidyI6W3siZm4iOiJlbnZmcXFlMWF5NGsxLUFQTCIsInMiOiIxNiIsImEiOiIwIiwicCI6IjEwLC0xMCJ9XX0.CsjZiYCdjw5DFZ2zs0WpqoukLJXrvB1KCpkuoOvvQ8o/image;s=2048x1536;q=80,https://ireland.apollo.olxcdn.com/v1/files/eyJhbGciOiJIUzI1NiIsInR5cCI6IkpXVCJ9.eyJmbiI6IjBwN2ZxeHB4eGJ2di1FQ09TWVNURU0iLCJ3IjpbeyJmbiI6ImVudmZxcWUxYXk0azEtQVBMIiwicyI6IjE2IiwiYSI6IjAiLCJwIjoiMTAsLTEwIn1dfQ.zqvYqqZbutO1huC0AjqHBRyfoYgvRLD2z0FUCGs7kZQ/image;s=2048x1536;q=80,https://ireland.apollo.olxcdn.com/v1/files/eyJhbGciOiJIUzI1NiIsInR5cCI6IkpXVCJ9.eyJmbiI6InllYXpxbHk1bnJhbi1FQ09TWVNURU0iLCJ3IjpbeyJmbiI6ImVudmZxcWUxYXk0azEtQVBMIiwicyI6IjE2IiwiYSI6IjAiLCJwIjoiMTAsLTEwIn1dfQ.CDoW7eFUI8Gn6frt9Oo3pGU0ZH7hLHe-umpFVmQpUHs/image;s=2048x1536;q=80",,,,,
96845738900067,dom,To jest Hit cenowy! 4pok/garaż/foto Gotowe sprawdź,86.92,4,,679000,7812,Osiedle Parkowe,Szczytniki,Szczytniki,,52.30053,17.02251,,,,https://www.otodom.pl/pl/oferta/to-jest-hit-cenowy-4pok-garaz-foto-gotowe-sprawdz-ID4DeTr,"https://ireland.apollo.olxcdn.com/v1/files/eyJhbGciOiJIUzI1NiIsInR5cCI6IkpXVCJ9.eyJmbiI6ImxkajBlMnQ2dnVkYjEtRUNPU1lTVEVNIiwidyI6W3siZm4iOiJlbnZmcXFlMWF5NGsxLUFQTCIsInMiOiIxNiIsImEiOiIwIiwicCI6IjEwLC0xMCJ9XX0.X_F8eo7nWyS0c7iamylzS3UZbRkme8Gvike2Ggw1roA/image;s=2048x1536;q=80,https://ireland.apollo.olxcdn.com/v1/files/eyJhbGciOiJIUzI1NiIsInR5cCI6IkpXVCJ9.eyJmbiI6InZmbHd3MXRpZ2s2eDEtRUNPU1lTVEVNIiwidyI6W3siZm4iOiJlbnZmcXFlMWF5NGsxLUFQTCIsInMiOiIxNiIsImEiOiIwIiwicCI6IjEwLC0xMCJ9XX0.e14xurN_K64-RjP25CSKPd7LY_4z-VXxSylVjC9BmEk/image;s=2048x1536;q=80,https://ireland.apollo.olxcdn.com/v1/files/eyJhbGciOiJIUzI1NiIsInR5cCI6IkpXVCJ9.eyJmbiI6InIydndlZGxjZXo1dzItRUNPU1lTVEVNIiwidyI6W3siZm4iOiJlbnZmcXFlMWF5NGsxLUFQTCIsInMiOiIxNiIsImEiOiIwIiwicCI6IjEwLC0xMCJ9XX0.-mt99RJ_dRkWjW056oVTxG4z478ImUSgwmb7joOisek/image;s=2048x1536;q=80",,,,,
68380615,dom,✅Krosinko - Mosina/ I Etap  / Działka 533 m2✅,100.55,5,,679000,6753,,Krosinko,,,52.22798,16.82342,,,,https://www.otodom.pl/pl/oferta/white-check-markkrosinko-mosina-i-etap-dzialka-533-m2white-check-mark-ID4CUW9,"https://ireland.apollo.olxcdn.com/v1/files/eyJhbGciOiJIUzI1NiIsInR5cCI6IkpXVCJ9.eyJmbiI6InFqbGF1bnI4ZmVhcDEtRUNPU1lTVEVNIiwidyI6W3siZm4iOiJlbnZmcXFlMWF5NGsxLUFQTCIsInMiOiIxNiIsImEiOiIwIiwicCI6IjEwLC0xMCJ9XX0.icUh04nVRAq0vfrfTQqkTPscPXZOyknSN1v3NGHjYcM/image;s=2048x1536;q=80,https://ireland.apollo.olxcdn.com/v1/files/eyJhbGciOiJIUzI1NiIsInR5cCI6IkpXVCJ9.eyJmbiI6IjBkZ3drMnZwaDdzNjItRUNPU1lTVEVNIiwidyI6W3siZm4iOiJlbnZmcXFlMWF5NGsxLUFQTCIsInMiOiIxNiIsImEiOiIwIiwicCI6IjEwLC0xMCJ9XX0.JcOna7DWQ_dAn0NEZPxEHuZAEDfmRH3gNvS0Jx8nLjw/image;s=2048x1536;q=80,https://ireland.apollo.olxcdn.com/v1/files/eyJhbGciOiJIUzI1NiIsInR5cCI6IkpXVCJ9.eyJmbiI6IjRuYzU0MXY0MTB0Yi1FQ09TWVNURU0iLCJ3IjpbeyJmbiI6ImVudmZxcWUxYXk0azEtQVBMIiwicyI6IjE2IiwiYSI6IjAiLCJwIjoiMTAsLTEwIn1dfQ.DydMxUyziL-BeyCpUjWcWxMjzc3qDfCoOTKt6Pkl18w/image;s=2048x1536;q=80",,,,,
68279481,dom,"Nowoczesny dom z dużym ogrodem, Siekierki Wielkie",92,4,,679000,7380,,Siekierki Wielkie,Siekierki Wielkie,,52.3807,17.16348,,,,https://www.otodom.pl/pl/oferta/nowoczesny-dom-z-duzym-ogrodem-siekierki-wielkie-ID4CuBX,"https://ireland.apollo.olxcdn.com/v1/files/eyJhbGciOiJIUzI1NiIsInR5cCI6IkpXVCJ9.eyJmbiI6Ino1NTQzOW53cXBrYy1BUEwiLCJ3IjpbeyJmbiI6ImVudmZxcWUxYXk0azEtQVBMIiwicyI6IjE2IiwiYSI6IjAiLCJwIjoiMTAsLTEwIn1dfQ.39PXY0VjdIHsB0Y4YaEmh8N71oGnfDn3sJzEBFNE9xE/image;s=2048x1536;q=80,https://ireland.apollo.olxcdn.com/v1/files/eyJhbGciOiJIUzI1NiIsInR5cCI6IkpXVCJ9.eyJmbiI6InBhaGdodnFnbHQxNTEtQVBMIiwidyI6W3siZm4iOiJlbnZmcXFlMWF5NGsxLUFQTCIsInMiOiIxNiIsImEiOiIwIiwicCI6IjEwLC0xMCJ9XX0.Es8zY_HeLoEKxIOpwNR711H-1boOeQLaMilXVm79Xq0/image;s=2048x1536;q=80,https://ireland.apollo.olxcdn.com/v1/files/eyJhbGciOiJIUzI1NiIsInR5cCI6IkpXVCJ9.eyJmbiI6InBrZzc2cDk1anAwNy1BUEwiLCJ3IjpbeyJmbiI6ImVudmZxcWUxYXk0azEtQVBMIiwicyI6IjE2IiwiYSI6IjAiLCJwIjoiMTAsLTEwIn1dfQ.XmSAp84ijI2TVSExTuybsrleKUXRwtxMwnImek7fzfE/image;s=2048x1536;q=80",,,,,
65002716,dom,"Dom, 116 m², Bolechówko",116,5,,680000,5862,Frezjowa,Bolechówko,Bolechówko,,52.52507,17.00211,,,,https://www.otodom.pl/pl/oferta/dom-116-m-bolechowko-ID4oKaU,"https://ireland.apollo.olxcdn.com/v1/files/eyJhbGciOiJIUzI1NiIsInR5cCI6IkpXVCJ9.eyJmbiI6Im13MmQ4NnpveTZ4dS1BUEwiLCJ3IjpbeyJmbiI6ImVudmZxcWUxYXk0azEtQVBMIiwicyI6IjE2IiwiYSI6IjAiLCJwIjoiMTAsLTEwIn1dfQ.7Bu483tMwT1cvUc5CE2Ly-PjOA2ADnnYns_skFg6Wx0/image;s=2048x1536;q=80,https://ireland.apollo.olxcdn.com/v1/files/eyJhbGciOiJIUzI1NiIsInR5cCI6IkpXVCJ9.eyJmbiI6IjBmMW12ZmM4a2swby1BUEwiLCJ3IjpbeyJmbiI6ImVudmZxcWUxYXk0azEtQVBMIiwicyI6IjE2IiwiYSI6IjAiLCJwIjoiMTAsLTEwIn1dfQ.9DXgPVRKDEjGkHYQZDJGVyqrjLRKoJsfyEefCHca5CM/image;s=2048x1536;q=80,https://ireland.apollo.olxcdn.com/v1/files/eyJhbGciOiJIUzI1NiIsInR5cCI6IkpXVCJ9.eyJmbiI6IjIxY2ZuN2o1cW4yNDItQVBMIiwidyI6W3siZm4iOiJlbnZmcXFlMWF5NGsxLUFQTCIsInMiOiIxNiIsImEiOiIwIiwicCI6IjEwLC0xMCJ9XX0.oR6s8PMzKc2jsblw3GVEZTGcZ9Eui5m_nrN19utLGgY/image;s=2048x1536;q=80",,,,,
66823560,dom,"Tarnowo Podgórne/Rumianek Szkolna6J,108m,garaż,ogródek,5pokoi+kuchnia",107.6,5,,680000,6320,ul. Szkolna,Rumianek,Rumianek,,52.462132,16.624033,,,,https://www.otodom.pl/pl/oferta/tarnowo-podgorne-rumianek-szkolna6j-108m-garaz-ogrodek-5pokoi-kuchnia-ID4vnRm,"https://ireland.apollo.olxcdn.com/v1/files/eyJhbGciOiJIUzI1NiIsInR5cCI6IkpXVCJ9.eyJmbiI6IjgxN3duNTF6em1xdjItQVBMIiwidyI6W3siZm4iOiJlbnZmcXFlMWF5NGsxLUFQTCIsInMiOiIxNiIsImEiOiIwIiwicCI6IjEwLC0xMCJ9XX0.7p_Kr1aKyOyQnWHVRMMMzXMh8haQ0fU1R3gZrF2LEls/image;s=2048x1536;q=80,https://ireland.apollo.olxcdn.com/v1/files/eyJhbGciOiJIUzI1NiIsInR5cCI6IkpXVCJ9.eyJmbiI6ImNleWg1bmZieDNzNi1BUEwiLCJ3IjpbeyJmbiI6ImVudmZxcWUxYXk0azEtQVBMIiwicyI6IjE2IiwiYSI6IjAiLCJwIjoiMTAsLTEwIn1dfQ.gjiswnfmqJ6AytKInfW0ENbXvfz-aoqaSTNJtJn4QWQ/image;s=2048x1536;q=80,https://ireland.apollo.olxcdn.com/v1/files/eyJhbGciOiJIUzI1NiIsInR5cCI6IkpXVCJ9.eyJmbiI6Im9tbXoyaW1mODBiODEtQVBMIiwidyI6W3siZm4iOiJlbnZmcXFlMWF5NGsxLUFQTCIsInMiOiIxNiIsImEiOiIwIiwicCI6IjEwLC0xMCJ9XX0.bR2EfBjjU7pSWBMjOmMF1wKJtCHbgLHV5GL2pXhFM1U/image;s=2048x1536;q=80",,,,,
68161528,mieszkanie,Złotniki Park Nowy Etap | 4 pok. z ogrodem,75.64,4,0,680760,9000,ul. Łagiewnicka,Grzybowe,Złotniki,,52.486842,16.853434,,,,https://www.otodom.pl/pl/oferta/zlotniki-park-nowy-etap-4-pok-z-ogrodem-ID4BZWu,"https://ireland.apollo.olxcdn.com/v1/files/eyJhbGciOiJIUzI1NiIsInR5cCI6IkpXVCJ9.eyJmbiI6ImJmMnJ6ZWo1dWlybTMtQVBMIiwidyI6W3siZm4iOiJlbnZmcXFlMWF5NGsxLUFQTCIsInMiOiIxNiIsImEiOiIwIiwicCI6IjEwLC0xMCJ9XX0.jWsQGj4eL8a6W1kmdjzM-pSpXayYKD_CM_GDHnWEfCs/image;s=2048x1536;q=80,https://ireland.apollo.olxcdn.com/v1/files/eyJhbGciOiJIUzI1NiIsInR5cCI6IkpXVCJ9.eyJmbiI6ImR0bTNnejN1ZjF5bjMtQVBMIiwidyI6W3siZm4iOiJlbnZmcXFlMWF5NGsxLUFQTCIsInMiOiIxNiIsImEiOiIwIiwicCI6IjEwLC0xMCJ9XX0.-93V_ab3Sv6-gTrtAlu5zk5XsnTY2E6N05FKf5dy1d8/image;s=2048x1536;q=80,https://ireland.apollo.olxcdn.com/v1/files/eyJhbGciOiJIUzI1NiIsInR5cCI6IkpXVCJ9.eyJmbiI6IjJtaGtqenZzcHA4YjEtQVBMIiwidyI6W3siZm4iOiJlbnZmcXFlMWF5NGsxLUFQTCIsInMiOiIxNiIsImEiOiIwIiwicCI6IjEwLC0xMCJ9XX0.kdeW1W2aNHnbDM3G8nRinLyhkbOjUn4kIqc9lb81jLU/image;s=2048x1536;q=80",,,,,
68423412,mieszkanie,POWRÓT Do oferty - 4 Pokoje 2 Łazienki - Tramwaj - Super cena - GOTOWE,70.84,4,0,681020,9614,ul. Unii Lubelskiej,Starołęka Mała,Poznań,,52.37566,16.95175,,,,https://www.otodom.pl/pl/oferta/powrot-do-oferty-4-pokoje-2-lazienki-tramwaj-super-cena-gotowe-ID4D63q,"https://ireland.apollo.olxcdn.com/v1/files/eyJhbGciOiJIUzI1NiIsInR5cCI6IkpXVCJ9.eyJmbiI6InIzbXNsYWp3dW1oZDItQVBMIiwidyI6W3siZm4iOiJlbnZmcXFlMWF5NGsxLUFQTCIsInMiOiIxNiIsImEiOiIwIiwicCI6IjEwLC0xMCJ9XX0.c6OfyifESl5vx7z8S2Vm628C-QTK9IeoI4u06pLU1sA/image;s=2048x1536;q=80,https://ireland.apollo.olxcdn.com/v1/files/eyJhbGciOiJIUzI1NiIsInR5cCI6IkpXVCJ9.eyJmbiI6ImFtbzV4azViZ2duYS1BUEwiLCJ3IjpbeyJmbiI6ImVudmZxcWUxYXk0azEtQVBMIiwicyI6IjE2IiwiYSI6IjAiLCJwIjoiMTAsLTEwIn1dfQ.8vQqUTo_ICMXLmBWnKq08qn-7TT5GKtc49wzkC5OoaI/image;s=2048x1536;q=80,https://ireland.apollo.olxcdn.com/v1/files/eyJhbGciOiJIUzI1NiIsInR5cCI6IkpXVCJ9.eyJmbiI6ImZsNWN1YjJsOTYyZjEtQVBMIiwidyI6W3siZm4iOiJlbnZmcXFlMWF5NGsxLUFQTCIsInMiOiIxNiIsImEiOiIwIiwicCI6IjEwLC0xMCJ9XX0.LQq5v1pqKEhcCCH42rJfOWaY_1mmjaglWtyBc80eYQA/image;s=2048x1536;q=80",,,,,
66583582,dom,Domy na Os. Nowina I Dachowa – gotowe do odbioru,97.64,5,,683000,6995,,Dachowa,Dachowa,,52.30419,17.10051,,,,https://www.otodom.pl/pl/oferta/domy-na-os-nowina-i-dachowa-gotowe-do-odbioru-ID4wnqK,"https://ireland.apollo.olxcdn.com/v1/files/eyJhbGciOiJIUzI1NiIsInR5cCI6IkpXVCJ9.eyJmbiI6ImZtaGp6OWRvNnEzMi1BUEwiLCJ3IjpbeyJmbiI6ImVudmZxcWUxYXk0azEtQVBMIiwicyI6IjE2IiwiYSI6IjAiLCJwIjoiMTAsLTEwIn1dfQ.S4EyepT5N9b7l2L79VKg82qjkjXl2GVhMN7vuddpH6A/image;s=2048x1536;q=80,https://ireland.apollo.olxcdn.com/v1/files/eyJhbGciOiJIUzI1NiIsInR5cCI6IkpXVCJ9.eyJmbiI6IjN4Yno0Zzk0bmFxNi1BUEwiLCJ3IjpbeyJmbiI6ImVudmZxcWUxYXk0azEtQVBMIiwicyI6IjE2IiwiYSI6IjAiLCJwIjoiMTAsLTEwIn1dfQ.dI61XldEM2g0lSP8nKc24pFZwGnpUZiKTCJmJtcXmFM/image;s=2048x1536;q=80,https://ireland.apollo.olxcdn.com/v1/files/eyJhbGciOiJIUzI1NiIsInR5cCI6IkpXVCJ9.eyJmbiI6IjRzNzFkZHE2ZjBpZy1BUEwiLCJ3IjpbeyJmbiI6ImVudmZxcWUxYXk0azEtQVBMIiwicyI6IjE2IiwiYSI6IjAiLCJwIjoiMTAsLTEwIn1dfQ.AmXrUok7kB-YHSVhwdcCZDq0eC6ecxqy3mQ-O-hiHzY/image;s=2048x1536;q=80",,,,,
67963251,mieszkanie,★OKAZJA!★ 4 pok. 71m2 - zobacz opcje układów | możliwa osobna kuchnia,70.61,4,1,687511,9737,,Rataje,Poznań,,52.3779,16.95412,,,,https://www.otodom.pl/pl/oferta/okazja-4-pok-71m2-zobacz-opcje-ukladow-mozliwa-osobna-kuchnia-ID4Balt,"https://ireland.apollo.olxcdn.com/v1/files/eyJhbGciOiJIUzI1NiIsInR5cCI6IkpXVCJ9.eyJmbiI6ImNldmMxZmphY2twbS1BUEwiLCJ3IjpbeyJmbiI6ImVudmZxcWUxYXk0azEtQVBMIiwicyI6IjE2IiwiYSI6IjAiLCJwIjoiMTAsLTEwIn1dfQ.KHr5dGOGaRBHIbOPwy8nrAtH8d0xlfJyVHcI9yHOCZc/image;s=2048x1536;q=80,https://ireland.apollo.olxcdn.com/v1/files/eyJhbGciOiJIUzI1NiIsInR5cCI6IkpXVCJ9.eyJmbiI6ImRscXozdmdlejllYjMtQVBMIiwidyI6W3siZm4iOiJlbnZmcXFlMWF5NGsxLUFQTCIsInMiOiIxNiIsImEiOiIwIiwicCI6IjEwLC0xMCJ9XX0.iyHIti1h7dNk34yLnynb6KNqrkJemrdAT0ahhEX0LS0/image;s=2048x1536;q=80,https://ireland.apollo.olxcdn.com/v1/files/eyJhbGciOiJIUzI1NiIsInR5cCI6IkpXVCJ9.eyJmbiI6InhzZTE1cG5hdm9rODMtQVBMIiwidyI6W3siZm4iOiJlbnZmcXFlMWF5NGsxLUFQTCIsInMiOiIxNiIsImEiOiIwIiwicCI6IjEwLC0xMCJ9XX0.6UdRE_Smc-TPdT6nmZJLOTu7KocYjQmnJGfwT0Sdp0g/image;s=2048x1536;q=80",,,,,
68054911,dom,DOM JEDNORODZINNY W ZABUDOWIE BLIŹNIACZEJ,128.4,4,,688000,5358,,Biskupice,Biskupice,,52.46128,17.18,,,,https://www.otodom.pl/pl/oferta/dom-jednorodzinny-w-zabudowie-blizniaczej-ID4BybR,"https://ireland.apollo.olxcdn.com/v1/files/eyJhbGciOiJIUzI1NiIsInR5cCI6IkpXVCJ9.eyJmbiI6InVzNHlyYjFtZm0xazItRUNPU1lTVEVNIiwidyI6W3siZm4iOiJlbnZmcXFlMWF5NGsxLUFQTCIsInMiOiIxNiIsImEiOiIwIiwicCI6IjEwLC0xMCJ9XX0.V-Oc952r4um8aoRNYEfhmb_BR64x9HhdKhfc_b0Aki8/image;s=2048x1536;q=80,https://ireland.apollo.olxcdn.com/v1/files/eyJhbGciOiJIUzI1NiIsInR5cCI6IkpXVCJ9.eyJmbiI6IjY4bWVnN2RrMzRrZTEtRUNPU1lTVEVNIiwidyI6W3siZm4iOiJlbnZmcXFlMWF5NGsxLUFQTCIsInMiOiIxNiIsImEiOiIwIiwicCI6IjEwLC0xMCJ9XX0.0Io81YDS1lYJkG3yN1yz0h7duyiEdQyXx9xCD1csgd4/image;s=2048x1536;q=80,https://ireland.apollo.olxcdn.com/v1/files/eyJhbGciOiJIUzI1NiIsInR5cCI6IkpXVCJ9.eyJmbiI6Ims5bDNqazQ1ODlpMzItRUNPU1lTVEVNIiwidyI6W3siZm4iOiJlbnZmcXFlMWF5NGsxLUFQTCIsInMiOiIxNiIsImEiOiIwIiwicCI6IjEwLC0xMCJ9XX0.DpHy71q31yl-kayawa_KXOkawrTAE0ZC37i-Ft2oL9s/image;s=2048x1536;q=80",,,,,
64772614,dom,"Piękny dom z ogrodem, aż 103,74 m²| M9_2- GOTOWY DO PRZEKAZANIA!!",86.92,4,,689000,7927,,Sypniewo,Szczytniki,Osiedle Malarska,52.30974,16.99658,,,,https://www.otodom.pl/pl/oferta/piekny-dom-z-ogrodem-az-103-74-m-m9-2-gotowy-do-przekazania-ID4nMjA,"https://ireland.apollo.olxcdn.com/v1/files/eyJhbGciOiJIUzI1NiIsInR5cCI6IkpXVCJ9.eyJmbiI6ImJydHpoOTA1eTExZjItQVBMIiwidyI6W3siZm4iOiJlbnZmcXFlMWF5NGsxLUFQTCIsInMiOiIxNiIsImEiOiIwIiwicCI6IjEwLC0xMCJ9XX0.dsT_EPyr4-71ZUP596o_PZ0OxFrKDfl7Pv5DX16LeTE/image;s=2048x1536;q=80,https://ireland.apollo.olxcdn.com/v1/files/eyJhbGciOiJIUzI1NiIsInR5cCI6IkpXVCJ9.eyJmbiI6InhuZmcyNmtpYm93ZzEtQVBMIiwidyI6W3siZm4iOiJlbnZmcXFlMWF5NGsxLUFQTCIsInMiOiIxNiIsImEiOiIwIiwicCI6IjEwLC0xMCJ9XX0.TWhyRG7i_I_MnDAU3Xr1XUk0XcDWfAF6D4lJskQ9wIU/image;s=2048x1536;q=80,https://ireland.apollo.olxcdn.com/v1/files/eyJhbGciOiJIUzI1NiIsInR5cCI6IkpXVCJ9.eyJmbiI6ImwwMnlzcGpwcHJ3YTMtRUNPU1lTVEVNIiwidyI6W3siZm4iOiJlbnZmcXFlMWF5NGsxLUFQTCIsInMiOiIxNiIsImEiOiIwIiwicCI6IjEwLC0xMCJ9XX0.GvB_16YwhxFXRl5V9Oanyh1TTn5_-uMTIC1L7iiP7Q4/image;s=2048x1536;q=80",,,,,
68437177,dom,Ostatni dostępny dom jeszcze w tym roku!,86.92,4,,689000,7927,Jacka Malczewskiego,Szczytniki,Szczytniki,,52.30846,16.99594,,,,https://www.otodom.pl/pl/oferta/ostatni-dostepny-dom-jeszcze-w-tym-roku-ID4D9Dr,"https://ireland.apollo.olxcdn.com/v1/files/eyJhbGciOiJIUzI1NiIsInR5cCI6IkpXVCJ9.eyJmbiI6ImR1b3M1djZ1c2Fjai1FQ09TWVNURU0iLCJ3IjpbeyJmbiI6ImVudmZxcWUxYXk0azEtQVBMIiwicyI6IjE2IiwiYSI6IjAiLCJwIjoiMTAsLTEwIn1dfQ.fVU5alRjreSQgBw4bF8ofrb_NZaXWKg61bdjNQ7zObA/image;s=2048x1536;q=80,https://ireland.apollo.olxcdn.com/v1/files/eyJhbGciOiJIUzI1NiIsInR5cCI6IkpXVCJ9.eyJmbiI6ImJod296ZXg0cmM3dTMtRUNPU1lTVEVNIiwidyI6W3siZm4iOiJlbnZmcXFlMWF5NGsxLUFQTCIsInMiOiIxNiIsImEiOiIwIiwicCI6IjEwLC0xMCJ9XX0.-V_DH7exfHqYmgdEJ4R-EDgKzEgy5GkVtrmZ8EWCKmc/image;s=2048x1536;q=80,https://ireland.apollo.olxcdn.com/v1/files/eyJhbGciOiJIUzI1NiIsInR5cCI6IkpXVCJ9.eyJmbiI6InVkZWlxdHR4eTNocTMtRUNPU1lTVEVNIiwidyI6W3siZm4iOiJlbnZmcXFlMWF5NGsxLUFQTCIsInMiOiIxNiIsImEiOiIwIiwicCI6IjEwLC0xMCJ9XX0.SwLYcF1iB6g5CAc8QdnZcg984i90AYw0wmtV4WAfZRQ/image;s=2048x1536;q=80",,,,,
67893168,dom,4-pokojowy dom 89m2 Bez Pośredników,89.12,4,,689000,7731,św. Jana,Gwiazdowo,Gwiazdowo,Forall Gwiazdowo,52.41763,17.21036,,,,https://www.otodom.pl/pl/oferta/4-pokojowy-dom-89m2-bez-posrednikow-ID4AS76,"https://ireland.apollo.olxcdn.com/v1/files/eyJhbGciOiJIUzI1NiIsInR5cCI6IkpXVCJ9.eyJmbiI6InphMzRyMjF0OXE4dTItRUNPU1lTVEVNIiwidyI6W3siZm4iOiJlbnZmcXFlMWF5NGsxLUFQTCIsInMiOiIxNiIsImEiOiIwIiwicCI6IjEwLC0xMCJ9XX0.nwYOUcHYwam81QurpPIf7ortXRQOmMX7eL2bcFjdm7g/image;s=2048x1536;q=80,https://ireland.apollo.olxcdn.com/v1/files/eyJhbGciOiJIUzI1NiIsInR5cCI6IkpXVCJ9.eyJmbiI6ImoxZnFpY2psa3dmYzItRUNPU1lTVEVNIiwidyI6W3siZm4iOiJlbnZmcXFlMWF5NGsxLUFQTCIsInMiOiIxNiIsImEiOiIwIiwicCI6IjEwLC0xMCJ9XX0.kAKySLIgDbaaMaFO8nPJ9j0XmltGq_QD_UbFScxkiA8/image;s=2048x1536;q=80,https://ireland.apollo.olxcdn.com/v1/files/eyJhbGciOiJIUzI1NiIsInR5cCI6IkpXVCJ9.eyJmbiI6InZyODNmZHF2djJxcS1FQ09TWVNURU0iLCJ3IjpbeyJmbiI6ImVudmZxcWUxYXk0azEtQVBMIiwicyI6IjE2IiwiYSI6IjAiLCJwIjoiMTAsLTEwIn1dfQ.RZov5ds2HtsjBYNi4B4bKcaO6yrgyVVlWMVDU8KIdTE/image;s=2048x1536;q=80",,,,,
68023736,dom,REZERWACJA | NOWY PARTEROWY DOM | LOKAL NR 1 - DZIAŁKA 494 m² |,87.87,4,,689000,7841,Agatowa,Sierosław,Sierosław,,52.411664,16.678482,,,,https://www.otodom.pl/pl/oferta/rezerwacja-nowy-parterowy-dom-lokal-nr-1-dzialka-494-m-ID4Bq52,"https://ireland.apollo.olxcdn.com/v1/files/eyJhbGciOiJIUzI1NiIsInR5cCI6IkpXVCJ9.eyJmbiI6ImtrazdqY2FjejJxdDMtQVBMIiwidyI6W3siZm4iOiJlbnZmcXFlMWF5NGsxLUFQTCIsInMiOiIxNiIsImEiOiIwIiwicCI6IjEwLC0xMCJ9XX0.Tbhf1vJ4cjMoh04v14ZuH3XDXLD8h2TdaSyEKjO7MD8/image;s=2048x1536;q=80,https://ireland.apollo.olxcdn.com/v1/files/eyJhbGciOiJIUzI1NiIsInR5cCI6IkpXVCJ9.eyJmbiI6IjRieGc3cXcwZHl4dzEtQVBMIiwidyI6W3siZm4iOiJlbnZmcXFlMWF5NGsxLUFQTCIsInMiOiIxNiIsImEiOiIwIiwicCI6IjEwLC0xMCJ9XX0.lz3n4v9FrZrjB_RuReHa41tBaC_QPgN0HuVddvw9EIg/image;s=2048x1536;q=80,https://ireland.apollo.olxcdn.com/v1/files/eyJhbGciOiJIUzI1NiIsInR5cCI6IkpXVCJ9.eyJmbiI6IjdhZTF2Zml6cWF3NzMtQVBMIiwidyI6W3siZm4iOiJlbnZmcXFlMWF5NGsxLUFQTCIsInMiOiIxNiIsImEiOiIwIiwicCI6IjEwLC0xMCJ9XX0.04lr7HADHN4qOQ4w72YEy9A4WllldD1UvfKyddwjbaA/image;s=2048x1536;q=80",,,,,
68455355,dom,✅Krosinko - Mosina/ I Etap  / Działka 677 m2✅,100.55,5,,689000,6852,,Krosinko,Krosinko,,52.22798,16.82342,,,,https://www.otodom.pl/pl/oferta/krosinko-mosina-i-etap-dzialka-677-m2-ID4DemD,"https://ireland.apollo.olxcdn.com/v1/files/eyJhbGciOiJIUzI1NiIsInR5cCI6IkpXVCJ9.eyJmbiI6IjdqYWR5Y2dycDJxcDEtRUNPU1lTVEVNIiwidyI6W3siZm4iOiJlbnZmcXFlMWF5NGsxLUFQTCIsInMiOiIxNiIsImEiOiIwIiwicCI6IjEwLC0xMCJ9XX0.ZFztQB3nkurrciaZE6OcTJyTVnGInQgpiOIa7rPILEM/image;s=2048x1536;q=80,https://ireland.apollo.olxcdn.com/v1/files/eyJhbGciOiJIUzI1NiIsInR5cCI6IkpXVCJ9.eyJmbiI6Img5czE5bnBoNzgzdTItRUNPU1lTVEVNIiwidyI6W3siZm4iOiJlbnZmcXFlMWF5NGsxLUFQTCIsInMiOiIxNiIsImEiOiIwIiwicCI6IjEwLC0xMCJ9XX0.HLBvkPbI_5W2JW35YeYjGSkZNou_Q-AGNqVEdUiEl6w/image;s=2048x1536;q=80,https://ireland.apollo.olxcdn.com/v1/files/eyJhbGciOiJIUzI1NiIsInR5cCI6IkpXVCJ9.eyJmbiI6ImI1azdkOWZ1eWM0cC1FQ09TWVNURU0iLCJ3IjpbeyJmbiI6ImVudmZxcWUxYXk0azEtQVBMIiwicyI6IjE2IiwiYSI6IjAiLCJwIjoiMTAsLTEwIn1dfQ.6l0AN-_ku9tXOWvpEnipCMY4v8sl3fQH2MPx7jz_ulg/image;s=2048x1536;q=80",,,,,
68380614,dom,✅Krosinko - Mosina/ I Etap  / Działka 677 m2✅,100.55,5,,689000,6852,,Krosinko,,,52.22798,16.82342,,,,https://www.otodom.pl/pl/oferta/white-check-markkrosinko-mosina-i-etap-dzialka-677-m2white-check-mark-ID4CUW8,"https://ireland.apollo.olxcdn.com/v1/files/eyJhbGciOiJIUzI1NiIsInR5cCI6IkpXVCJ9.eyJmbiI6ImxmaG02c2N6cXYyeC1FQ09TWVNURU0iLCJ3IjpbeyJmbiI6ImVudmZxcWUxYXk0azEtQVBMIiwicyI6IjE2IiwiYSI6IjAiLCJwIjoiMTAsLTEwIn1dfQ.SvgSvACmG_ywroCK2yspsBTR5otR5Imcxfyyjs_wBTQ/image;s=2048x1536;q=80,https://ireland.apollo.olxcdn.com/v1/files/eyJhbGciOiJIUzI1NiIsInR5cCI6IkpXVCJ9.eyJmbiI6Im9qZjVsMmduOTBnODEtRUNPU1lTVEVNIiwidyI6W3siZm4iOiJlbnZmcXFlMWF5NGsxLUFQTCIsInMiOiIxNiIsImEiOiIwIiwicCI6IjEwLC0xMCJ9XX0.7QJS95RFMYniYRLUZDrai9Lw0HCzf-FwFMxepy5hTB0/image;s=2048x1536;q=80,https://ireland.apollo.olxcdn.com/v1/files/eyJhbGciOiJIUzI1NiIsInR5cCI6IkpXVCJ9.eyJmbiI6Ind0a2hmcXd1Y2xpcTMtRUNPU1lTVEVNIiwidyI6W3siZm4iOiJlbnZmcXFlMWF5NGsxLUFQTCIsInMiOiIxNiIsImEiOiIwIiwicCI6IjEwLC0xMCJ9XX0.ETfn8Kqf4BuR6L8G4IxxrptyYNuxC9Uq9MGPEjVv7uw/image;s=2048x1536;q=80",,,,,
68387911,dom,Klimatyczny do na wsi,130,4,,690000,5308,Węgierskie 23,Drzązgowo,,,52.32723,17.26093,,,,https://www.otodom.pl/pl/oferta/klimatyczny-do-na-wsi-ID4CVOP,"https://ireland.apollo.olxcdn.com/v1/files/eyJhbGciOiJIUzI1NiIsInR5cCI6IkpXVCJ9.eyJmbiI6InBnZmhvYTZwMXFzbTEtQVBMIiwidyI6W3siZm4iOiJlbnZmcXFlMWF5NGsxLUFQTCIsInMiOiIxNiIsImEiOiIwIiwicCI6IjEwLC0xMCJ9XX0.Axi4eqtSg-O6D-FsmIKWdnFNsKOrbDRdjc505ZVG5ag/image;s=2048x1536;q=80,https://ireland.apollo.olxcdn.com/v1/files/eyJhbGciOiJIUzI1NiIsInR5cCI6IkpXVCJ9.eyJmbiI6InkzdDBhend5MXI2Zy1BUEwiLCJ3IjpbeyJmbiI6ImVudmZxcWUxYXk0azEtQVBMIiwicyI6IjE2IiwiYSI6IjAiLCJwIjoiMTAsLTEwIn1dfQ.zv8DSQ0pSAGgrYM4hjAhTlOW05EWKXRiySejwQsiQ9I/image;s=2048x1536;q=80,https://ireland.apollo.olxcdn.com/v1/files/eyJhbGciOiJIUzI1NiIsInR5cCI6IkpXVCJ9.eyJmbiI6Ijc4OHVxY25kOTEzbzItQVBMIiwidyI6W3siZm4iOiJlbnZmcXFlMWF5NGsxLUFQTCIsInMiOiIxNiIsImEiOiIwIiwicCI6IjEwLC0xMCJ9XX0.NjcpX4JeE0W9BtfXNZHAf8XIyewjN3_PQae66fVZrbk/image;s=2048x1536;q=80",,,,,
68141825,dom,"WKRÓTCE NOWE! REZERWACJA! Nowy bliźniak 89m2 , Pompa ciepła i fotowol.",89.64,5,,695000,7753,Ignacego Krasickiego,Dopiewiec,Dopiewiec,Bajkowy Dopiewiec III. Pełna własność! Fotowoltaika z mag. energii!,52.3621,16.70981,,,,https://www.otodom.pl/pl/oferta/wkrotce-nowe-rezerwacja-nowy-blizniak-89m2-pompa-ciepla-i-fotowol-ID4BUNH,"https://ireland.apollo.olxcdn.com/v1/files/eyJhbGciOiJIUzI1NiIsInR5cCI6IkpXVCJ9.eyJmbiI6Im02bnpxMW9uc21udDItQVBMIiwidyI6W3siZm4iOiJlbnZmcXFlMWF5NGsxLUFQTCIsInMiOiIxNiIsImEiOiIwIiwicCI6IjEwLC0xMCJ9XX0.FBaayjqsQCD6q7BagRBtqtpeXEzFS7zR0m53Sz9WaEE/image;s=2048x1536;q=80,https://ireland.apollo.olxcdn.com/v1/files/eyJhbGciOiJIUzI1NiIsInR5cCI6IkpXVCJ9.eyJmbiI6Imozd280eTl4emk2bDMtQVBMIiwidyI6W3siZm4iOiJlbnZmcXFlMWF5NGsxLUFQTCIsInMiOiIxNiIsImEiOiIwIiwicCI6IjEwLC0xMCJ9XX0.PbDNG00faUGtfYgFejpMxNbcH9n3Q2ww2EtyT8jGmAM/image;s=2048x1536;q=80,https://ireland.apollo.olxcdn.com/v1/files/eyJhbGciOiJIUzI1NiIsInR5cCI6IkpXVCJ9.eyJmbiI6ImhpM3d5Zzl3bWxrMi1BUEwiLCJ3IjpbeyJmbiI6ImVudmZxcWUxYXk0azEtQVBMIiwicyI6IjE2IiwiYSI6IjAiLCJwIjoiMTAsLTEwIn1dfQ.H49Pn527APiwHeBVix5mb5h_Yye81w2Kna0XpJ_kGoI/image;s=2048x1536;q=80",,,,,
68297960,dom,Ostatni dostępny lokal | Murowana Goślina - Osiedle Sienkiewicza |,95.08,4,,698000,7341,ul. Wołodyjowskiego,Murowana Goślina,Murowana Goślina,,52.57594,17.02093,,,,https://www.otodom.pl/pl/oferta/ostatni-dostepny-lokal-murowana-goslina-osiedle-sienkiewicza-ID4Czq0,"https://ireland.apollo.olxcdn.com/v1/files/eyJhbGciOiJIUzI1NiIsInR5cCI6IkpXVCJ9.eyJmbiI6InE0MjhnNjM0czZybTItRUNPU1lTVEVNIiwidyI6W3siZm4iOiJlbnZmcXFlMWF5NGsxLUFQTCIsInMiOiIxNiIsImEiOiIwIiwicCI6IjEwLC0xMCJ9XX0.Ogke-Wr4yTLmLAyebVvh21gl-5_wZq141ZJyYP9oIAk/image;s=2048x1536;q=80,https://ireland.apollo.olxcdn.com/v1/files/eyJhbGciOiJIUzI1NiIsInR5cCI6IkpXVCJ9.eyJmbiI6InM4Y2w5YTI3dGw2Yy1FQ09TWVNURU0iLCJ3IjpbeyJmbiI6ImVudmZxcWUxYXk0azEtQVBMIiwicyI6IjE2IiwiYSI6IjAiLCJwIjoiMTAsLTEwIn1dfQ.CTU45b36VUTibkKvEgLissMAoqwCrK-ctET6-NOjpy0/image;s=2048x1536;q=80,https://ireland.apollo.olxcdn.com/v1/files/eyJhbGciOiJIUzI1NiIsInR5cCI6IkpXVCJ9.eyJmbiI6IjBhZ2dhZnAzdDA1bDMtRUNPU1lTVEVNIiwidyI6W3siZm4iOiJlbnZmcXFlMWF5NGsxLUFQTCIsInMiOiIxNiIsImEiOiIwIiwicCI6IjEwLC0xMCJ9XX0.be4O3IRj9c3UhScJ0_s4-d3R1DmxhXlLLqyxMDvYFp8/image;s=2048x1536;q=80",,,,,
68430168,dom,Szeregowiec _ 87 m2 + Ogródek 126 m2 _ spokój _ Bez prowizji :),87.62,4,,698600,7973,Tulecka,Gowarzewo,,,52.35271,17.10979,,,,https://www.otodom.pl/pl/oferta/szeregowiec-87-m2-ogrodek-126-m2-spokoj-bez-prowizji-ID4D7Oo,"https://ireland.apollo.olxcdn.com/v1/files/eyJhbGciOiJIUzI1NiIsInR5cCI6IkpXVCJ9.eyJmbiI6Im53Nmtpb3o1cWo1YS1FQ09TWVNURU0iLCJ3IjpbeyJmbiI6ImVudmZxcWUxYXk0azEtQVBMIiwicyI6IjE2IiwiYSI6IjAiLCJwIjoiMTAsLTEwIn1dfQ.2uPn4tNcajyrIplYMbAAnA2CdHI2m9KPI6f74KBoVlM/image;s=2048x1536;q=80,https://ireland.apollo.olxcdn.com/v1/files/eyJhbGciOiJIUzI1NiIsInR5cCI6IkpXVCJ9.eyJmbiI6IjJkc3FtanNhNmp0dDItRUNPU1lTVEVNIiwidyI6W3siZm4iOiJlbnZmcXFlMWF5NGsxLUFQTCIsInMiOiIxNiIsImEiOiIwIiwicCI6IjEwLC0xMCJ9XX0.Q1tDHQfzTEMvlFzeN2Z26mnQ_LJjjReLiEmtksyXhYE/image;s=2048x1536;q=80,https://ireland.apollo.olxcdn.com/v1/files/eyJhbGciOiJIUzI1NiIsInR5cCI6IkpXVCJ9.eyJmbiI6ImRnZnNwZ2c4a3lmNC1FQ09TWVNURU0iLCJ3IjpbeyJmbiI6ImVudmZxcWUxYXk0azEtQVBMIiwicyI6IjE2IiwiYSI6IjAiLCJwIjoiMTAsLTEwIn1dfQ.zOaV2tpKDofD0u0Rvmvspo9-HUSayzKRT_ho1m5qlPY/image;s=2048x1536;q=80",,,,,
66866223,mieszkanie,Mieszkanie 90m2 ogród 400 m2 Dopiewiec,87,4,0,699000,8034,,Dopiewiec,Dopiewiec,,52.36134,16.70748,,,,https://www.otodom.pl/pl/oferta/mieszkanie-90m2-ogrod-400-m2-dopiewiec-ID4vyXt,"https://ireland.apollo.olxcdn.com/v1/files/eyJhbGciOiJIUzI1NiIsInR5cCI6IkpXVCJ9.eyJmbiI6Imh6emt0cjZ4cDdvZC1BUEwiLCJ3IjpbeyJmbiI6ImVudmZxcWUxYXk0azEtQVBMIiwicyI6IjE2IiwiYSI6IjAiLCJwIjoiMTAsLTEwIn1dfQ.3M1NhqfPZCRQrfxmivpkOefsmu-lEd70yUaQXHWTrPw/image;s=2048x1536;q=80,https://ireland.apollo.olxcdn.com/v1/files/eyJhbGciOiJIUzI1NiIsInR5cCI6IkpXVCJ9.eyJmbiI6ImQxMm96cms2NGc2bjMtQVBMIiwidyI6W3siZm4iOiJlbnZmcXFlMWF5NGsxLUFQTCIsInMiOiIxNiIsImEiOiIwIiwicCI6IjEwLC0xMCJ9XX0.sUcUfQR-Fg9a56Ag7k5f9JDl-LiJCdlpxzHUgxwmokA/image;s=2048x1536;q=80,https://ireland.apollo.olxcdn.com/v1/files/eyJhbGciOiJIUzI1NiIsInR5cCI6IkpXVCJ9.eyJmbiI6IjlnbWN0MnZta2twcTMtQVBMIiwidyI6W3siZm4iOiJlbnZmcXFlMWF5NGsxLUFQTCIsInMiOiIxNiIsImEiOiIwIiwicCI6IjEwLC0xMCJ9XX0.jXM7-bC6gEAS-6UurQMG5nQ3BDk7-YW9ZF7bungdTvc/image;s=2048x1536;q=80",,,,,
67390580,dom,4 pokoje dla rodziny | ogródek| miejsce post.,78.53,4,,699000,8901,Biesiadna,Spławie,Poznań,,52.34897,17.02047,,,,https://www.otodom.pl/pl/oferta/4-pokoje-dla-rodziny-ogrodek-miejsce-post-ID4yLmQ,"https://ireland.apollo.olxcdn.com/v1/files/eyJhbGciOiJIUzI1NiIsInR5cCI6IkpXVCJ9.eyJmbiI6ImwzaWxpYTc3NW5yZi1FQ09TWVNURU0iLCJ3IjpbeyJmbiI6ImVudmZxcWUxYXk0azEtQVBMIiwicyI6IjE2IiwiYSI6IjAiLCJwIjoiMTAsLTEwIn1dfQ.vkbNAEySGPEbhZJiUdnnTT7ws8EVmZ_QZen8OzdfpFE/image;s=2048x1536;q=80,https://ireland.apollo.olxcdn.com/v1/files/eyJhbGciOiJIUzI1NiIsInR5cCI6IkpXVCJ9.eyJmbiI6IjBoYXEybXJoY21pdjItRUNPU1lTVEVNIiwidyI6W3siZm4iOiJlbnZmcXFlMWF5NGsxLUFQTCIsInMiOiIxNiIsImEiOiIwIiwicCI6IjEwLC0xMCJ9XX0.zH7FH0eHtNtifHCBrGSt0dCV1luP-CJ0oy46plSzGNc/image;s=2048x1536;q=80,https://ireland.apollo.olxcdn.com/v1/files/eyJhbGciOiJIUzI1NiIsInR5cCI6IkpXVCJ9.eyJmbiI6IjU1cDRmaXR5Nnk3czMtRUNPU1lTVEVNIiwidyI6W3siZm4iOiJlbnZmcXFlMWF5NGsxLUFQTCIsInMiOiIxNiIsImEiOiIwIiwicCI6IjEwLC0xMCJ9XX0._n0Ak3tubgohJgvRfqrfPG3KuBeEDEZvMZB9wdeFBG0/image;s=2048x1536;q=80",,,,,
68135558,dom,"CENA PROMOCYJNA, Dom z ogrodem 97,41 mkw, Czapury koło Poznania!",97.41,5,,699000,7176,Zaciszna,Czapury,,,52.32058,16.92453,,,,https://www.otodom.pl/pl/oferta/cena-promocyjna-dom-z-ogrodem-97-41-mkw-czapury-kolo-poznania-ID4BTaC,"https://ireland.apollo.olxcdn.com/v1/files/eyJhbGciOiJIUzI1NiIsInR5cCI6IkpXVCJ9.eyJmbiI6Ijk4Y3B2ODdybWZlbTMtQVBMIiwidyI6W3siZm4iOiJlbnZmcXFlMWF5NGsxLUFQTCIsInMiOiIxNiIsImEiOiIwIiwicCI6IjEwLC0xMCJ9XX0.rg0FrVic83YzCil_2oZbQR6FR2C6N0Dc16PrbszQvJc/image;s=2048x1536;q=80,https://ireland.apollo.olxcdn.com/v1/files/eyJhbGciOiJIUzI1NiIsInR5cCI6IkpXVCJ9.eyJmbiI6Img2aXgzODVmZDlpczItQVBMIiwidyI6W3siZm4iOiJlbnZmcXFlMWF5NGsxLUFQTCIsInMiOiIxNiIsImEiOiIwIiwicCI6IjEwLC0xMCJ9XX0.xuFkuidE_6nmBYCClfI-lJKpudWXvkUAvALTiCBmMvg/image;s=2048x1536;q=80,https://ireland.apollo.olxcdn.com/v1/files/eyJhbGciOiJIUzI1NiIsInR5cCI6IkpXVCJ9.eyJmbiI6IjVhbmV1cHBtaGQ4di1BUEwiLCJ3IjpbeyJmbiI6ImVudmZxcWUxYXk0azEtQVBMIiwicyI6IjE2IiwiYSI6IjAiLCJwIjoiMTAsLTEwIn1dfQ.rwjVqy_CUvQ9oLhNJGn_35r_apxxYG-C0OkWhzC1qTA/image;s=2048x1536;q=80",,,,,
68474688,dom,Nowoczesny dom z ogrodem blisko Poznania,94,4,,699000,7436,ul. Borówkowa,Gowarzewo,Gowarzewo,,52.370267,17.148618,,,,https://www.otodom.pl/pl/oferta/nowoczesny-dom-z-ogrodem-blisko-poznania-ID4Djos,"https://ireland.apollo.olxcdn.com/v1/files/eyJhbGciOiJIUzI1NiIsInR5cCI6IkpXVCJ9.eyJmbiI6ImhqaDF1bXAyZnVqdTMtQVBMIiwidyI6W3siZm4iOiJlbnZmcXFlMWF5NGsxLUFQTCIsInMiOiIxNiIsImEiOiIwIiwicCI6IjEwLC0xMCJ9XX0.tqKiO-izIPbGiploccShVr9N6ngEXDUqikf2kwYfidQ/image;s=2048x1536;q=80,https://ireland.apollo.olxcdn.com/v1/files/eyJhbGciOiJIUzI1NiIsInR5cCI6IkpXVCJ9.eyJmbiI6ImNzYWZybzJ1dHlwMi1BUEwiLCJ3IjpbeyJmbiI6ImVudmZxcWUxYXk0azEtQVBMIiwicyI6IjE2IiwiYSI6IjAiLCJwIjoiMTAsLTEwIn1dfQ.HMfe0D0LXCNbVrzUnCKBYx9jeaGj05FWZzmayYviXcg/image;s=2048x1536;q=80,https://ireland.apollo.olxcdn.com/v1/files/eyJhbGciOiJIUzI1NiIsInR5cCI6IkpXVCJ9.eyJmbiI6IjZrOTcyeWl5d2I0OC1BUEwiLCJ3IjpbeyJmbiI6ImVudmZxcWUxYXk0azEtQVBMIiwicyI6IjE2IiwiYSI6IjAiLCJwIjoiMTAsLTEwIn1dfQ.zlJ9pouTB1CHBA9i2667JVr0a7pAk7aSKwgM60JMsPo/image;s=2048x1536;q=80",,,,,
67479889,dom,4 pokoje 87 m2 + ogród | 2 miejsca | Poddasze 19 m2 | ODBIERZ KLUCZE !,87,4,,699000,8034,Śnieżna,Gowarzewo,Gowarzewo,,52.354378,17.109029,,,,https://www.otodom.pl/pl/oferta/4-pokoje-87-m2-ogrod-2-miejsca-poddasze-19-m2-odbierz-klucze-ID4z8Bj,"https://ireland.apollo.olxcdn.com/v1/files/eyJhbGciOiJIUzI1NiIsInR5cCI6IkpXVCJ9.eyJmbiI6ImQ2Mmg5NG0wM2tmdy1BUEwiLCJ3IjpbeyJmbiI6ImVudmZxcWUxYXk0azEtQVBMIiwicyI6IjE2IiwiYSI6IjAiLCJwIjoiMTAsLTEwIn1dfQ.d17jrgN0mzhIT8xm2wKXZUoHcULww6w2OdXM10u_0uY/image;s=2048x1536;q=80,https://ireland.apollo.olxcdn.com/v1/files/eyJhbGciOiJIUzI1NiIsInR5cCI6IkpXVCJ9.eyJmbiI6InhvZnBuNWY4ZWJ1bjEtQVBMIiwidyI6W3siZm4iOiJlbnZmcXFlMWF5NGsxLUFQTCIsInMiOiIxNiIsImEiOiIwIiwicCI6IjEwLC0xMCJ9XX0.Rzt9NgAZsdljrjQMxT7Lda7MWJuqDVzN7jwRK0WKibs/image;s=2048x1536;q=80,https://ireland.apollo.olxcdn.com/v1/files/eyJhbGciOiJIUzI1NiIsInR5cCI6IkpXVCJ9.eyJmbiI6ImJycnlxNG1mbWV5OS1BUEwiLCJ3IjpbeyJmbiI6ImVudmZxcWUxYXk0azEtQVBMIiwicyI6IjE2IiwiYSI6IjAiLCJwIjoiMTAsLTEwIn1dfQ.jiBZwVexJjOkyubvJCGGZW3d7WSfQ6ibkT1gZ-gx5QA/image;s=2048x1536;q=80",,,,,
67278093,dom,"Dom 90m2, Murowana Goślina, ul. C.K. Norwida",90,3,,699000,7767,ul. C.K. Norwida,Murowana Goślina,Murowana Goślina,,52.57379,17.01054,,,,https://www.otodom.pl/pl/oferta/dom-90m2-murowana-goslina-ul-c-k-norwida-ID4yi6x,"https://ireland.apollo.olxcdn.com/v1/files/eyJhbGciOiJIUzI1NiIsInR5cCI6IkpXVCJ9.eyJmbiI6Ind6d25oN3U5MWZnMTEtQVBMIiwidyI6W3siZm4iOiJlbnZmcXFlMWF5NGsxLUFQTCIsInMiOiIxNiIsImEiOiIwIiwicCI6IjEwLC0xMCJ9XX0.h1H955nLR5bdoQHnp9mclnrXy4QR_Iosv7yVqqNH_ro/image;s=2048x1536;q=80,https://ireland.apollo.olxcdn.com/v1/files/eyJhbGciOiJIUzI1NiIsInR5cCI6IkpXVCJ9.eyJmbiI6ImNteWlpZmN4dm1xMi1BUEwiLCJ3IjpbeyJmbiI6ImVudmZxcWUxYXk0azEtQVBMIiwicyI6IjE2IiwiYSI6IjAiLCJwIjoiMTAsLTEwIn1dfQ.NbBA1-Y_qGF9WGJb0IKDNqmrzzxFKAlq_MN2CfopwGA/image;s=2048x1536;q=80,https://ireland.apollo.olxcdn.com/v1/files/eyJhbGciOiJIUzI1NiIsInR5cCI6IkpXVCJ9.eyJmbiI6InI1M3djeWNwYWVkaTItQVBMIiwidyI6W3siZm4iOiJlbnZmcXFlMWF5NGsxLUFQTCIsInMiOiIxNiIsImEiOiIwIiwicCI6IjEwLC0xMCJ9XX0.u2spTxDafBvdpaobsAGkTJiclGG4sRoZIbdoP3Hw2zk/image;s=2048x1536;q=80",,,,,
68459628,dom,NIE PRZEGAP - OSTATNI DOM - ODDANE DO UŻYTKU,115,5,,699000,6078,,Owińska,Owińska,,52.46416,16.98197,,,,https://www.otodom.pl/pl/oferta/nie-przegap-ostatni-dom-oddane-do-uzytku-ID4Dfty,"https://ireland.apollo.olxcdn.com/v1/files/eyJhbGciOiJIUzI1NiIsInR5cCI6IkpXVCJ9.eyJmbiI6Im1vOGtkeDF6dGR1bC1FQ09TWVNURU0iLCJ3IjpbeyJmbiI6ImVudmZxcWUxYXk0azEtQVBMIiwicyI6IjE2IiwiYSI6IjAiLCJwIjoiMTAsLTEwIn1dfQ.wyRC5Q5BxAEfeXtSZ2BPvKKIDw8gR9FAOn1acPqgxkY/image;s=2048x1536;q=80,https://ireland.apollo.olxcdn.com/v1/files/eyJhbGciOiJIUzI1NiIsInR5cCI6IkpXVCJ9.eyJmbiI6Im10OWs3ejlmNmZ4MzEtRUNPU1lTVEVNIiwidyI6W3siZm4iOiJlbnZmcXFlMWF5NGsxLUFQTCIsInMiOiIxNiIsImEiOiIwIiwicCI6IjEwLC0xMCJ9XX0.wXFls16yGRL-H1408DTiYJ8WEOhSDsTEpTJGpoJNWlY/image;s=2048x1536;q=80,https://ireland.apollo.olxcdn.com/v1/files/eyJhbGciOiJIUzI1NiIsInR5cCI6IkpXVCJ9.eyJmbiI6InVodHV0dTR1bTg3ZDMtRUNPU1lTVEVNIiwidyI6W3siZm4iOiJlbnZmcXFlMWF5NGsxLUFQTCIsInMiOiIxNiIsImEiOiIwIiwicCI6IjEwLC0xMCJ9XX0.gdEhTbS6nSikY51DmG4caCyBDhAgOSmf9ygW4ox5B0k/image;s=2048x1536;q=80",,,,,
68456732,dom,"Nowoczesny dom, 4 pokoje, spokojna okolica!",98.25,4,,699000,7114,,Bytkowo,Rokietnica,,52.51425,16.77852,,,,https://www.otodom.pl/pl/oferta/nowoczesny-dom-4-pokoje-spokojna-okolica-ID4DeIQ,"https://ireland.apollo.olxcdn.com/v1/files/eyJhbGciOiJIUzI1NiIsInR5cCI6IkpXVCJ9.eyJmbiI6ImlqaTh3djl5OGw3czMtRUNPU1lTVEVNIiwidyI6W3siZm4iOiJlbnZmcXFlMWF5NGsxLUFQTCIsInMiOiIxNiIsImEiOiIwIiwicCI6IjEwLC0xMCJ9XX0.F8wUj8BcOSrH_JzuBO6YBTAK56RzIqFOJx1qs34JwD4/image;s=2048x1536;q=80,https://ireland.apollo.olxcdn.com/v1/files/eyJhbGciOiJIUzI1NiIsInR5cCI6IkpXVCJ9.eyJmbiI6ImJlc3hxb3F0aHVoOC1FQ09TWVNURU0iLCJ3IjpbeyJmbiI6ImVudmZxcWUxYXk0azEtQVBMIiwicyI6IjE2IiwiYSI6IjAiLCJwIjoiMTAsLTEwIn1dfQ.kivZNnCr5r7-ET26wKZur1BQg9oFF9U7y4pbWkccShk/image;s=2048x1536;q=80,https://ireland.apollo.olxcdn.com/v1/files/eyJhbGciOiJIUzI1NiIsInR5cCI6IkpXVCJ9.eyJmbiI6IjJyMG53aHh2cWFoOTItRUNPU1lTVEVNIiwidyI6W3siZm4iOiJlbnZmcXFlMWF5NGsxLUFQTCIsInMiOiIxNiIsImEiOiIwIiwicCI6IjEwLC0xMCJ9XX0.3W5Z7UEvOsx5PKm2pGvNsE_iIgXBfG0LIIFiK6vDF2Q/image;s=2048x1536;q=80",,,,,
68455353,dom,✅Krosinko - Mosina/ I Etap  / Działka 562 m2✅,100.55,5,,699000,6952,,Krosinko,Krosinko,,52.22798,16.82342,,,,https://www.otodom.pl/pl/oferta/krosinko-mosina-i-etap-dzialka-562-m2-ID4DemB,"https://ireland.apollo.olxcdn.com/v1/files/eyJhbGciOiJIUzI1NiIsInR5cCI6IkpXVCJ9.eyJmbiI6Inp2b2s2ZHJwNXkwNzEtRUNPU1lTVEVNIiwidyI6W3siZm4iOiJlbnZmcXFlMWF5NGsxLUFQTCIsInMiOiIxNiIsImEiOiIwIiwicCI6IjEwLC0xMCJ9XX0.bb6ytohbnJ4FXAKL8IC8BJhSC36btE4Hx8OGOHlvPvU/image;s=2048x1536;q=80,https://ireland.apollo.olxcdn.com/v1/files/eyJhbGciOiJIUzI1NiIsInR5cCI6IkpXVCJ9.eyJmbiI6IjFnOXAxbnVndWIwaTEtRUNPU1lTVEVNIiwidyI6W3siZm4iOiJlbnZmcXFlMWF5NGsxLUFQTCIsInMiOiIxNiIsImEiOiIwIiwicCI6IjEwLC0xMCJ9XX0.6oEG_W4wAkuZiDVtnQByvsZ-w9x74TwSOtfgTKRR160/image;s=2048x1536;q=80,https://ireland.apollo.olxcdn.com/v1/files/eyJhbGciOiJIUzI1NiIsInR5cCI6IkpXVCJ9.eyJmbiI6ImprcDRwb2RkbzhnZzEtRUNPU1lTVEVNIiwidyI6W3siZm4iOiJlbnZmcXFlMWF5NGsxLUFQTCIsInMiOiIxNiIsImEiOiIwIiwicCI6IjEwLC0xMCJ9XX0.rzRDNdjW4On-AMnanOfO1O-vmjZPl2n-jXhxdUipbt0/image;s=2048x1536;q=80",,,,,
68453790,dom,✅Drużyna - Nowa oferta / 4pokoje+salon,104.6,5,,699000,6683,,Mosina,Drużyna,,52.21103,16.82642,,,,https://www.otodom.pl/pl/oferta/druzyna-nowa-oferta-4pokoje-salon-ID4DdXo,"https://ireland.apollo.olxcdn.com/v1/files/eyJhbGciOiJIUzI1NiIsInR5cCI6IkpXVCJ9.eyJmbiI6ImppdjhpbTVhcGozbS1FQ09TWVNURU0iLCJ3IjpbeyJmbiI6ImVudmZxcWUxYXk0azEtQVBMIiwicyI6IjE2IiwiYSI6IjAiLCJwIjoiMTAsLTEwIn1dfQ.eXXQVU0RCgjaCzQKF47uvu3-CYOn2ioeHKEafJzpAno/image;s=2048x1536;q=80,https://ireland.apollo.olxcdn.com/v1/files/eyJhbGciOiJIUzI1NiIsInR5cCI6IkpXVCJ9.eyJmbiI6ImVlc3QzaTN2ZTBzdTItRUNPU1lTVEVNIiwidyI6W3siZm4iOiJlbnZmcXFlMWF5NGsxLUFQTCIsInMiOiIxNiIsImEiOiIwIiwicCI6IjEwLC0xMCJ9XX0.EjqCpevZOYyOZP8v44SlOHN_l6GoHHoViJJCHEdyn9M/image;s=2048x1536;q=80,https://ireland.apollo.olxcdn.com/v1/files/eyJhbGciOiJIUzI1NiIsInR5cCI6IkpXVCJ9.eyJmbiI6Indsb2wwMXVhdmo2aDEtRUNPU1lTVEVNIiwidyI6W3siZm4iOiJlbnZmcXFlMWF5NGsxLUFQTCIsInMiOiIxNiIsImEiOiIwIiwicCI6IjEwLC0xMCJ9XX0.2HCABPCspcFGsGhrcKdDe2GDuO9UfZUnuJv09938af8/image;s=2048x1536;q=80",,,,,
68453791,dom,✅ Żabinko / Dom Przy Lesie / Działka 550 m2 ✅,125.23,5,,699000,5582,,Mosina,Mosina,,52.22794,16.85271,,,,https://www.otodom.pl/pl/oferta/zabinko-dom-przy-lesie-dzialka-550-m2-ID4DdXp,"https://ireland.apollo.olxcdn.com/v1/files/eyJhbGciOiJIUzI1NiIsInR5cCI6IkpXVCJ9.eyJmbiI6InA4N3dvamM4cXlwZTItRUNPU1lTVEVNIiwidyI6W3siZm4iOiJlbnZmcXFlMWF5NGsxLUFQTCIsInMiOiIxNiIsImEiOiIwIiwicCI6IjEwLC0xMCJ9XX0.lgxhoLaz819ZPjNT56n19queVCLNwpEWcTCXm1ePNTE/image;s=2048x1536;q=80,https://ireland.apollo.olxcdn.com/v1/files/eyJhbGciOiJIUzI1NiIsInR5cCI6IkpXVCJ9.eyJmbiI6ImszMGd1Y2Y2d2pqbjMtRUNPU1lTVEVNIiwidyI6W3siZm4iOiJlbnZmcXFlMWF5NGsxLUFQTCIsInMiOiIxNiIsImEiOiIwIiwicCI6IjEwLC0xMCJ9XX0.KU2PDoxR0IN0x0MD17JzFedTnEMXQPEgYDJCT6WgykQ/image;s=2048x1536;q=80,https://ireland.apollo.olxcdn.com/v1/files/eyJhbGciOiJIUzI1NiIsInR5cCI6IkpXVCJ9.eyJmbiI6InZ3NWxqMHk5eHRmajMtRUNPU1lTVEVNIiwidyI6W3siZm4iOiJlbnZmcXFlMWF5NGsxLUFQTCIsInMiOiIxNiIsImEiOiIwIiwicCI6IjEwLC0xMCJ9XX0.HiLE4NjSyghSoYv7IqYVrEP_vVZI-cGtOKyU7fcvswc/image;s=2048x1536;q=80",,,,,
67963910,dom,Połówka bliźniaka Dopiewiec,95,4,,699000,7358,ul. Krasnoludków,Dopiewiec,Dopiewiec,,52.37384,16.68235,,,,https://www.otodom.pl/pl/oferta/polowka-blizniaka-dopiewiec-ID4Bav6,"https://ireland.apollo.olxcdn.com/v1/files/eyJhbGciOiJIUzI1NiIsInR5cCI6IkpXVCJ9.eyJmbiI6IjFraG1rZG9ubno1NjMtQVBMIiwidyI6W3siZm4iOiJlbnZmcXFlMWF5NGsxLUFQTCIsInMiOiIxNiIsImEiOiIwIiwicCI6IjEwLC0xMCJ9XX0.9PWbESlRmC37_ptd5FSy5nifiu-vnuRhOCcwSRDE1XY/image;s=2048x1536;q=80,https://ireland.apollo.olxcdn.com/v1/files/eyJhbGciOiJIUzI1NiIsInR5cCI6IkpXVCJ9.eyJmbiI6ImlnenRlNXB4cHQzaTMtQVBMIiwidyI6W3siZm4iOiJlbnZmcXFlMWF5NGsxLUFQTCIsInMiOiIxNiIsImEiOiIwIiwicCI6IjEwLC0xMCJ9XX0.BZrV456eTIi24-G336Y-uQQnDgjVTDkGMj7QaPtTbSw/image;s=2048x1536;q=80,https://ireland.apollo.olxcdn.com/v1/files/eyJhbGciOiJIUzI1NiIsInR5cCI6IkpXVCJ9.eyJmbiI6ImV4a3JqMG03Nmo3dC1BUEwiLCJ3IjpbeyJmbiI6ImVudmZxcWUxYXk0azEtQVBMIiwicyI6IjE2IiwiYSI6IjAiLCJwIjoiMTAsLTEwIn1dfQ._w-y_eJbLnIQZ0XgZIgf9cyFVgs4gntPGnfRHk8lxpY/image;s=2048x1536;q=80",,,,,
67962737,dom,"Bliźniak parterowy 92 m2 z dużym ogrodem, Borkowice",92,4,,699000,7598,ul. Nowa,Mosina,Borkowice,,52.217089,16.804546,,,,https://www.otodom.pl/pl/oferta/blizniak-parterowy-92-m2-z-duzym-ogrodem-borkowice-ID4Badb,"https://ireland.apollo.olxcdn.com/v1/files/eyJhbGciOiJIUzI1NiIsInR5cCI6IkpXVCJ9.eyJmbiI6ImU3ZXA3a25jOGczeDItQVBMIiwidyI6W3siZm4iOiJlbnZmcXFlMWF5NGsxLUFQTCIsInMiOiIxNiIsImEiOiIwIiwicCI6IjEwLC0xMCJ9XX0.mhARgeOpZE8UI3xayH-I_qLTq83zvJLuPuXaKMs357E/image;s=2048x1536;q=80,https://ireland.apollo.olxcdn.com/v1/files/eyJhbGciOiJIUzI1NiIsInR5cCI6IkpXVCJ9.eyJmbiI6InV2YnNteWhwdms3Yy1BUEwiLCJ3IjpbeyJmbiI6ImVudmZxcWUxYXk0azEtQVBMIiwicyI6IjE2IiwiYSI6IjAiLCJwIjoiMTAsLTEwIn1dfQ.QtHDP5uT81gqMdbOWkduQ7rBr6_0EACedxITWdDya34/image;s=2048x1536;q=80,https://ireland.apollo.olxcdn.com/v1/files/eyJhbGciOiJIUzI1NiIsInR5cCI6IkpXVCJ9.eyJmbiI6InJrNmVjczNkamN0dTMtQVBMIiwidyI6W3siZm4iOiJlbnZmcXFlMWF5NGsxLUFQTCIsInMiOiIxNiIsImEiOiIwIiwicCI6IjEwLC0xMCJ9XX0.jrTYKvPDAMrcIZyq9PDpqf6AyockjQWyP1udmvz7EV0/image;s=2048x1536;q=80",,,,,
68141807,dom,REZERWACJA. WKRÓTCE NOWE. Nowoczesny bliźniak parterowy z fotowoltaiką,89.33,4,,699000,7825,Ignacego Krasickiego,Dopiewiec,Dopiewiec,Bajkowy Dopiewiec III. Pełna własność! Fotowoltaika z mag. energii!,52.35789,16.707536,,,,https://www.otodom.pl/pl/oferta/rezerwacja-wkrotce-nowe-nowoczesny-blizniak-parterowy-z-fotowoltaika-ID4BUNp,"https://ireland.apollo.olxcdn.com/v1/files/eyJhbGciOiJIUzI1NiIsInR5cCI6IkpXVCJ9.eyJmbiI6IjB0dDN5em5tbW5wNDMtQVBMIiwidyI6W3siZm4iOiJlbnZmcXFlMWF5NGsxLUFQTCIsInMiOiIxNiIsImEiOiIwIiwicCI6IjEwLC0xMCJ9XX0.DOVNWtRkSwFuh-cWbq_8ylNpsWxae3o6JsepCGR9Dig/image;s=2048x1536;q=80,https://ireland.apollo.olxcdn.com/v1/files/eyJhbGciOiJIUzI1NiIsInR5cCI6IkpXVCJ9.eyJmbiI6InJpd2wwNXkzcHd5ODItQVBMIiwidyI6W3siZm4iOiJlbnZmcXFlMWF5NGsxLUFQTCIsInMiOiIxNiIsImEiOiIwIiwicCI6IjEwLC0xMCJ9XX0.xMuFF2QBZOLSFkcMEUhddqc9wndoi3xfWLgsdDTYIY8/image;s=2048x1536;q=80,https://ireland.apollo.olxcdn.com/v1/files/eyJhbGciOiJIUzI1NiIsInR5cCI6IkpXVCJ9.eyJmbiI6IjJnbjczczh0ZWltODEtQVBMIiwidyI6W3siZm4iOiJlbnZmcXFlMWF5NGsxLUFQTCIsInMiOiIxNiIsImEiOiIwIiwicCI6IjEwLC0xMCJ9XX0.NSvk7tOOPQUoMfVS2YPd7b6X0aIz44LIuL-Ged4etNE/image;s=2048x1536;q=80",,,,,
66945484,dom,"Siekierki Wielkie , nowoczesna zabudowa parterowa ze strefą buforową",92,4,,699000,7598,ul. Tulecka,Siekierki Wielkie,,,52.37452,17.15866,,,,https://www.otodom.pl/pl/oferta/siekierki-wielkie-nowoczesna-zabudowa-parterowa-ze-strefa-buforowa-ID4vTzS,"https://ireland.apollo.olxcdn.com/v1/files/eyJhbGciOiJIUzI1NiIsInR5cCI6IkpXVCJ9.eyJmbiI6InptOHF5d3piaWtsYTEtQVBMIiwidyI6W3siZm4iOiJlbnZmcXFlMWF5NGsxLUFQTCIsInMiOiIxNiIsImEiOiIwIiwicCI6IjEwLC0xMCJ9XX0.vpOTBof35FL_OhAKAigdY-EeZhbnADDodWA8mKUZPok/image;s=2048x1536;q=80,https://ireland.apollo.olxcdn.com/v1/files/eyJhbGciOiJIUzI1NiIsInR5cCI6IkpXVCJ9.eyJmbiI6ImtlNTc5Nm4yNjV5MS1BUEwiLCJ3IjpbeyJmbiI6ImVudmZxcWUxYXk0azEtQVBMIiwicyI6IjE2IiwiYSI6IjAiLCJwIjoiMTAsLTEwIn1dfQ.ibWV0v4K9HTcames97r2SftmAvPRkQiH_lULaLWhtZw/image;s=2048x1536;q=80,https://ireland.apollo.olxcdn.com/v1/files/eyJhbGciOiJIUzI1NiIsInR5cCI6IkpXVCJ9.eyJmbiI6ImgwcHVvcWpvNzh0ODItQVBMIiwidyI6W3siZm4iOiJlbnZmcXFlMWF5NGsxLUFQTCIsInMiOiIxNiIsImEiOiIwIiwicCI6IjEwLC0xMCJ9XX0.PHrkAMG5QIO8I1GoGkJRfxnk8huADPNSWEmhr7RwYqU/image;s=2048x1536;q=80",,,,,
68396813,dom,✅Gotowe /Działki Od 190-518 m2/Dopiewiec✅,94.75,4,,699000,7377,,Dopiewo,Dopiewiec,,52.37284,16.67811,,,,https://www.otodom.pl/pl/oferta/gotowe-dzialki-od-190-518-m2-dopiewiec-ID4CZ8p,"https://ireland.apollo.olxcdn.com/v1/files/eyJhbGciOiJIUzI1NiIsInR5cCI6IkpXVCJ9.eyJmbiI6IjB3dHBnMXdobW82bDItRUNPU1lTVEVNIiwidyI6W3siZm4iOiJlbnZmcXFlMWF5NGsxLUFQTCIsInMiOiIxNiIsImEiOiIwIiwicCI6IjEwLC0xMCJ9XX0.58iClnWlwWtQs3iGsVrxob2RhW474kDKb-8WMySclmQ/image;s=2048x1536;q=80,https://ireland.apollo.olxcdn.com/v1/files/eyJhbGciOiJIUzI1NiIsInR5cCI6IkpXVCJ9.eyJmbiI6IjZibWxrNGlsZno0ZS1FQ09TWVNURU0iLCJ3IjpbeyJmbiI6ImVudmZxcWUxYXk0azEtQVBMIiwicyI6IjE2IiwiYSI6IjAiLCJwIjoiMTAsLTEwIn1dfQ._Mjg4Psgoe5TcwzJvF811tX9l7xZAYncJr-MUJfvXE8/image;s=2048x1536;q=80,https://ireland.apollo.olxcdn.com/v1/files/eyJhbGciOiJIUzI1NiIsInR5cCI6IkpXVCJ9.eyJmbiI6Im5scndteW52YTV0ODItRUNPU1lTVEVNIiwidyI6W3siZm4iOiJlbnZmcXFlMWF5NGsxLUFQTCIsInMiOiIxNiIsImEiOiIwIiwicCI6IjEwLC0xMCJ9XX0.PFgJJinNnJr7HJ9zneff_CzxIlSJnPmvH2Qf0p3FJTY/image;s=2048x1536;q=80",,,,,
68391465,dom,✅Kamionki/ Nowa Inwestycja/4 sypialnie,96.4,5,,699000,7251,,Kamionki,Kamionki,,52.28477,16.98444,,,,https://www.otodom.pl/pl/oferta/kamionki-nowa-inwestycja-4-sypialnie-ID4CXK9,"https://ireland.apollo.olxcdn.com/v1/files/eyJhbGciOiJIUzI1NiIsInR5cCI6IkpXVCJ9.eyJmbiI6InZtZ3ZpcDdnamxjdC1FQ09TWVNURU0iLCJ3IjpbeyJmbiI6ImVudmZxcWUxYXk0azEtQVBMIiwicyI6IjE2IiwiYSI6IjAiLCJwIjoiMTAsLTEwIn1dfQ.-fC6OthEF-B5w920TuN4uYFZS9TTY7PEpSwBVlFrDKo/image;s=2048x1536;q=80,https://ireland.apollo.olxcdn.com/v1/files/eyJhbGciOiJIUzI1NiIsInR5cCI6IkpXVCJ9.eyJmbiI6ImdzajM1bDZndDQ3bTItRUNPU1lTVEVNIiwidyI6W3siZm4iOiJlbnZmcXFlMWF5NGsxLUFQTCIsInMiOiIxNiIsImEiOiIwIiwicCI6IjEwLC0xMCJ9XX0.4mm2TPE_vYhevY-tXtcDmNMJP4JI7mYPmSqqBH0XPu8/image;s=2048x1536;q=80,https://ireland.apollo.olxcdn.com/v1/files/eyJhbGciOiJIUzI1NiIsInR5cCI6IkpXVCJ9.eyJmbiI6ImZ2YWxnN2Zzczl6aTEtRUNPU1lTVEVNIiwidyI6W3siZm4iOiJlbnZmcXFlMWF5NGsxLUFQTCIsInMiOiIxNiIsImEiOiIwIiwicCI6IjEwLC0xMCJ9XX0.8MUNdqoK37fd-FwEMRxF5ScKZbK4DQ4JkZsqTIpDz2I/image;s=2048x1536;q=80",,,,,
68391010,dom,✅Drużyna - Nowa oferta / 4pokoje+salon,104.6,5,,699000,6683,,Mosina,Drużyna,,52.21103,16.82642,,,,https://www.otodom.pl/pl/oferta/white-check-markdruzyna-nowa-oferta-4pokoje-salon-ID4CXCO,"https://ireland.apollo.olxcdn.com/v1/files/eyJhbGciOiJIUzI1NiIsInR5cCI6IkpXVCJ9.eyJmbiI6Ijl1NDluc3BmNGloaTItRUNPU1lTVEVNIiwidyI6W3siZm4iOiJlbnZmcXFlMWF5NGsxLUFQTCIsInMiOiIxNiIsImEiOiIwIiwicCI6IjEwLC0xMCJ9XX0.WEP3ZRp25hYC3yQ_IaDqwYnIKEN1k4bM5ddHY5Rdz0s/image;s=2048x1536;q=80,https://ireland.apollo.olxcdn.com/v1/files/eyJhbGciOiJIUzI1NiIsInR5cCI6IkpXVCJ9.eyJmbiI6IjA0aTg0ZWZmdXJoZjItRUNPU1lTVEVNIiwidyI6W3siZm4iOiJlbnZmcXFlMWF5NGsxLUFQTCIsInMiOiIxNiIsImEiOiIwIiwicCI6IjEwLC0xMCJ9XX0.v70m-DAAnc75yg0hbY2ddqEIDumnLoR7odMEO6PUvao/image;s=2048x1536;q=80,https://ireland.apollo.olxcdn.com/v1/files/eyJhbGciOiJIUzI1NiIsInR5cCI6IkpXVCJ9.eyJmbiI6InN6NmJobThoNTRqaC1FQ09TWVNURU0iLCJ3IjpbeyJmbiI6ImVudmZxcWUxYXk0azEtQVBMIiwicyI6IjE2IiwiYSI6IjAiLCJwIjoiMTAsLTEwIn1dfQ.9fNZ6T2Ih7r-ZmIPECkyde-3iRrx59JkT8rKvhimnY4/image;s=2048x1536;q=80",,,,,
68380617,dom,✅Krosinko - Mosina/ I Etap  / Działka 562 m2✅,100.55,5,,699000,6952,,Krosinko,,,52.22798,16.82342,,,,https://www.otodom.pl/pl/oferta/white-check-markkrosinko-mosina-i-etap-dzialka-562-m2white-check-mark-ID4CUWb,"https://ireland.apollo.olxcdn.com/v1/files/eyJhbGciOiJIUzI1NiIsInR5cCI6IkpXVCJ9.eyJmbiI6ImF1amloN3J4Y291MDItRUNPU1lTVEVNIiwidyI6W3siZm4iOiJlbnZmcXFlMWF5NGsxLUFQTCIsInMiOiIxNiIsImEiOiIwIiwicCI6IjEwLC0xMCJ9XX0.QzzyjpAiRiJiYBR1vYSYty6T0M6VfRdteorM1kw-9-8/image;s=2048x1536;q=80,https://ireland.apollo.olxcdn.com/v1/files/eyJhbGciOiJIUzI1NiIsInR5cCI6IkpXVCJ9.eyJmbiI6Im55M2VrOTBmMWhrZTItRUNPU1lTVEVNIiwidyI6W3siZm4iOiJlbnZmcXFlMWF5NGsxLUFQTCIsInMiOiIxNiIsImEiOiIwIiwicCI6IjEwLC0xMCJ9XX0.6953dpTMNcXtGq_zevFS4bXeEmVbyWbpkbjjMRXdWTI/image;s=2048x1536;q=80,https://ireland.apollo.olxcdn.com/v1/files/eyJhbGciOiJIUzI1NiIsInR5cCI6IkpXVCJ9.eyJmbiI6InprcmEzcDhieWhvdjMtRUNPU1lTVEVNIiwidyI6W3siZm4iOiJlbnZmcXFlMWF5NGsxLUFQTCIsInMiOiIxNiIsImEiOiIwIiwicCI6IjEwLC0xMCJ9XX0.ray8Q0Xfq207s-SJURoMFGk_UjxgM0kdMpSKq8Grc9U/image;s=2048x1536;q=80",,,,,
68380335,dom,✅ Żabinko / Dom Przy Lesie / Działka 550 m2 ✅,125.23,5,,699000,5582,,Mosina,,,52.22794,16.85271,,,,https://www.otodom.pl/pl/oferta/white-check-mark-zabinko-dom-przy-lesie-dzialka-550-m2-white-check-mark-ID4CUQD,"https://ireland.apollo.olxcdn.com/v1/files/eyJhbGciOiJIUzI1NiIsInR5cCI6IkpXVCJ9.eyJmbiI6IjdzYWFqNXh0YXQ0YTItRUNPU1lTVEVNIiwidyI6W3siZm4iOiJlbnZmcXFlMWF5NGsxLUFQTCIsInMiOiIxNiIsImEiOiIwIiwicCI6IjEwLC0xMCJ9XX0.sTLJCUC6VIg1zC2nA9eOCPa8UmE-vtTVtk7Hw_2G430/image;s=2048x1536;q=80,https://ireland.apollo.olxcdn.com/v1/files/eyJhbGciOiJIUzI1NiIsInR5cCI6IkpXVCJ9.eyJmbiI6Inllc2IxNjR1dmY5YjEtRUNPU1lTVEVNIiwidyI6W3siZm4iOiJlbnZmcXFlMWF5NGsxLUFQTCIsInMiOiIxNiIsImEiOiIwIiwicCI6IjEwLC0xMCJ9XX0.YC511nfZNuTkAq_h4agE0ICOB7VIj4PlUb_RYXXZPPw/image;s=2048x1536;q=80,https://ireland.apollo.olxcdn.com/v1/files/eyJhbGciOiJIUzI1NiIsInR5cCI6IkpXVCJ9.eyJmbiI6InIzcWNkaDR3emJ0djItRUNPU1lTVEVNIiwidyI6W3siZm4iOiJlbnZmcXFlMWF5NGsxLUFQTCIsInMiOiIxNiIsImEiOiIwIiwicCI6IjEwLC0xMCJ9XX0.7gaOsHXsTfsEQnlgDJF1XWx_CFoMNSJmuDCoTkx0jRg/image;s=2048x1536;q=80",,,,,
68285390,dom,✅Drużyna - Nowa oferta / 4pokoje+salon,104.6,5,,699000,6683,Spokojna,Drużyna,Drużyna,,52.21103,16.82642,,,,https://www.otodom.pl/pl/oferta/druzyna-nowa-oferta-4pokoje-salon-ID4Cv9g,"https://ireland.apollo.olxcdn.com/v1/files/eyJhbGciOiJIUzI1NiIsInR5cCI6IkpXVCJ9.eyJmbiI6IjNmdXBzazB6b2lneC1FQ09TWVNURU0iLCJ3IjpbeyJmbiI6ImVudmZxcWUxYXk0azEtQVBMIiwicyI6IjE2IiwiYSI6IjAiLCJwIjoiMTAsLTEwIn1dfQ.aDiZRJhmH6WQVrGm4GjdPFV4KHZTKz78RI3e2vJS7k0/image;s=2048x1536;q=80,https://ireland.apollo.olxcdn.com/v1/files/eyJhbGciOiJIUzI1NiIsInR5cCI6IkpXVCJ9.eyJmbiI6ImZhczR1bzM1emJpNTItRUNPU1lTVEVNIiwidyI6W3siZm4iOiJlbnZmcXFlMWF5NGsxLUFQTCIsInMiOiIxNiIsImEiOiIwIiwicCI6IjEwLC0xMCJ9XX0._LIrmQ8KCc9GxXcgqWihMF6DrjX2U_cZQCgqftJzJIk/image;s=2048x1536;q=80,https://ireland.apollo.olxcdn.com/v1/files/eyJhbGciOiJIUzI1NiIsInR5cCI6IkpXVCJ9.eyJmbiI6ImtyZWxmMWNuN2hvby1FQ09TWVNURU0iLCJ3IjpbeyJmbiI6ImVudmZxcWUxYXk0azEtQVBMIiwicyI6IjE2IiwiYSI6IjAiLCJwIjoiMTAsLTEwIn1dfQ.SSfamMpPVKsFJa85D5KEYbVUQoYoVqXTwiLiEL8NQfs/image;s=2048x1536;q=80",,,,,
68220080,mieszkanie,"Twój dom w Poznaniu — 4 pokoje, ogród, willowe osiedle, cisza, lasy!",71.16,4,0,704484,9900,ul. Arnikowa,Nowa Wieś Górna,Poznań,,52.4918,16.93791,,,,https://www.otodom.pl/pl/oferta/twoj-dom-w-poznaniu-4-pokoje-ogrod-willowe-osiedle-cisza-lasy-ID4Cf9S,"https://ireland.apollo.olxcdn.com/v1/files/eyJhbGciOiJIUzI1NiIsInR5cCI6IkpXVCJ9.eyJmbiI6ImJrMzF4eHNwZWhjMS1BUEwiLCJ3IjpbeyJmbiI6ImVudmZxcWUxYXk0azEtQVBMIiwicyI6IjE2IiwiYSI6IjAiLCJwIjoiMTAsLTEwIn1dfQ.IB5ckt2Ly5wrlP8R0LZAzrzwivqE38_1AR5vMqioHtU/image;s=2048x1536;q=80,https://ireland.apollo.olxcdn.com/v1/files/eyJhbGciOiJIUzI1NiIsInR5cCI6IkpXVCJ9.eyJmbiI6InNobGp6ZXExem45YS1BUEwiLCJ3IjpbeyJmbiI6ImVudmZxcWUxYXk0azEtQVBMIiwicyI6IjE2IiwiYSI6IjAiLCJwIjoiMTAsLTEwIn1dfQ.tLXI9z6ynwlNBye0fG1HDcdSXxM6BUfIOf8HEsDUUqo/image;s=2048x1536;q=80,https://ireland.apollo.olxcdn.com/v1/files/eyJhbGciOiJIUzI1NiIsInR5cCI6IkpXVCJ9.eyJmbiI6Ino4NGc2MGM4MHRzODEtQVBMIiwidyI6W3siZm4iOiJlbnZmcXFlMWF5NGsxLUFQTCIsInMiOiIxNiIsImEiOiIwIiwicCI6IjEwLC0xMCJ9XX0.8Tx8JLwC1PPfrCsDg-kSE8aqVTWpF-dtOl0j42LBEp8/image;s=2048x1536;q=80",,,,,
66316026,mieszkanie,4-pokojowe mieszkanie 70m2 + 2 balkony,70.32,4,5,713044,10140,ul. Bielicowa,Naramowice,Poznań,Osiedle Witaj,52.44821,16.96004,,,,https://www.otodom.pl/pl/oferta/4-pokojowe-mieszkanie-70m2-2-balkony-ID4ufPk,"https://ireland.apollo.olxcdn.com/v1/files/eyJhbGciOiJIUzI1NiIsInR5cCI6IkpXVCJ9.eyJmbiI6IjNtYzBxOGZueHltMjEtRUNPU1lTVEVNIiwidyI6W3siZm4iOiJlbnZmcXFlMWF5NGsxLUFQTCIsInMiOiIxNiIsImEiOiIwIiwicCI6IjEwLC0xMCJ9XX0.tCx96FAdpm5Ds0kTob-HGACYBsw00dD3ROQQagdPbLs/image;s=2048x1536;q=80,https://ireland.apollo.olxcdn.com/v1/files/eyJhbGciOiJIUzI1NiIsInR5cCI6IkpXVCJ9.eyJmbiI6IjZ6bHVsa2s1eW8wdC1FQ09TWVNURU0iLCJ3IjpbeyJmbiI6ImVudmZxcWUxYXk0azEtQVBMIiwicyI6IjE2IiwiYSI6IjAiLCJwIjoiMTAsLTEwIn1dfQ.B8uDvKAqh02ag3OSMkz_Tbhr6eIpJpr5hkfzrTX-s3I/image;s=2048x1536;q=80,https://ireland.apollo.olxcdn.com/v1/files/eyJhbGciOiJIUzI1NiIsInR5cCI6IkpXVCJ9.eyJmbiI6Ijl6a2hiMTE5amI5ZzEtRUNPU1lTVEVNIiwidyI6W3siZm4iOiJlbnZmcXFlMWF5NGsxLUFQTCIsInMiOiIxNiIsImEiOiIwIiwicCI6IjEwLC0xMCJ9XX0.pQZ9xBti76lZt0hsZmhA6uL0iilhvfdhRDi_hPt1Pi4/image;s=2048x1536;q=80",,,,,
66477818,mieszkanie,4-pokojowe mieszkanie 71m2 Bez Pośredników,71.88,4,0,715800,9958,ul. Ząbkowicka,Junikowo,Poznań,Wieruszowska 2,52.38372,16.83917,,,,https://www.otodom.pl/pl/oferta/4-pokojowe-mieszkanie-71m2-bez-posrednikow-ID4uWUS,"https://ireland.apollo.olxcdn.com/v1/files/eyJhbGciOiJIUzI1NiIsInR5cCI6IkpXVCJ9.eyJmbiI6Im41a282ZzUxcmZuejEtRUNPU1lTVEVNIiwidyI6W3siZm4iOiJlbnZmcXFlMWF5NGsxLUFQTCIsInMiOiIxNiIsImEiOiIwIiwicCI6IjEwLC0xMCJ9XX0.-e0-d0fCfed8joJ22lcK_IaIKQYDlqxt2qtDnqkDa2c/image;s=2048x1536;q=80,https://ireland.apollo.olxcdn.com/v1/files/eyJhbGciOiJIUzI1NiIsInR5cCI6IkpXVCJ9.eyJmbiI6ImVrNjQ0bXBuOXZqcTItRUNPU1lTVEVNIiwidyI6W3siZm4iOiJlbnZmcXFlMWF5NGsxLUFQTCIsInMiOiIxNiIsImEiOiIwIiwicCI6IjEwLC0xMCJ9XX0.cpLwW78O-_ogg1Zt4MyfSEIm3JhZaeTcIFOYSJHlzAM/image;s=2048x1536;q=80,https://ireland.apollo.olxcdn.com/v1/files/eyJhbGciOiJIUzI1NiIsInR5cCI6IkpXVCJ9.eyJmbiI6ImNkNTg2dXJqemYyMS1FQ09TWVNURU0iLCJ3IjpbeyJmbiI6ImVudmZxcWUxYXk0azEtQVBMIiwicyI6IjE2IiwiYSI6IjAiLCJwIjoiMTAsLTEwIn1dfQ.WSLmtx_oUqMqKpt8_iehjJc1VlOJw4OVJTC1KOvX6mw/image;s=2048x1536;q=80",,,,,
68409437,mieszkanie,Miejski segment z ogródkiem - idealny na start,74.57,4,0,719000,9642,,Luboń,Luboń,,52.34705,16.89267,,,,https://www.otodom.pl/pl/oferta/miejski-segment-z-ogrodkiem-idealny-na-start-ID4D2q1,"https://ireland.apollo.olxcdn.com/v1/files/eyJhbGciOiJIUzI1NiIsInR5cCI6IkpXVCJ9.eyJmbiI6Imt5ZTd3Zmh4eWQxZTItRUNPU1lTVEVNIiwidyI6W3siZm4iOiJlbnZmcXFlMWF5NGsxLUFQTCIsInMiOiIxNiIsImEiOiIwIiwicCI6IjEwLC0xMCJ9XX0.nQrrTOW2Srlhn9tdvGij_N2DDM94oeMktiTgeFl0wa8/image;s=2048x1536;q=80,https://ireland.apollo.olxcdn.com/v1/files/eyJhbGciOiJIUzI1NiIsInR5cCI6IkpXVCJ9.eyJmbiI6InlsamExOGdzczFkODItRUNPU1lTVEVNIiwidyI6W3siZm4iOiJlbnZmcXFlMWF5NGsxLUFQTCIsInMiOiIxNiIsImEiOiIwIiwicCI6IjEwLC0xMCJ9XX0.iVaN2tKpihSpIrHrn8PYuBvWLX7kHtgxYRxVjYD_G0o/image;s=2048x1536;q=80,https://ireland.apollo.olxcdn.com/v1/files/eyJhbGciOiJIUzI1NiIsInR5cCI6IkpXVCJ9.eyJmbiI6InVxdGd1eWQwb3I4ZzEtRUNPU1lTVEVNIiwidyI6W3siZm4iOiJlbnZmcXFlMWF5NGsxLUFQTCIsInMiOiIxNiIsImEiOiIwIiwicCI6IjEwLC0xMCJ9XX0.6XR-_YfhB5PA8zTcUAKcXbSK0rYX0bFy2tPe_FWku38/image;s=2048x1536;q=80",,,,,
64454570,dom,DOM 110M2 Działka 550m2 Poznań Krzesiny Nowoczesny  Pompa Ciepła,110,4,,719000,6536,ul. Gorlicka,Krzesiny,Poznań,,52.34324,16.97685,,,,https://www.otodom.pl/pl/oferta/dom-110m2-dzialka-550m2-poznan-krzesiny-nowoczesny-pompa-ciepla-ID4mrzQ,"https://ireland.apollo.olxcdn.com/v1/files/eyJhbGciOiJIUzI1NiIsInR5cCI6IkpXVCJ9.eyJmbiI6Inh4NnNobnduenA5bi1BUEwiLCJ3IjpbeyJmbiI6ImVudmZxcWUxYXk0azEtQVBMIiwicyI6IjE2IiwiYSI6IjAiLCJwIjoiMTAsLTEwIn1dfQ.sQeTrfh2kEFid2my1BJC_7ONkNyBJc6IkTqZdPLRISs/image;s=2048x1536;q=80,https://ireland.apollo.olxcdn.com/v1/files/eyJhbGciOiJIUzI1NiIsInR5cCI6IkpXVCJ9.eyJmbiI6Im9md3draGhobHcyejEtQVBMIiwidyI6W3siZm4iOiJlbnZmcXFlMWF5NGsxLUFQTCIsInMiOiIxNiIsImEiOiIwIiwicCI6IjEwLC0xMCJ9XX0.A2rzpuRDFzhZtDFRF4QCc5l0Bp84yfE1F7eOdcuNs8g/image;s=2048x1536;q=80,https://ireland.apollo.olxcdn.com/v1/files/eyJhbGciOiJIUzI1NiIsInR5cCI6IkpXVCJ9.eyJmbiI6Inlja3BxOHA0bmxudjEtQVBMIiwidyI6W3siZm4iOiJlbnZmcXFlMWF5NGsxLUFQTCIsInMiOiIxNiIsImEiOiIwIiwicCI6IjEwLC0xMCJ9XX0.MtqQUnovGxC5b0qzSS2v7nX0AXS2mgdKeI1OsTBDYeg/image;s=2048x1536;q=80",,,,,
68346918,dom,"Dom, 75 m², Luboń",75,4,,719000,9587,,Luboń,Luboń,,52.3559,16.88314,,,,https://www.otodom.pl/pl/oferta/dom-75-m-lubon-ID4CM9E,"https://ireland.apollo.olxcdn.com/v1/files/eyJhbGciOiJIUzI1NiIsInR5cCI6IkpXVCJ9.eyJmbiI6Indkczg3cGVkYW96NTEtQVBMIiwidyI6W3siZm4iOiJlbnZmcXFlMWF5NGsxLUFQTCIsInMiOiIxNiIsImEiOiIwIiwicCI6IjEwLC0xMCJ9XX0.oTuFSDJmf0WT5aLz_sj04ktVc9vUHuZoGtliRc3nD0Q/image;s=2048x1536;q=80,https://ireland.apollo.olxcdn.com/v1/files/eyJhbGciOiJIUzI1NiIsInR5cCI6IkpXVCJ9.eyJmbiI6IjF4ZmFycDhmeWFyNTMtQVBMIiwidyI6W3siZm4iOiJlbnZmcXFlMWF5NGsxLUFQTCIsInMiOiIxNiIsImEiOiIwIiwicCI6IjEwLC0xMCJ9XX0.or1JkDKjRUkGXXrDyBs9kdEVWLabXGIYoRn7y7duSOg/image;s=2048x1536;q=80,https://ireland.apollo.olxcdn.com/v1/files/eyJhbGciOiJIUzI1NiIsInR5cCI6IkpXVCJ9.eyJmbiI6InJnNmFsZXZ2dnowMi1BUEwiLCJ3IjpbeyJmbiI6ImVudmZxcWUxYXk0azEtQVBMIiwicyI6IjE2IiwiYSI6IjAiLCJwIjoiMTAsLTEwIn1dfQ.LfAk2b41ay3bKZyVwHpnHfv7sHVZjU_euwlKuvYmSsw/image;s=2048x1536;q=80",,,,,
67111618,dom,C2 | 87 m2 + Ogród 128 m2 | 4 pokoje | 2026 GOTOWE do odbioru,87,4,,719000,8264,,Gowarzewo,Gowarzewo,,52.354378,17.109029,,,,https://www.otodom.pl/pl/oferta/c2-87-m2-ogrod-128-m2-4-pokoje-2026-gotowe-do-odbioru-ID4xANs,"https://ireland.apollo.olxcdn.com/v1/files/eyJhbGciOiJIUzI1NiIsInR5cCI6IkpXVCJ9.eyJmbiI6IjhoZzVwdG85ZmJveTEtQVBMIiwidyI6W3siZm4iOiJlbnZmcXFlMWF5NGsxLUFQTCIsInMiOiIxNiIsImEiOiIwIiwicCI6IjEwLC0xMCJ9XX0.OD26ZhWs4u2jKJcgfUuW7EUuk4LyQ1d6fx-nTt4GUBw/image;s=2048x1536;q=80,https://ireland.apollo.olxcdn.com/v1/files/eyJhbGciOiJIUzI1NiIsInR5cCI6IkpXVCJ9.eyJmbiI6ImJ0bHhxcWxvZmNlei1BUEwiLCJ3IjpbeyJmbiI6ImVudmZxcWUxYXk0azEtQVBMIiwicyI6IjE2IiwiYSI6IjAiLCJwIjoiMTAsLTEwIn1dfQ.CsNOaaH8a-TFb1cZH7DYoLIwSWArAxfQjQ18HDJ_Ups/image;s=2048x1536;q=80,https://ireland.apollo.olxcdn.com/v1/files/eyJhbGciOiJIUzI1NiIsInR5cCI6IkpXVCJ9.eyJmbiI6IjRjdTJiMDdxYmpiZi1BUEwiLCJ3IjpbeyJmbiI6ImVudmZxcWUxYXk0azEtQVBMIiwicyI6IjE2IiwiYSI6IjAiLCJwIjoiMTAsLTEwIn1dfQ.6Ar5T-2f89a1fHV0gM2unhy1U3e-QfVHfDYTaUii84Q/image;s=2048x1536;q=80",,,,,
68487115,dom,"Bliźniak na granicy między Krzyszkowem,a Pamiątkowem stan deweloperski",110,5,,719000,6536,Jachtowa,Pamiątkowo,Pamiątkowo,,52.52401,16.71587,,,,https://www.otodom.pl/pl/oferta/blizniak-na-granicy-miedzy-krzyszkowem-a-pamiatkowem-stan-deweloperski-ID4DmCT,"https://ireland.apollo.olxcdn.com/v1/files/eyJhbGciOiJIUzI1NiIsInR5cCI6IkpXVCJ9.eyJmbiI6InozNXhhYXZreTNjNjItQVBMIiwidyI6W3siZm4iOiJlbnZmcXFlMWF5NGsxLUFQTCIsInMiOiIxNiIsImEiOiIwIiwicCI6IjEwLC0xMCJ9XX0.4Eoi1x77e9exgkjUv-0F0aYrJNi8eW7SB66scISg9Dc/image;s=2048x1536;q=80,https://ireland.apollo.olxcdn.com/v1/files/eyJhbGciOiJIUzI1NiIsInR5cCI6IkpXVCJ9.eyJmbiI6ImtmYmY0amN0MnBzYzItQVBMIiwidyI6W3siZm4iOiJlbnZmcXFlMWF5NGsxLUFQTCIsInMiOiIxNiIsImEiOiIwIiwicCI6IjEwLC0xMCJ9XX0.8rAS-IGOUj2pWo-FKCGYQ__hLcuw-PsfKKlGRJ_Ziis/image;s=2048x1536;q=80,https://ireland.apollo.olxcdn.com/v1/files/eyJhbGciOiJIUzI1NiIsInR5cCI6IkpXVCJ9.eyJmbiI6InIzNzZudXhvOTEycjMtQVBMIiwidyI6W3siZm4iOiJlbnZmcXFlMWF5NGsxLUFQTCIsInMiOiIxNiIsImEiOiIwIiwicCI6IjEwLC0xMCJ9XX0.uHGSrZPUslS3bvexOTHOn0IPQQ2GiV5TrF-tv57KUNA/image;s=2048x1536;q=80",,,,,
67910568,dom,"Dom z tarasem, klimatyzacją i ogrodem",90.3,4,,719000,7962,Sezamowa,Gortatowo,Gortatowo,,52.42661,17.10624,,,,https://www.otodom.pl/pl/oferta/dom-z-tarasem-klimatyzacja-i-ogrodem-ID4AVDK,"https://ireland.apollo.olxcdn.com/v1/files/eyJhbGciOiJIUzI1NiIsInR5cCI6IkpXVCJ9.eyJmbiI6InU5d29mZGoxdmZtMDEtQVBMIiwidyI6W3siZm4iOiJlbnZmcXFlMWF5NGsxLUFQTCIsInMiOiIxNiIsImEiOiIwIiwicCI6IjEwLC0xMCJ9XX0.UzX3ueQ6xzeFOlwAAX_7nUd9A3NtiPLgFgfVLpE762Y/image;s=2048x1536;q=80,https://ireland.apollo.olxcdn.com/v1/files/eyJhbGciOiJIUzI1NiIsInR5cCI6IkpXVCJ9.eyJmbiI6IjE3ZXVlMDFidHgydzItQVBMIiwidyI6W3siZm4iOiJlbnZmcXFlMWF5NGsxLUFQTCIsInMiOiIxNiIsImEiOiIwIiwicCI6IjEwLC0xMCJ9XX0.kSWFsBcWThyOHwTfUfvbxhtJnMqe84fckQ3khDY_9IQ/image;s=2048x1536;q=80,https://ireland.apollo.olxcdn.com/v1/files/eyJhbGciOiJIUzI1NiIsInR5cCI6IkpXVCJ9.eyJmbiI6IjZuNXp0YW85aHR5czMtQVBMIiwidyI6W3siZm4iOiJlbnZmcXFlMWF5NGsxLUFQTCIsInMiOiIxNiIsImEiOiIwIiwicCI6IjEwLC0xMCJ9XX0.TXlMIAf264L6-3ZMUxW7yLhpRCbD4AAteROh96q5bxo/image;s=2048x1536;q=80",,,,,
67027171,dom,Osiedle 4 Pory Roku - dom,89.85,4,,720000,8013,ul. Zimowa,Gowarzewo,Gowarzewo,,52.3616,17.132301,,,,https://www.otodom.pl/pl/oferta/osiedle-4-pory-roku-dom-ID4xePp,"https://ireland.apollo.olxcdn.com/v1/files/eyJhbGciOiJIUzI1NiIsInR5cCI6IkpXVCJ9.eyJmbiI6ImY1d2Y4dmsxOGNiZTMtQVBMIiwidyI6W3siZm4iOiJlbnZmcXFlMWF5NGsxLUFQTCIsInMiOiIxNiIsImEiOiIwIiwicCI6IjEwLC0xMCJ9XX0.r7yScncedT4W1MbnSTh5xfcFSWc-w399qcZFk_XjjR4/image;s=2048x1536;q=80,https://ireland.apollo.olxcdn.com/v1/files/eyJhbGciOiJIUzI1NiIsInR5cCI6IkpXVCJ9.eyJmbiI6Imc2cDF4bnh1M252cDEtQVBMIiwidyI6W3siZm4iOiJlbnZmcXFlMWF5NGsxLUFQTCIsInMiOiIxNiIsImEiOiIwIiwicCI6IjEwLC0xMCJ9XX0.Fu1xtCl73djwbn3FogHGCD70h1gphwd44RfE2LlZgB0/image;s=2048x1536;q=80",,,,,
68457560,dom,Bliźniak Pamiątkowo /Lulinek - KLIMATYZACJA - 10 min pieszo do PKP,94,4,,720000,7660,,Rokietnica,Rokietnica,,52.51359,16.74704,,,,https://www.otodom.pl/pl/oferta/blizniak-pamiatkowo-lulinek-klimatyzacja-10-min-pieszo-do-pkp-ID4DeVc,"https://ireland.apollo.olxcdn.com/v1/files/eyJhbGciOiJIUzI1NiIsInR5cCI6IkpXVCJ9.eyJmbiI6Ijc4NDhnemNzZDVpbDMtQVBMIiwidyI6W3siZm4iOiJlbnZmcXFlMWF5NGsxLUFQTCIsInMiOiIxNiIsImEiOiIwIiwicCI6IjEwLC0xMCJ9XX0.yscEKVpbkEyKyKKAfhgTnlOgUNV8VzdLDaz_yqW6AxY/image;s=2048x1536;q=80,https://ireland.apollo.olxcdn.com/v1/files/eyJhbGciOiJIUzI1NiIsInR5cCI6IkpXVCJ9.eyJmbiI6InJxanZpamZnNGx3cDItQVBMIiwidyI6W3siZm4iOiJlbnZmcXFlMWF5NGsxLUFQTCIsInMiOiIxNiIsImEiOiIwIiwicCI6IjEwLC0xMCJ9XX0.WujNfP_vxu66VhXHxpu6KhIOfr5wRBLkfbay9Op7dGk/image;s=2048x1536;q=80,https://ireland.apollo.olxcdn.com/v1/files/eyJhbGciOiJIUzI1NiIsInR5cCI6IkpXVCJ9.eyJmbiI6InVqbGYyeXBkeTJmcjMtQVBMIiwidyI6W3siZm4iOiJlbnZmcXFlMWF5NGsxLUFQTCIsInMiOiIxNiIsImEiOiIwIiwicCI6IjEwLC0xMCJ9XX0.WVBGKbukzb_YUChdWkzoJCe6LVhb8Ku5QbZyqKK8DPY/image;s=2048x1536;q=80",,,,,
63607814,dom,Dom w zabudowie bliźniaczej Gowarzewo Kleszczewo,105.69,4,,720000,6812,,Gowarzewo,Gowarzewo,,52.36452,17.12451,,,,https://www.otodom.pl/pl/oferta/dom-w-zabudowie-blizniaczej-gowarzewo-kleszczewo-ID4iTiu,"https://ireland.apollo.olxcdn.com/v1/files/eyJhbGciOiJIUzI1NiIsInR5cCI6IkpXVCJ9.eyJmbiI6ImcwbHlpOHpodTh2ODMtQVBMIiwidyI6W3siZm4iOiJlbnZmcXFlMWF5NGsxLUFQTCIsInMiOiIxNiIsImEiOiIwIiwicCI6IjEwLC0xMCJ9XX0.SjWp0cE9x2T2QwDw3P0mhCtYFEI09bMyrLxGHDFXC1w/image;s=2048x1536;q=80,https://ireland.apollo.olxcdn.com/v1/files/eyJhbGciOiJIUzI1NiIsInR5cCI6IkpXVCJ9.eyJmbiI6Im5wNDNnMGN4NDJ0Zy1BUEwiLCJ3IjpbeyJmbiI6ImVudmZxcWUxYXk0azEtQVBMIiwicyI6IjE2IiwiYSI6IjAiLCJwIjoiMTAsLTEwIn1dfQ.bJcRavIoDhGPtOLtuXsZ3Tb058sXckZsah1_hdPd93Y/image;s=2048x1536;q=80,https://ireland.apollo.olxcdn.com/v1/files/eyJhbGciOiJIUzI1NiIsInR5cCI6IkpXVCJ9.eyJmbiI6ImV5Z2M5OWJuaDJtdi1BUEwiLCJ3IjpbeyJmbiI6ImVudmZxcWUxYXk0azEtQVBMIiwicyI6IjE2IiwiYSI6IjAiLCJwIjoiMTAsLTEwIn1dfQ.8Nuy5n1fxjtoAxd9kdYqA-orvXGBJz5HdPYHPz1H4ww/image;s=2048x1536;q=80",,,,,
68320724,mieszkanie,Jasne 4 Pokoje 73 m2 - Okna 3 strony świata - GOTOWE do odbioru,72.84,4,1,721116,9900,ul. Teofila Mateckiego,Morasko,Poznań,,52.489231,16.909592,,,,https://www.otodom.pl/pl/oferta/jasne-4-pokoje-73-m2-okna-3-strony-swiata-gotowe-do-odbioru-ID4CFla,"https://ireland.apollo.olxcdn.com/v1/files/eyJhbGciOiJIUzI1NiIsInR5cCI6IkpXVCJ9.eyJmbiI6IjR4bWZjd3JmdWFnejEtQVBMIiwidyI6W3siZm4iOiJlbnZmcXFlMWF5NGsxLUFQTCIsInMiOiIxNiIsImEiOiIwIiwicCI6IjEwLC0xMCJ9XX0.jWlpeYwSjmu5pU9XdeUBeDfyRQ48HjtMmMyYFNLIsFE/image;s=2048x1536;q=80,https://ireland.apollo.olxcdn.com/v1/files/eyJhbGciOiJIUzI1NiIsInR5cCI6IkpXVCJ9.eyJmbiI6ImM1amE5bHdnYTFzaTItQVBMIiwidyI6W3siZm4iOiJlbnZmcXFlMWF5NGsxLUFQTCIsInMiOiIxNiIsImEiOiIwIiwicCI6IjEwLC0xMCJ9XX0.WACKUgpO5keLxSIN2FdvblP8OWf_eMdxeOVVyEc9oE0/image;s=2048x1536;q=80,https://ireland.apollo.olxcdn.com/v1/files/eyJhbGciOiJIUzI1NiIsInR5cCI6IkpXVCJ9.eyJmbiI6Imd5d2IycmQ3NmRyai1BUEwiLCJ3IjpbeyJmbiI6ImVudmZxcWUxYXk0azEtQVBMIiwicyI6IjE2IiwiYSI6IjAiLCJwIjoiMTAsLTEwIn1dfQ.fklSUCpyGBhOVmBsoBow0luITsY0LnYhaUyQb57aifA/image;s=2048x1536;q=80",,,,,
68456001,dom,Funkcjonalny dom blisko natury i spokoju,110.32,4,,722000,6545,,Rostworowo,Rostworowo,,52.53974,16.7619,,,,https://www.otodom.pl/pl/oferta/funkcjonalny-dom-blisko-natury-i-spokoju-ID4Dex3,"https://ireland.apollo.olxcdn.com/v1/files/eyJhbGciOiJIUzI1NiIsInR5cCI6IkpXVCJ9.eyJmbiI6Ind2eGM3cW5zZ2E5OTMtQVBMIiwidyI6W3siZm4iOiJlbnZmcXFlMWF5NGsxLUFQTCIsInMiOiIxNiIsImEiOiIwIiwicCI6IjEwLC0xMCJ9XX0.HAjnNVX7Q1FycKfjXRSLDY0B3B-yQ3OGugbV1kgh0jE/image;s=2048x1536;q=80,https://ireland.apollo.olxcdn.com/v1/files/eyJhbGciOiJIUzI1NiIsInR5cCI6IkpXVCJ9.eyJmbiI6ImVyeTJ4ZmE2aXQ2bi1BUEwiLCJ3IjpbeyJmbiI6ImVudmZxcWUxYXk0azEtQVBMIiwicyI6IjE2IiwiYSI6IjAiLCJwIjoiMTAsLTEwIn1dfQ.4RZ1NXUj8Fc1GG3UNz6J8TlxYlu0T90lc5iAVluZwvw/image;s=2048x1536;q=80,https://ireland.apollo.olxcdn.com/v1/files/eyJhbGciOiJIUzI1NiIsInR5cCI6IkpXVCJ9.eyJmbiI6ImFzNzA5YWdkYmxzbjItQVBMIiwidyI6W3siZm4iOiJlbnZmcXFlMWF5NGsxLUFQTCIsInMiOiIxNiIsImEiOiIwIiwicCI6IjEwLC0xMCJ9XX0.cxSYFH7ucMpKkoX3m45MOoxoj8PocCuOBtKkiMOd0aA/image;s=2048x1536;q=80",,,,,
67220159,mieszkanie,Osiedle Zagajnik | mieszkanie 3-pok. | 31/B,76.09,3,1,726419,9547,ul. Zagajnikowa,Umultowo,,Osiedle Zagajnik,52.46978,16.9417,,,,https://www.otodom.pl/pl/oferta/osiedle-zagajnik-mieszkanie-3-pok-31-b-ID4y327,"https://ireland.apollo.olxcdn.com/v1/files/eyJhbGciOiJIUzI1NiIsInR5cCI6IkpXVCJ9.eyJmbiI6ImJuc21jeDY4Nm5udTEtRUNPU1lTVEVNIiwidyI6W3siZm4iOiJlbnZmcXFlMWF5NGsxLUFQTCIsInMiOiIxNiIsImEiOiIwIiwicCI6IjEwLC0xMCJ9XX0.cg6y7MoY_50f2RjrOBOJA8QLjW19KEirU-J5cQUO3B8/image;s=2048x1536;q=80,https://ireland.apollo.olxcdn.com/v1/files/eyJhbGciOiJIUzI1NiIsInR5cCI6IkpXVCJ9.eyJmbiI6IjJsbGx0aWU4eGt3bDMtRUNPU1lTVEVNIiwidyI6W3siZm4iOiJlbnZmcXFlMWF5NGsxLUFQTCIsInMiOiIxNiIsImEiOiIwIiwicCI6IjEwLC0xMCJ9XX0.RFzYNbfp9bGOwuTIjDLAA-XEjqBh4GHvo9WiolH9Yxo/image;s=2048x1536;q=80,https://ireland.apollo.olxcdn.com/v1/files/eyJhbGciOiJIUzI1NiIsInR5cCI6IkpXVCJ9.eyJmbiI6ImlzeXcxMzRzaWRxMDEtRUNPU1lTVEVNIiwidyI6W3siZm4iOiJlbnZmcXFlMWF5NGsxLUFQTCIsInMiOiIxNiIsImEiOiIwIiwicCI6IjEwLC0xMCJ9XX0.K_qjh_fdek1tn-KiIliXQlkfi2G4KAsZa8GPC3UMIqg/image;s=2048x1536;q=80",,,,,
67220157,mieszkanie,Osiedle Zagajnik | mieszkanie 3-pok. | 19/B,76.09,3,1,726419,9547,ul. Zagajnikowa,Umultowo,Poznań,Osiedle Zagajnik,52.46978,16.9417,,,,https://www.otodom.pl/pl/oferta/osiedle-zagajnik-mieszkanie-3-pok-19-b-ID4y325,"https://ireland.apollo.olxcdn.com/v1/files/eyJhbGciOiJIUzI1NiIsInR5cCI6IkpXVCJ9.eyJmbiI6Im1taTNxZ3E4em1nNzMtRUNPU1lTVEVNIiwidyI6W3siZm4iOiJlbnZmcXFlMWF5NGsxLUFQTCIsInMiOiIxNiIsImEiOiIwIiwicCI6IjEwLC0xMCJ9XX0.WTuecq_3jPdmqGg6c9xKiQkvEKO15fhUZLE5se7B5T8/image;s=2048x1536;q=80,https://ireland.apollo.olxcdn.com/v1/files/eyJhbGciOiJIUzI1NiIsInR5cCI6IkpXVCJ9.eyJmbiI6IjM1M2p6cmVnajl4dTItRUNPU1lTVEVNIiwidyI6W3siZm4iOiJlbnZmcXFlMWF5NGsxLUFQTCIsInMiOiIxNiIsImEiOiIwIiwicCI6IjEwLC0xMCJ9XX0.Bg27ypJBH6Y7_LZxgu2l-uH6t4RYyb0QTNOdRd2_Km8/image;s=2048x1536;q=80,https://ireland.apollo.olxcdn.com/v1/files/eyJhbGciOiJIUzI1NiIsInR5cCI6IkpXVCJ9.eyJmbiI6ImZnYjFnd2VwaWdxazMtRUNPU1lTVEVNIiwidyI6W3siZm4iOiJlbnZmcXFlMWF5NGsxLUFQTCIsInMiOiIxNiIsImEiOiIwIiwicCI6IjEwLC0xMCJ9XX0.R5qSYoBIo2nXjAZlKX7mAgx4cnbNoyeRMS6xRGbi_bM/image;s=2048x1536;q=80",,,,,
67220156,mieszkanie,Osiedle Zagajnik | mieszkanie 3-pok. | 27/B,76.09,3,1,726419,9547,ul. Zagajnikowa,Umultowo,Poznań,Osiedle Zagajnik,52.46978,16.9417,,,,https://www.otodom.pl/pl/oferta/osiedle-zagajnik-mieszkanie-3-pok-27-b-ID4y324,"https://ireland.apollo.olxcdn.com/v1/files/eyJhbGciOiJIUzI1NiIsInR5cCI6IkpXVCJ9.eyJmbiI6InA0OXZiZWg4OHpxZC1FQ09TWVNURU0iLCJ3IjpbeyJmbiI6ImVudmZxcWUxYXk0azEtQVBMIiwicyI6IjE2IiwiYSI6IjAiLCJwIjoiMTAsLTEwIn1dfQ.fUGFRPgXxBmFhOqiJQQTAfjkf4bGYh26QZmMvrffZc0/image;s=2048x1536;q=80,https://ireland.apollo.olxcdn.com/v1/files/eyJhbGciOiJIUzI1NiIsInR5cCI6IkpXVCJ9.eyJmbiI6ImZ0dmQ4MWo4azM5dS1FQ09TWVNURU0iLCJ3IjpbeyJmbiI6ImVudmZxcWUxYXk0azEtQVBMIiwicyI6IjE2IiwiYSI6IjAiLCJwIjoiMTAsLTEwIn1dfQ.EhKYoREwq9UybmJUAmzbBXCaGwLV3YvoaJQis840Slk/image;s=2048x1536;q=80,https://ireland.apollo.olxcdn.com/v1/files/eyJhbGciOiJIUzI1NiIsInR5cCI6IkpXVCJ9.eyJmbiI6ImlzeXcxMzRzaWRxMDEtRUNPU1lTVEVNIiwidyI6W3siZm4iOiJlbnZmcXFlMWF5NGsxLUFQTCIsInMiOiIxNiIsImEiOiIwIiwicCI6IjEwLC0xMCJ9XX0.K_qjh_fdek1tn-KiIliXQlkfi2G4KAsZa8GPC3UMIqg/image;s=2048x1536;q=80",,,,,
67220151,mieszkanie,Osiedle Zagajnik | mieszkanie 3-pok. | 32/B,76.09,3,1,726419,9547,ul. Zagajnikowa,Umultowo,Poznań,Osiedle Zagajnik,52.46978,16.9417,,,,https://www.otodom.pl/pl/oferta/osiedle-zagajnik-mieszkanie-3-pok-32-b-ID4y31Z,"https://ireland.apollo.olxcdn.com/v1/files/eyJhbGciOiJIUzI1NiIsInR5cCI6IkpXVCJ9.eyJmbiI6ImFwdmo2b3U5NnhueTItRUNPU1lTVEVNIiwidyI6W3siZm4iOiJlbnZmcXFlMWF5NGsxLUFQTCIsInMiOiIxNiIsImEiOiIwIiwicCI6IjEwLC0xMCJ9XX0.36zhpquqQYsyBGW6EUg5eq71t21611O5xXLIpvVNRco/image;s=2048x1536;q=80,https://ireland.apollo.olxcdn.com/v1/files/eyJhbGciOiJIUzI1NiIsInR5cCI6IkpXVCJ9.eyJmbiI6ImVtNTc2N3Vwc2RxcjItRUNPU1lTVEVNIiwidyI6W3siZm4iOiJlbnZmcXFlMWF5NGsxLUFQTCIsInMiOiIxNiIsImEiOiIwIiwicCI6IjEwLC0xMCJ9XX0.kZJVCTVW_eQMBLYr7-vCffVGgKhTPb4UVJnIqkezECk/image;s=2048x1536;q=80,https://ireland.apollo.olxcdn.com/v1/files/eyJhbGciOiJIUzI1NiIsInR5cCI6IkpXVCJ9.eyJmbiI6ImlzeXcxMzRzaWRxMDEtRUNPU1lTVEVNIiwidyI6W3siZm4iOiJlbnZmcXFlMWF5NGsxLUFQTCIsInMiOiIxNiIsImEiOiIwIiwicCI6IjEwLC0xMCJ9XX0.K_qjh_fdek1tn-KiIliXQlkfi2G4KAsZa8GPC3UMIqg/image;s=2048x1536;q=80",,,,,
67220153,mieszkanie,Osiedle Zagajnik | mieszkanie 3-pok. | 20/B,76.09,3,1,726419,9547,ul. Zagajnikowa,Umultowo,Poznań,Osiedle Zagajnik,52.46978,16.9417,,,,https://www.otodom.pl/pl/oferta/osiedle-zagajnik-mieszkanie-3-pok-20-b-ID4y321,"https://ireland.apollo.olxcdn.com/v1/files/eyJhbGciOiJIUzI1NiIsInR5cCI6IkpXVCJ9.eyJmbiI6InF0aTFrNWtmeHVibDItRUNPU1lTVEVNIiwidyI6W3siZm4iOiJlbnZmcXFlMWF5NGsxLUFQTCIsInMiOiIxNiIsImEiOiIwIiwicCI6IjEwLC0xMCJ9XX0.2CWN0L5lTIgHJW6HD9X8smfUzXPBifztg_7UnGLzD_o/image;s=2048x1536;q=80,https://ireland.apollo.olxcdn.com/v1/files/eyJhbGciOiJIUzI1NiIsInR5cCI6IkpXVCJ9.eyJmbiI6IjhhOWZtcjZsMXNxeS1FQ09TWVNURU0iLCJ3IjpbeyJmbiI6ImVudmZxcWUxYXk0azEtQVBMIiwicyI6IjE2IiwiYSI6IjAiLCJwIjoiMTAsLTEwIn1dfQ.aMMGmGlnCiDzpP8fWquMrOojEsdXFVLno8UC-2rZiQs/image;s=2048x1536;q=80,https://ireland.apollo.olxcdn.com/v1/files/eyJhbGciOiJIUzI1NiIsInR5cCI6IkpXVCJ9.eyJmbiI6ImZnYjFnd2VwaWdxazMtRUNPU1lTVEVNIiwidyI6W3siZm4iOiJlbnZmcXFlMWF5NGsxLUFQTCIsInMiOiIxNiIsImEiOiIwIiwicCI6IjEwLC0xMCJ9XX0.R5qSYoBIo2nXjAZlKX7mAgx4cnbNoyeRMS6xRGbi_bM/image;s=2048x1536;q=80",,,,,
68066567,dom,"Dom 133 m², nowoczesna klasyka, natura i spokój",133,5,,726877,5465,ul. Kozakowa,Łopuchowo,Łopuchowo,,52.61476,17.09083,,,,https://www.otodom.pl/pl/oferta/dom-133-m-nowoczesna-klasyka-natura-i-spokoj-ID4BBdR,"https://ireland.apollo.olxcdn.com/v1/files/eyJhbGciOiJIUzI1NiIsInR5cCI6IkpXVCJ9.eyJmbiI6IjAzN2h6OG9zdzQzdzEtQVBMIiwidyI6W3siZm4iOiJlbnZmcXFlMWF5NGsxLUFQTCIsInMiOiIxNiIsImEiOiIwIiwicCI6IjEwLC0xMCJ9XX0.DeakUSDiT64UtbAgO8xQiNEqaipW1GNnS54MnEsOTNI/image;s=2048x1536;q=80,https://ireland.apollo.olxcdn.com/v1/files/eyJhbGciOiJIUzI1NiIsInR5cCI6IkpXVCJ9.eyJmbiI6ImZvazQ4d2VxeXNyZC1BUEwiLCJ3IjpbeyJmbiI6ImVudmZxcWUxYXk0azEtQVBMIiwicyI6IjE2IiwiYSI6IjAiLCJwIjoiMTAsLTEwIn1dfQ.bSrXPqCeKjEP3D-m2sY8qr5-oUMXw7xeqOZRoRVwQtk/image;s=2048x1536;q=80,https://ireland.apollo.olxcdn.com/v1/files/eyJhbGciOiJIUzI1NiIsInR5cCI6IkpXVCJ9.eyJmbiI6IjdocHJ6anMwaWxoNzMtQVBMIiwidyI6W3siZm4iOiJlbnZmcXFlMWF5NGsxLUFQTCIsInMiOiIxNiIsImEiOiIwIiwicCI6IjEwLC0xMCJ9XX0.mtJeZyW2GaSUby-xx8sxjEgsrk5pfOEcfT0qi52jsGA/image;s=2048x1536;q=80",,,,,
96806656700067,dom,"Dom 133 m², nowoczesna klasyka, natura i spokój",133,5,,726877,5465,ul. Kozakowa,Łopuchowo,Łopuchowo,,52.61476,17.09083,,,,https://www.otodom.pl/pl/oferta/dom-133-m-nowoczesna-klasyka-natura-i-spokoj-ID4BBdR,"https://ireland.apollo.olxcdn.com/v1/files/eyJhbGciOiJIUzI1NiIsInR5cCI6IkpXVCJ9.eyJmbiI6IjAzN2h6OG9zdzQzdzEtQVBMIiwidyI6W3siZm4iOiJlbnZmcXFlMWF5NGsxLUFQTCIsInMiOiIxNiIsImEiOiIwIiwicCI6IjEwLC0xMCJ9XX0.DeakUSDiT64UtbAgO8xQiNEqaipW1GNnS54MnEsOTNI/image;s=2048x1536;q=80,https://ireland.apollo.olxcdn.com/v1/files/eyJhbGciOiJIUzI1NiIsInR5cCI6IkpXVCJ9.eyJmbiI6ImZvazQ4d2VxeXNyZC1BUEwiLCJ3IjpbeyJmbiI6ImVudmZxcWUxYXk0azEtQVBMIiwicyI6IjE2IiwiYSI6IjAiLCJwIjoiMTAsLTEwIn1dfQ.bSrXPqCeKjEP3D-m2sY8qr5-oUMXw7xeqOZRoRVwQtk/image;s=2048x1536;q=80,https://ireland.apollo.olxcdn.com/v1/files/eyJhbGciOiJIUzI1NiIsInR5cCI6IkpXVCJ9.eyJmbiI6IjdocHJ6anMwaWxoNzMtQVBMIiwidyI6W3siZm4iOiJlbnZmcXFlMWF5NGsxLUFQTCIsInMiOiIxNiIsImEiOiIwIiwicCI6IjEwLC0xMCJ9XX0.mtJeZyW2GaSUby-xx8sxjEgsrk5pfOEcfT0qi52jsGA/image;s=2048x1536;q=80",,,,,
66493708,dom,Energooszczędne parterowe z antresolą 4 pokoje Fotowoltaika 8 kWp,90,4,,729000,8100,ulica Jana Kochanowskiego,Kostrzyn,Kostrzyn,,52.40598,17.22401,,,,https://www.otodom.pl/pl/oferta/energooszczedne-parterowe-z-antresola-4-pokoje-fotowoltaika-8-kwp-ID4w03a,"https://ireland.apollo.olxcdn.com/v1/files/eyJhbGciOiJIUzI1NiIsInR5cCI6IkpXVCJ9.eyJmbiI6IjNkbWxob3A5dW82MjEtQVBMIiwidyI6W3siZm4iOiJlbnZmcXFlMWF5NGsxLUFQTCIsInMiOiIxNiIsImEiOiIwIiwicCI6IjEwLC0xMCJ9XX0.m-CePNxyMZ01vSdBDympjrsavvirCriTX_mRrIk3q2o/image;s=2048x1536;q=80,https://ireland.apollo.olxcdn.com/v1/files/eyJhbGciOiJIUzI1NiIsInR5cCI6IkpXVCJ9.eyJmbiI6ImJybnp6NG41eXZxYTEtQVBMIiwidyI6W3siZm4iOiJlbnZmcXFlMWF5NGsxLUFQTCIsInMiOiIxNiIsImEiOiIwIiwicCI6IjEwLC0xMCJ9XX0.VTBnu_5u4Vf87JSj5Oq5CYvLAGSrH-Mx1frteuUqxdw/image;s=2048x1536;q=80,https://ireland.apollo.olxcdn.com/v1/files/eyJhbGciOiJIUzI1NiIsInR5cCI6IkpXVCJ9.eyJmbiI6InBndzJ4YmY5anQ3cjMtQVBMIiwidyI6W3siZm4iOiJlbnZmcXFlMWF5NGsxLUFQTCIsInMiOiIxNiIsImEiOiIwIiwicCI6IjEwLC0xMCJ9XX0.lBMMwsBuUYtVAgDUKBtkWyAnWDvp1VU4sTH3SL42mC4/image;s=2048x1536;q=80",,,,,
68399206,dom,Dom Jednorodzinny Dwulokalowy Poznań okolice Osiedle Pod Lasem,108,4,,729000,6750,ul. Pieczarkowa,Łopuchowo,Łopuchowo,,52.62074,17.11815,,,,https://www.otodom.pl/pl/oferta/dom-jednorodzinny-dwulokalowy-poznan-okolice-osiedle-pod-lasem-ID4CZL0,"https://ireland.apollo.olxcdn.com/v1/files/eyJhbGciOiJIUzI1NiIsInR5cCI6IkpXVCJ9.eyJmbiI6ImJ6Y3M4NzlqMWx6ZC1BUEwiLCJ3IjpbeyJmbiI6ImVudmZxcWUxYXk0azEtQVBMIiwicyI6IjE2IiwiYSI6IjAiLCJwIjoiMTAsLTEwIn1dfQ.dZKTY0JJnJZpxt5GtrcshyZmSg37LV_9Y9NwYx3vbtY/image;s=2048x1536;q=80,https://ireland.apollo.olxcdn.com/v1/files/eyJhbGciOiJIUzI1NiIsInR5cCI6IkpXVCJ9.eyJmbiI6Im1hd3Nrd3Bsd2RkYTEtQVBMIiwidyI6W3siZm4iOiJlbnZmcXFlMWF5NGsxLUFQTCIsInMiOiIxNiIsImEiOiIwIiwicCI6IjEwLC0xMCJ9XX0.DQpnKKb0XtwQ60zD4YwRMmDSwb5whzhxN78Zej39NaE/image;s=2048x1536;q=80,https://ireland.apollo.olxcdn.com/v1/files/eyJhbGciOiJIUzI1NiIsInR5cCI6IkpXVCJ9.eyJmbiI6IjI5bG1tNXFrd3Q2djEtQVBMIiwidyI6W3siZm4iOiJlbnZmcXFlMWF5NGsxLUFQTCIsInMiOiIxNiIsImEiOiIwIiwicCI6IjEwLC0xMCJ9XX0.vvxTFkG82RTa-HRUqMtWzpQWKiDamw53ndbZudcHU3A/image;s=2048x1536;q=80",,,,,
68459288,dom,dom gm. Mosina z kanalizą /5 pokoi,109.34,5,,729000,6667,rolna,Mosina,,,52.24535,16.84699,,,,https://www.otodom.pl/pl/oferta/dom-gm-mosina-z-kanaliza-5-pokoi-ID4Dfo4,"https://ireland.apollo.olxcdn.com/v1/files/eyJhbGciOiJIUzI1NiIsInR5cCI6IkpXVCJ9.eyJmbiI6IjM5Z215cjllbWJnZDMtRUNPU1lTVEVNIiwidyI6W3siZm4iOiJlbnZmcXFlMWF5NGsxLUFQTCIsInMiOiIxNiIsImEiOiIwIiwicCI6IjEwLC0xMCJ9XX0.4JivaV2-fqxh8dQa938ZtHCWr_lEAAEEc2y_DM-DLaI/image;s=2048x1536;q=80,https://ireland.apollo.olxcdn.com/v1/files/eyJhbGciOiJIUzI1NiIsInR5cCI6IkpXVCJ9.eyJmbiI6ImJmNXZ2bzdibzJxZzEtRUNPU1lTVEVNIiwidyI6W3siZm4iOiJlbnZmcXFlMWF5NGsxLUFQTCIsInMiOiIxNiIsImEiOiIwIiwicCI6IjEwLC0xMCJ9XX0.P0CnHFjexPfLP7YCwDUaO2t_C0LLG5janTizTETN5l4/image;s=2048x1536;q=80,https://ireland.apollo.olxcdn.com/v1/files/eyJhbGciOiJIUzI1NiIsInR5cCI6IkpXVCJ9.eyJmbiI6IjdoOTNzMWw3MWswZTEtRUNPU1lTVEVNIiwidyI6W3siZm4iOiJlbnZmcXFlMWF5NGsxLUFQTCIsInMiOiIxNiIsImEiOiIwIiwicCI6IjEwLC0xMCJ9XX0.zHqoa9n_7cCH40JwVonOMjSmOcWSRkYcqM0or4SLVp8/image;s=2048x1536;q=80",,,,,
68212423,dom,Dom wolnostojący JEZIORO LAS SŁUPIA GMINA STĘSZEW,91,4,,729000,8011,LILIOWA,Słupia,Słupia,,52.28538,16.60597,,,,https://www.otodom.pl/pl/oferta/dom-wolnostojacy-jezioro-las-slupia-gmina-steszew-ID4Cdan,"https://ireland.apollo.olxcdn.com/v1/files/eyJhbGciOiJIUzI1NiIsInR5cCI6IkpXVCJ9.eyJmbiI6Imo0cm85dGRvYmlwdC1BUEwiLCJ3IjpbeyJmbiI6ImVudmZxcWUxYXk0azEtQVBMIiwicyI6IjE2IiwiYSI6IjAiLCJwIjoiMTAsLTEwIn1dfQ.3VKn9MhCjTMAI981NlTsYQhWaKAuDBevZpc3sMUQFD8/image;s=2048x1536;q=80,https://ireland.apollo.olxcdn.com/v1/files/eyJhbGciOiJIUzI1NiIsInR5cCI6IkpXVCJ9.eyJmbiI6IjNremo0MGNuYzlsaDEtQVBMIiwidyI6W3siZm4iOiJlbnZmcXFlMWF5NGsxLUFQTCIsInMiOiIxNiIsImEiOiIwIiwicCI6IjEwLC0xMCJ9XX0.8TNW7MM_jw5-f-NKJAqZmm8RNvzH5-6gDjZchpI15R4/image;s=2048x1536;q=80,https://ireland.apollo.olxcdn.com/v1/files/eyJhbGciOiJIUzI1NiIsInR5cCI6IkpXVCJ9.eyJmbiI6ImkxcjZuOWJrbmp0My1BUEwiLCJ3IjpbeyJmbiI6ImVudmZxcWUxYXk0azEtQVBMIiwicyI6IjE2IiwiYSI6IjAiLCJwIjoiMTAsLTEwIn1dfQ.i05DiF2SnjGu1H8G0XURlxlFu__1N29l2n-AVwF3SfU/image;s=2048x1536;q=80",,,,,
68458833,dom,dom Nowinki gm. Mosina z kanalizą /5 pokoi,109.34,5,,729000,6667,Rolna,Nowinki,Nowinki,,52.20042,16.81972,,,,https://www.otodom.pl/pl/oferta/dom-nowinki-gm-mosina-z-kanaliza-5-pokoi-ID4DfgJ,"https://ireland.apollo.olxcdn.com/v1/files/eyJhbGciOiJIUzI1NiIsInR5cCI6IkpXVCJ9.eyJmbiI6Ijk1OG9wdmRzbm54djItRUNPU1lTVEVNIiwidyI6W3siZm4iOiJlbnZmcXFlMWF5NGsxLUFQTCIsInMiOiIxNiIsImEiOiIwIiwicCI6IjEwLC0xMCJ9XX0.BCHUaVEJcPRQv2FZJcFrD3nx8BcL9ynkylSAShJORFA/image;s=2048x1536;q=80,https://ireland.apollo.olxcdn.com/v1/files/eyJhbGciOiJIUzI1NiIsInR5cCI6IkpXVCJ9.eyJmbiI6ImxnM2VoeDQ5M3E2MjItRUNPU1lTVEVNIiwidyI6W3siZm4iOiJlbnZmcXFlMWF5NGsxLUFQTCIsInMiOiIxNiIsImEiOiIwIiwicCI6IjEwLC0xMCJ9XX0.T8iykQq2lTfMCMbSt1tXFybbyK7OopWp7XUjjtjpFgE/image;s=2048x1536;q=80,https://ireland.apollo.olxcdn.com/v1/files/eyJhbGciOiJIUzI1NiIsInR5cCI6IkpXVCJ9.eyJmbiI6InJsYnpvZHprOW8xZDEtRUNPU1lTVEVNIiwidyI6W3siZm4iOiJlbnZmcXFlMWF5NGsxLUFQTCIsInMiOiIxNiIsImEiOiIwIiwicCI6IjEwLC0xMCJ9XX0.1RMkSP1Nsmj215HyoB6FBi8JbhpRvvxEIoKmnQvu1C4/image;s=2048x1536;q=80",,,,,
68396812,dom,✅Gotowe /Działki Od 190-518 m2/Dopiewiec✅,94.75,4,,729000,7694,,Dopiewo,Dopiewiec,,52.37284,16.67811,,,,https://www.otodom.pl/pl/oferta/gotowe-dzialki-od-190-518-m2-dopiewiec-ID4CZ8o,"https://ireland.apollo.olxcdn.com/v1/files/eyJhbGciOiJIUzI1NiIsInR5cCI6IkpXVCJ9.eyJmbiI6Im52OXllc2R3dHBydzEtRUNPU1lTVEVNIiwidyI6W3siZm4iOiJlbnZmcXFlMWF5NGsxLUFQTCIsInMiOiIxNiIsImEiOiIwIiwicCI6IjEwLC0xMCJ9XX0.WGsQRnHXHHReMD_OzN10HgNHV_hBx-6kOHBPQJxPOys/image;s=2048x1536;q=80,https://ireland.apollo.olxcdn.com/v1/files/eyJhbGciOiJIUzI1NiIsInR5cCI6IkpXVCJ9.eyJmbiI6IjVobzV0OXc3bGRoNzItRUNPU1lTVEVNIiwidyI6W3siZm4iOiJlbnZmcXFlMWF5NGsxLUFQTCIsInMiOiIxNiIsImEiOiIwIiwicCI6IjEwLC0xMCJ9XX0.vkHRfyzBEL8PBYP0Bw_v3clgURwDN5OMxVOZIXWYOAg/image;s=2048x1536;q=80,https://ireland.apollo.olxcdn.com/v1/files/eyJhbGciOiJIUzI1NiIsInR5cCI6IkpXVCJ9.eyJmbiI6InJtNGpoYzh5cGx4bzItRUNPU1lTVEVNIiwidyI6W3siZm4iOiJlbnZmcXFlMWF5NGsxLUFQTCIsInMiOiIxNiIsImEiOiIwIiwicCI6IjEwLC0xMCJ9XX0.VEKvRtOsmohtRDcB54bd5hNPXVGWBbRuXACwEp7j3ew/image;s=2048x1536;q=80",,,,,
68394939,dom,"WRÓCIŁ DO SPRZEDAŻY! OSTATNI SKRAJNY DOM123m2 ,  DZIAŁKA 339 m²",123.32,5,,729000,5911,ul. Klonowa,Kostrzyn,Kostrzyn,,52.38983,17.23866,,,,https://www.otodom.pl/pl/oferta/wrocil-do-sprzedazy-ostatni-skrajny-dom123m2-dzialka-339-m-ID4CYEb,"https://ireland.apollo.olxcdn.com/v1/files/eyJhbGciOiJIUzI1NiIsInR5cCI6IkpXVCJ9.eyJmbiI6InpleW93cjh1ZGdrai1BUEwiLCJ3IjpbeyJmbiI6ImVudmZxcWUxYXk0azEtQVBMIiwicyI6IjE2IiwiYSI6IjAiLCJwIjoiMTAsLTEwIn1dfQ.etECHBIGoj_JrKZn1QDI9-D-Artv5qo9Vq08cYtN0-4/image;s=2048x1536;q=80,https://ireland.apollo.olxcdn.com/v1/files/eyJhbGciOiJIUzI1NiIsInR5cCI6IkpXVCJ9.eyJmbiI6IjMyZXV4M3pzNmNncS1BUEwiLCJ3IjpbeyJmbiI6ImVudmZxcWUxYXk0azEtQVBMIiwicyI6IjE2IiwiYSI6IjAiLCJwIjoiMTAsLTEwIn1dfQ.7ZCdqQ1Nl47vp6B0udnBtDrn4E0b8sJmS1hHNZJjlL0/image;s=2048x1536;q=80,https://ireland.apollo.olxcdn.com/v1/files/eyJhbGciOiJIUzI1NiIsInR5cCI6IkpXVCJ9.eyJmbiI6InUydDVyZzZidWE1YS1BUEwiLCJ3IjpbeyJmbiI6ImVudmZxcWUxYXk0azEtQVBMIiwicyI6IjE2IiwiYSI6IjAiLCJwIjoiMTAsLTEwIn1dfQ.67lAnTsw8r5LamA6DtwLkYN0pjo7mxOzLoEABEQ8dKE/image;s=2048x1536;q=80",,,,,
68311276,dom,Bliźniak w Kiekrzu niedaleko jeziora,108.86,4,,730000,6706,ul. Poznańska,Kiekrz,Kiekrz,,52.500713,16.747833,,,,https://www.otodom.pl/pl/oferta/blizniak-w-kiekrzu-niedaleko-jeziora-ID4CCSM,"https://ireland.apollo.olxcdn.com/v1/files/eyJhbGciOiJIUzI1NiIsInR5cCI6IkpXVCJ9.eyJmbiI6ImJrNGVrc3dwYW95YjItQVBMIiwidyI6W3siZm4iOiJlbnZmcXFlMWF5NGsxLUFQTCIsInMiOiIxNiIsImEiOiIwIiwicCI6IjEwLC0xMCJ9XX0.Q-uNWltbkpQTupdYcW6MjLAP1evGrEA2SnU6nm3LDL0/image;s=2048x1536;q=80,https://ireland.apollo.olxcdn.com/v1/files/eyJhbGciOiJIUzI1NiIsInR5cCI6IkpXVCJ9.eyJmbiI6InZ4eml1c2o1cmp4dDEtQVBMIiwidyI6W3siZm4iOiJlbnZmcXFlMWF5NGsxLUFQTCIsInMiOiIxNiIsImEiOiIwIiwicCI6IjEwLC0xMCJ9XX0.0NmiT5_4394Gvdi_-QrTdL4ofw6-MKjP9JdSh_apt0U/image;s=2048x1536;q=80,https://ireland.apollo.olxcdn.com/v1/files/eyJhbGciOiJIUzI1NiIsInR5cCI6IkpXVCJ9.eyJmbiI6ImZxcmt0cGg0d3ZiNTEtQVBMIiwidyI6W3siZm4iOiJlbnZmcXFlMWF5NGsxLUFQTCIsInMiOiIxNiIsImEiOiIwIiwicCI6IjEwLC0xMCJ9XX0.zDYGmDburAO5k9c4DsInMevSBnkyYryeymxv8dnYHnw/image;s=2048x1536;q=80",,,,,
67995781,mieszkanie,4-pokojowe mieszkanie 70m2 + 2 balkony,70.07,4,3,732231,10450,ul. Bielicowa,Naramowice,Poznań,Osiedle Witaj,52.44821,16.96004,,,,https://www.otodom.pl/pl/oferta/4-pokojowe-mieszkanie-70m2-2-balkony-ID4BiO9,"https://ireland.apollo.olxcdn.com/v1/files/eyJhbGciOiJIUzI1NiIsInR5cCI6IkpXVCJ9.eyJmbiI6Ijgxc2RxeTFqbm1rZDEtRUNPU1lTVEVNIiwidyI6W3siZm4iOiJlbnZmcXFlMWF5NGsxLUFQTCIsInMiOiIxNiIsImEiOiIwIiwicCI6IjEwLC0xMCJ9XX0.4LN-wK3iytSt3EHILIV8ogk7a565__opVQJADmgI4EE/image;s=2048x1536;q=80,https://ireland.apollo.olxcdn.com/v1/files/eyJhbGciOiJIUzI1NiIsInR5cCI6IkpXVCJ9.eyJmbiI6Ijl6a2hiMTE5amI5ZzEtRUNPU1lTVEVNIiwidyI6W3siZm4iOiJlbnZmcXFlMWF5NGsxLUFQTCIsInMiOiIxNiIsImEiOiIwIiwicCI6IjEwLC0xMCJ9XX0.pQZ9xBti76lZt0hsZmhA6uL0iilhvfdhRDi_hPt1Pi4/image;s=2048x1536;q=80,https://ireland.apollo.olxcdn.com/v1/files/eyJhbGciOiJIUzI1NiIsInR5cCI6IkpXVCJ9.eyJmbiI6Inl0bGc5Z3psdDAxcDEtRUNPU1lTVEVNIiwidyI6W3siZm4iOiJlbnZmcXFlMWF5NGsxLUFQTCIsInMiOiIxNiIsImEiOiIwIiwicCI6IjEwLC0xMCJ9XX0.3GLEJE5eQiqX-0C974D_Iu7lBciG5-Mhl4SIwaWDm74/image;s=2048x1536;q=80",,,,,
67731310,mieszkanie,DWA mieszkania w cenie JEDNEGO - GOTOWE DO ODBIORU |Piątkowo,77.34,4,4,734730,9500,ul. Teofila Mateckiego,Piątkowo Północ,Poznań,GOTOWE DO ODBIORU (Piątkowo) - MORASKO/UAM | Poznań,52.464025,16.9008,,,,https://www.otodom.pl/pl/oferta/dwa-mieszkania-w-cenie-jednego-gotowe-do-odbioru-piatkowo-ID4Ac0u,"https://ireland.apollo.olxcdn.com/v1/files/eyJhbGciOiJIUzI1NiIsInR5cCI6IkpXVCJ9.eyJmbiI6ImU0aXJsa2Z0dTNqaDEtQVBMIiwidyI6W3siZm4iOiJlbnZmcXFlMWF5NGsxLUFQTCIsInMiOiIxNiIsImEiOiIwIiwicCI6IjEwLC0xMCJ9XX0.LyRtA3GMEARPeiuhi4kxOlkIzA7CrsNllqFkNBAnwPU/image;s=2048x1536;q=80,https://ireland.apollo.olxcdn.com/v1/files/eyJhbGciOiJIUzI1NiIsInR5cCI6IkpXVCJ9.eyJmbiI6InZlMGk3cTM3ZjgxMTItQVBMIiwidyI6W3siZm4iOiJlbnZmcXFlMWF5NGsxLUFQTCIsInMiOiIxNiIsImEiOiIwIiwicCI6IjEwLC0xMCJ9XX0.ThM7Ukk7Yj5JUxYLWFQhR4BeASScnQfwCrJ-CrUFeO0/image;s=2048x1536;q=80,https://ireland.apollo.olxcdn.com/v1/files/eyJhbGciOiJIUzI1NiIsInR5cCI6IkpXVCJ9.eyJmbiI6IjNoMzVucGE3NDlvOC1BUEwiLCJ3IjpbeyJmbiI6ImVudmZxcWUxYXk0azEtQVBMIiwicyI6IjE2IiwiYSI6IjAiLCJwIjoiMTAsLTEwIn1dfQ.OywTqJHDVvGV4UT-sdQau9AeFCvnK9q6OTsKAMh8gGE/image;s=2048x1536;q=80",,,,,
68340661,mieszkanie,RABATY 110 000 | Jasne 3 pok 76m2 | Ogródek 47m2,76.54,3,0,736500,9622,,Winogrady,Poznań,,52.4312,16.9427,,,,https://www.otodom.pl/pl/oferta/rabaty-110-000-jasne-3-pok-76m2-ogrodek-47m2-ID4CKvJ,"https://ireland.apollo.olxcdn.com/v1/files/eyJhbGciOiJIUzI1NiIsInR5cCI6IkpXVCJ9.eyJmbiI6InQ3emEzMW1kYzcwdzEtRUNPU1lTVEVNIiwidyI6W3siZm4iOiJlbnZmcXFlMWF5NGsxLUFQTCIsInMiOiIxNiIsImEiOiIwIiwicCI6IjEwLC0xMCJ9XX0.Q0ZTF20S1QjbmKul3rdLxCQioTQNwFTOB9oILkrlEM4/image;s=2048x1536;q=80,https://ireland.apollo.olxcdn.com/v1/files/eyJhbGciOiJIUzI1NiIsInR5cCI6IkpXVCJ9.eyJmbiI6ImFjMjZpbDJ5Nmkzai1FQ09TWVNURU0iLCJ3IjpbeyJmbiI6ImVudmZxcWUxYXk0azEtQVBMIiwicyI6IjE2IiwiYSI6IjAiLCJwIjoiMTAsLTEwIn1dfQ.MnexMr2OKblIMvfVat45b_Sb_js4Hwd4m72Y-pW6bZ4/image;s=2048x1536;q=80,https://ireland.apollo.olxcdn.com/v1/files/eyJhbGciOiJIUzI1NiIsInR5cCI6IkpXVCJ9.eyJmbiI6IjIxa2V4Ym9lOGwyazItRUNPU1lTVEVNIiwidyI6W3siZm4iOiJlbnZmcXFlMWF5NGsxLUFQTCIsInMiOiIxNiIsImEiOiIwIiwicCI6IjEwLC0xMCJ9XX0.aEkQxpv94zdVE5kjdui8AkDLWHwFTkOaov0ffr0MYgQ/image;s=2048x1536;q=80",,,,,
68445866,mieszkanie,ZOBACZ NA ŻYWO - WIELKI ZACHODNI OGRÓD - WYSOKI STANDARD - GOTOWE,77,3,0,736740,9568,ul. Winogrady,Winogrady,Poznań,,52.425974,16.939207,,,,https://www.otodom.pl/pl/oferta/zobacz-na-zywo-wielki-zachodni-ogrod-wysoki-standard-gotowe-ID4DbTA,https://ireland.apollo.olxcdn.com/v1/files/eyJhbGciOiJIUzI1NiIsInR5cCI6IkpXVCJ9.eyJmbiI6IjA2NDIwODdkbTJxOC1BUEwiLCJ3IjpbeyJmbiI6ImVudmZxcWUxYXk0azEtQVBMIiwicyI6IjE2IiwiYSI6IjAiLCJwIjoiMTAsLTEwIn1dfQ.xjw3mtJkpW1R9M13v4F634fQF5xx09eGK3-Yaq9CNSw/image;s=2048x1536;q=80,,,,,
68445865,mieszkanie,ZOBACZ NA ŻYWO - WIELKI ZACHODNI OGRÓD - WYSOKI STANDARD - GOTOWE,77,3,0,736740,9568,ul. Winogrady,Winogrady,Poznań,,52.425974,16.939207,,,,https://www.otodom.pl/pl/oferta/zobacz-na-zywo-wielki-zachodni-ogrod-wysoki-standard-gotowe-ID4DbTz,https://ireland.apollo.olxcdn.com/v1/files/eyJhbGciOiJIUzI1NiIsInR5cCI6IkpXVCJ9.eyJmbiI6IjA2NDIwODdkbTJxOC1BUEwiLCJ3IjpbeyJmbiI6ImVudmZxcWUxYXk0azEtQVBMIiwicyI6IjE2IiwiYSI6IjAiLCJwIjoiMTAsLTEwIn1dfQ.xjw3mtJkpW1R9M13v4F634fQF5xx09eGK3-Yaq9CNSw/image;s=2048x1536;q=80,,,,,
68465272,mieszkanie,PIĘKNE z ogródkiem | Dwustronne | Szkoły/usługi/tramwaj | Sam obejrzyj,76.54,3,0,736749,9626,,Winogrady,Poznań,,52.434865,16.938353,,,,https://www.otodom.pl/pl/oferta/piekne-z-ogrodkiem-dwustronne-szkoly-uslugi-tramwaj-sam-obejrzyj-ID4DgVA,"https://ireland.apollo.olxcdn.com/v1/files/eyJhbGciOiJIUzI1NiIsInR5cCI6IkpXVCJ9.eyJmbiI6IjJhdWdubzFhMTJpZzMtQVBMIiwidyI6W3siZm4iOiJlbnZmcXFlMWF5NGsxLUFQTCIsInMiOiIxNiIsImEiOiIwIiwicCI6IjEwLC0xMCJ9XX0.gZgnxo_eFvhB1UzuV1rG-a8bIEGnm64KF69Ad_rNA8Q/image;s=2048x1536;q=80,https://ireland.apollo.olxcdn.com/v1/files/eyJhbGciOiJIUzI1NiIsInR5cCI6IkpXVCJ9.eyJmbiI6ImU1YTVnYmJ0YTFwdjItQVBMIiwidyI6W3siZm4iOiJlbnZmcXFlMWF5NGsxLUFQTCIsInMiOiIxNiIsImEiOiIwIiwicCI6IjEwLC0xMCJ9XX0.dsNA9_9Optd_ciggqR6jZZVn7OPQAVif3q8z1wiOSYk/image;s=2048x1536;q=80,https://ireland.apollo.olxcdn.com/v1/files/eyJhbGciOiJIUzI1NiIsInR5cCI6IkpXVCJ9.eyJmbiI6InV3a2tnYWRuMHRwbDMtQVBMIiwidyI6W3siZm4iOiJlbnZmcXFlMWF5NGsxLUFQTCIsInMiOiIxNiIsImEiOiIwIiwicCI6IjEwLC0xMCJ9XX0.QcGTk--rqeYo42ON5R5y-0a-jBFYAuJW59bIRakWtEA/image;s=2048x1536;q=80",,,,,
68389866,mieszkanie,>> ŚWIETNA LOKALIZACJA << 3 POK. Z PROMOCYJNEJ PULI | ZOBACZ NA ŻYWO,76.54,3,0,736749,9626,,Winogrady,Poznań,,52.43595,16.94559,,,,https://www.otodom.pl/pl/oferta/swietna-lokalizacja-3-pok-z-promocyjnej-puli-zobacz-na-zywo-ID4CXkm,"https://ireland.apollo.olxcdn.com/v1/files/eyJhbGciOiJIUzI1NiIsInR5cCI6IkpXVCJ9.eyJmbiI6ImtpMzM1d3I1ODdnNDEtQVBMIiwidyI6W3siZm4iOiJlbnZmcXFlMWF5NGsxLUFQTCIsInMiOiIxNiIsImEiOiIwIiwicCI6IjEwLC0xMCJ9XX0.AudJ86SRdPOtINtElEio5_8kOpoykA3v_X25MprVcDY/image;s=2048x1536;q=80,https://ireland.apollo.olxcdn.com/v1/files/eyJhbGciOiJIUzI1NiIsInR5cCI6IkpXVCJ9.eyJmbiI6ImRzcjMxaWRtYTZ4MzMtQVBMIiwidyI6W3siZm4iOiJlbnZmcXFlMWF5NGsxLUFQTCIsInMiOiIxNiIsImEiOiIwIiwicCI6IjEwLC0xMCJ9XX0.VlSWwrjK0u2qSK20K1e0Xm_2xAH0--OF8s-67aem0Y8/image;s=2048x1536;q=80,https://ireland.apollo.olxcdn.com/v1/files/eyJhbGciOiJIUzI1NiIsInR5cCI6IkpXVCJ9.eyJmbiI6InNraGh2MGhzajFleTEtQVBMIiwidyI6W3siZm4iOiJlbnZmcXFlMWF5NGsxLUFQTCIsInMiOiIxNiIsImEiOiIwIiwicCI6IjEwLC0xMCJ9XX0.1Q8sC14nC9--4RRmhGphEaTECTY4Owpe3TiJSgbzT1U/image;s=2048x1536;q=80",,,,,
65204761,mieszkanie,Grunwald Park | mieszkanie 3-pok. | 8G_13,70.34,3,3,738570,10500,ul. Wieruszowska,Junikowo,Poznań,Grunwald Park,52.38208,16.84141,,,,https://www.otodom.pl/pl/oferta/grunwald-park-mieszkanie-3-pok-8g-13-ID4pAJH,"https://ireland.apollo.olxcdn.com/v1/files/eyJhbGciOiJIUzI1NiIsInR5cCI6IkpXVCJ9.eyJmbiI6IjM5dnQ4dm05Y3V3bC1FQ09TWVNURU0iLCJ3IjpbeyJmbiI6ImVudmZxcWUxYXk0azEtQVBMIiwicyI6IjE2IiwiYSI6IjAiLCJwIjoiMTAsLTEwIn1dfQ.YkdarX-YjddzirVFNXKMl1u8RQrXOmmMraeJXXO_J8M/image;s=2048x1536;q=80,https://ireland.apollo.olxcdn.com/v1/files/eyJhbGciOiJIUzI1NiIsInR5cCI6IkpXVCJ9.eyJmbiI6Ijloa2NvOTdyNXBtZy1BUEwiLCJ3IjpbeyJmbiI6ImVudmZxcWUxYXk0azEtQVBMIiwicyI6IjE2IiwiYSI6IjAiLCJwIjoiMTAsLTEwIn1dfQ.DPWVdL8x9Xpnes_5tAI1sdd__nGnjdmQS4CrVkmZE8k/image;s=2048x1536;q=80,https://ireland.apollo.olxcdn.com/v1/files/eyJhbGciOiJIUzI1NiIsInR5cCI6IkpXVCJ9.eyJmbiI6ImM3endqcGpocnpqeTItQVBMIiwidyI6W3siZm4iOiJlbnZmcXFlMWF5NGsxLUFQTCIsInMiOiIxNiIsImEiOiIwIiwicCI6IjEwLC0xMCJ9XX0.lYz1x7hIQiXSfo5nwAgH4jt-u_043_ue6kWCtVN-Mjs/image;s=2048x1536;q=80",,,,,
68389389,dom,"Dom, 75 m², Luboń",75,4,,739000,9853,,Luboń,Luboń,,52.35612,16.88159,,,,https://www.otodom.pl/pl/oferta/dom-75-m-lubon-ID4CXcF,"https://ireland.apollo.olxcdn.com/v1/files/eyJhbGciOiJIUzI1NiIsInR5cCI6IkpXVCJ9.eyJmbiI6Im85OGtjdmVnOHNxby1BUEwiLCJ3IjpbeyJmbiI6ImVudmZxcWUxYXk0azEtQVBMIiwicyI6IjE2IiwiYSI6IjAiLCJwIjoiMTAsLTEwIn1dfQ.xDQi-1beVn8iVSqOS4k32QfZqUnguKG5yUdkuknZFBY/image;s=2048x1536;q=80,https://ireland.apollo.olxcdn.com/v1/files/eyJhbGciOiJIUzI1NiIsInR5cCI6IkpXVCJ9.eyJmbiI6IjFsdnZhcGRoODNqaTItQVBMIiwidyI6W3siZm4iOiJlbnZmcXFlMWF5NGsxLUFQTCIsInMiOiIxNiIsImEiOiIwIiwicCI6IjEwLC0xMCJ9XX0.QnbGjsIXmyY3FTj1JEtSZPGUSr8M-rAVXfSg_W1dsuw/image;s=2048x1536;q=80,https://ireland.apollo.olxcdn.com/v1/files/eyJhbGciOiJIUzI1NiIsInR5cCI6IkpXVCJ9.eyJmbiI6ImgyeDI3czh1cDB5Ny1BUEwiLCJ3IjpbeyJmbiI6ImVudmZxcWUxYXk0azEtQVBMIiwicyI6IjE2IiwiYSI6IjAiLCJwIjoiMTAsLTEwIn1dfQ.wuIVYpv2GVAzowek7PbGvfpQWGq53D_eGGNHqIBs37I/image;s=2048x1536;q=80",,,,,
67457304,dom,Dom z garażem i dużym ogrodem w cenie mieszkania w Poznaniu – 101 m²,101.35,4,,739000,7292,Lubczykowa,Rumianek,Tarnowo Podgórne,,52.46124,16.6213,,,,https://www.otodom.pl/pl/oferta/dom-z-garazem-i-duzym-ogrodem-w-cenie-mieszkania-w-poznaniu-101-m-ID4z2J2,"https://ireland.apollo.olxcdn.com/v1/files/eyJhbGciOiJIUzI1NiIsInR5cCI6IkpXVCJ9.eyJmbiI6InZsaTdxeHdqOXNrcDMtQVBMIiwidyI6W3siZm4iOiJlbnZmcXFlMWF5NGsxLUFQTCIsInMiOiIxNiIsImEiOiIwIiwicCI6IjEwLC0xMCJ9XX0.ZedIWbzWZ7UR8mOdG-aJA-CuOeTvdyC9-7yGZjUCKlk/image;s=2048x1536;q=80,https://ireland.apollo.olxcdn.com/v1/files/eyJhbGciOiJIUzI1NiIsInR5cCI6IkpXVCJ9.eyJmbiI6InVlemV4OWcwOXFuYTEtQVBMIiwidyI6W3siZm4iOiJlbnZmcXFlMWF5NGsxLUFQTCIsInMiOiIxNiIsImEiOiIwIiwicCI6IjEwLC0xMCJ9XX0.1ysZVv0GymUyccXNAxeKODjewfJt3tZtG3HZlh1hnGY/image;s=2048x1536;q=80,https://ireland.apollo.olxcdn.com/v1/files/eyJhbGciOiJIUzI1NiIsInR5cCI6IkpXVCJ9.eyJmbiI6InhpbWI2cm5zYWExcS1BUEwiLCJ3IjpbeyJmbiI6ImVudmZxcWUxYXk0azEtQVBMIiwicyI6IjE2IiwiYSI6IjAiLCJwIjoiMTAsLTEwIn1dfQ.m4RjUCgt_Obbluer0NPVyeJQ6gkWQBZ8gYLF312qmZs/image;s=2048x1536;q=80",,,,,
68182174,dom,"Dom w Luboniu 92,15 m² | Działka 135  m² | Lokal 2",92.15,4,,739000,8020,,Luboń,Luboń,,52.34705,16.89267,,,,https://www.otodom.pl/pl/oferta/dom-w-luboniu-92-15-m-dzialka-135-m-lokal-2-ID4C5iu,"https://ireland.apollo.olxcdn.com/v1/files/eyJhbGciOiJIUzI1NiIsInR5cCI6IkpXVCJ9.eyJmbiI6IjV4dDZ0NzQ2dmp5OS1BUEwiLCJ3IjpbeyJmbiI6ImVudmZxcWUxYXk0azEtQVBMIiwicyI6IjE2IiwiYSI6IjAiLCJwIjoiMTAsLTEwIn1dfQ.RFiEIOCFm8YmJtll06mmEAtB5JMmJ1cYLhG-axVOEZ8/image;s=2048x1536;q=80,https://ireland.apollo.olxcdn.com/v1/files/eyJhbGciOiJIUzI1NiIsInR5cCI6IkpXVCJ9.eyJmbiI6IjA3bTQ2OWRmY21keDEtQVBMIiwidyI6W3siZm4iOiJlbnZmcXFlMWF5NGsxLUFQTCIsInMiOiIxNiIsImEiOiIwIiwicCI6IjEwLC0xMCJ9XX0.3WPH0jGKIHHnBbrOhDokcAW_GxoZwlLq-PQePbtFjGI/image;s=2048x1536;q=80,https://ireland.apollo.olxcdn.com/v1/files/eyJhbGciOiJIUzI1NiIsInR5cCI6IkpXVCJ9.eyJmbiI6IjNndmM5b3BtdXRtcTEtQVBMIiwidyI6W3siZm4iOiJlbnZmcXFlMWF5NGsxLUFQTCIsInMiOiIxNiIsImEiOiIwIiwicCI6IjEwLC0xMCJ9XX0.447bEYN6SdHmQf29zpgD6yfn9sgLnitHWgEqvwEvsyc/image;s=2048x1536;q=80",,,,,
68350800,dom,"GOTOWY SEGMENT NA SPRZEDAŻ, GORTATOWO.",83.3,4,,739000,8872,ul. Sezamowa,Gortatowo,Gortatowo,,52.42954,17.12501,,,,https://www.otodom.pl/pl/oferta/gotowy-segment-na-sprzedaz-gortatowo-ID4CNag,"https://ireland.apollo.olxcdn.com/v1/files/eyJhbGciOiJIUzI1NiIsInR5cCI6IkpXVCJ9.eyJmbiI6ImYwNTRpbm1xMXpybjEtRUNPU1lTVEVNIiwidyI6W3siZm4iOiJlbnZmcXFlMWF5NGsxLUFQTCIsInMiOiIxNiIsImEiOiIwIiwicCI6IjEwLC0xMCJ9XX0.K3W0GJ0VHMwBGQ3cilISRZCyIrT3TDopVBfdg7AB4i8/image;s=2048x1536;q=80,https://ireland.apollo.olxcdn.com/v1/files/eyJhbGciOiJIUzI1NiIsInR5cCI6IkpXVCJ9.eyJmbiI6ImNpcG95MXk4Nms1ZC1FQ09TWVNURU0iLCJ3IjpbeyJmbiI6ImVudmZxcWUxYXk0azEtQVBMIiwicyI6IjE2IiwiYSI6IjAiLCJwIjoiMTAsLTEwIn1dfQ.mGPlAXZN7NVH7ZCPdU1K5OgfGNtwKt_MkkDRLDpLc7A/image;s=2048x1536;q=80,https://ireland.apollo.olxcdn.com/v1/files/eyJhbGciOiJIUzI1NiIsInR5cCI6IkpXVCJ9.eyJmbiI6ImVnMzQ3YXR2am53eDItRUNPU1lTVEVNIiwidyI6W3siZm4iOiJlbnZmcXFlMWF5NGsxLUFQTCIsInMiOiIxNiIsImEiOiIwIiwicCI6IjEwLC0xMCJ9XX0.BykPujGO3aemuBMB4vlg-Ru73cafWJfImh7bbrKKqgM/image;s=2048x1536;q=80",,,,,
66106160,mieszkanie,Svaran | mieszkanie 4-pokojowe | B2.C.3.6,76.25,4,3,739625,9700,,Swarzędz,Swarzędz,Svaran,52.4089,17.08117,,,,https://www.otodom.pl/pl/oferta/svaran-mieszkanie-4-pokojowe-b2-c-3-6-ID4tneo,"https://ireland.apollo.olxcdn.com/v1/files/eyJhbGciOiJIUzI1NiIsInR5cCI6IkpXVCJ9.eyJmbiI6IjdpdmZ4MnM3M3pybTEtRUNPU1lTVEVNIiwidyI6W3siZm4iOiJlbnZmcXFlMWF5NGsxLUFQTCIsInMiOiIxNiIsImEiOiIwIiwicCI6IjEwLC0xMCJ9XX0.80lJuwBCEEFKvuOxQUiPhBwCEHq8WOyT1AGsXZFFXPY/image;s=2048x1536;q=80,https://ireland.apollo.olxcdn.com/v1/files/eyJhbGciOiJIUzI1NiIsInR5cCI6IkpXVCJ9.eyJmbiI6Im1oZWxyb2pkMm4xczItRUNPU1lTVEVNIiwidyI6W3siZm4iOiJlbnZmcXFlMWF5NGsxLUFQTCIsInMiOiIxNiIsImEiOiIwIiwicCI6IjEwLC0xMCJ9XX0.VplWvXnxeyh-3fLO-B8yl1PvN0usWd-02uADXm9TFPk/image;s=2048x1536;q=80,https://ireland.apollo.olxcdn.com/v1/files/eyJhbGciOiJIUzI1NiIsInR5cCI6IkpXVCJ9.eyJmbiI6ImF1OTMxeHpocTZ6MjItRUNPU1lTVEVNIiwidyI6W3siZm4iOiJlbnZmcXFlMWF5NGsxLUFQTCIsInMiOiIxNiIsImEiOiIwIiwicCI6IjEwLC0xMCJ9XX0.gi0bzpA2WUq4vSiQVFbpHY1540bYlFkMRNqndLjeaxQ/image;s=2048x1536;q=80",,,,,
96610616000067,mieszkanie,Svaran | mieszkanie 4-pokojowe | B2.C.3.6,76.25,4,3,739625,9700,,Swarzędz,Swarzędz,Svaran,52.4089,17.08117,,,,https://www.otodom.pl/pl/oferta/svaran-mieszkanie-4-pokojowe-b2-c-3-6-ID4tneo,"https://ireland.apollo.olxcdn.com/v1/files/eyJhbGciOiJIUzI1NiIsInR5cCI6IkpXVCJ9.eyJmbiI6IjdpdmZ4MnM3M3pybTEtRUNPU1lTVEVNIiwidyI6W3siZm4iOiJlbnZmcXFlMWF5NGsxLUFQTCIsInMiOiIxNiIsImEiOiIwIiwicCI6IjEwLC0xMCJ9XX0.80lJuwBCEEFKvuOxQUiPhBwCEHq8WOyT1AGsXZFFXPY/image;s=2048x1536;q=80,https://ireland.apollo.olxcdn.com/v1/files/eyJhbGciOiJIUzI1NiIsInR5cCI6IkpXVCJ9.eyJmbiI6Im1oZWxyb2pkMm4xczItRUNPU1lTVEVNIiwidyI6W3siZm4iOiJlbnZmcXFlMWF5NGsxLUFQTCIsInMiOiIxNiIsImEiOiIwIiwicCI6IjEwLC0xMCJ9XX0.VplWvXnxeyh-3fLO-B8yl1PvN0usWd-02uADXm9TFPk/image;s=2048x1536;q=80,https://ireland.apollo.olxcdn.com/v1/files/eyJhbGciOiJIUzI1NiIsInR5cCI6IkpXVCJ9.eyJmbiI6ImF1OTMxeHpocTZ6MjItRUNPU1lTVEVNIiwidyI6W3siZm4iOiJlbnZmcXFlMWF5NGsxLUFQTCIsInMiOiIxNiIsImEiOiIwIiwicCI6IjEwLC0xMCJ9XX0.gi0bzpA2WUq4vSiQVFbpHY1540bYlFkMRNqndLjeaxQ/image;s=2048x1536;q=80",,,,,
65663618,dom,"Ostatni skrajny dom z widokiem na las! 97,37 mkw, Zaciszna, Czapury",97.37,5,,740000,7600,Zaciszna,Czapury,,,52.32054,16.92491,,,,https://www.otodom.pl/pl/oferta/ostatni-skrajny-dom-z-widokiem-na-las-97-37-mkw-zaciszna-czapury-ID4rv6C,"https://ireland.apollo.olxcdn.com/v1/files/eyJhbGciOiJIUzI1NiIsInR5cCI6IkpXVCJ9.eyJmbiI6InZkMGo2ODV0Z3NyMi1BUEwiLCJ3IjpbeyJmbiI6ImVudmZxcWUxYXk0azEtQVBMIiwicyI6IjE2IiwiYSI6IjAiLCJwIjoiMTAsLTEwIn1dfQ.u93rxefOCiNnLDOD4ew_6kcibR4CxYLBwJCs5bEpMrA/image;s=2048x1536;q=80,https://ireland.apollo.olxcdn.com/v1/files/eyJhbGciOiJIUzI1NiIsInR5cCI6IkpXVCJ9.eyJmbiI6ImN6cmJ6aWZ2cGhpcC1BUEwiLCJ3IjpbeyJmbiI6ImVudmZxcWUxYXk0azEtQVBMIiwicyI6IjE2IiwiYSI6IjAiLCJwIjoiMTAsLTEwIn1dfQ.sYT3c4zFd793MA6075oFe55U4getgPl9o0AeiSlELus/image;s=2048x1536;q=80,https://ireland.apollo.olxcdn.com/v1/files/eyJhbGciOiJIUzI1NiIsInR5cCI6IkpXVCJ9.eyJmbiI6Ijc3bG5xMnNsN3phcjMtQVBMIiwidyI6W3siZm4iOiJlbnZmcXFlMWF5NGsxLUFQTCIsInMiOiIxNiIsImEiOiIwIiwicCI6IjEwLC0xMCJ9XX0.VdKfEfUcDymB4KOVv7epzjPi9HdVjiVt-3gxGo3Bk28/image;s=2048x1536;q=80",,,,,
65204646,mieszkanie,Grunwald Park | mieszkanie 4-pok. | 8L_2,70.6,4,0,741300,10500,ul. Wieruszowska,Junikowo,Poznań,Grunwald Park,52.38208,16.84141,,,,https://www.otodom.pl/pl/oferta/grunwald-park-mieszkanie-4-pok-8l-2-ID4pAHQ,"https://ireland.apollo.olxcdn.com/v1/files/eyJhbGciOiJIUzI1NiIsInR5cCI6IkpXVCJ9.eyJmbiI6Ijd2OWg4cnJrd2xicDItRUNPU1lTVEVNIiwidyI6W3siZm4iOiJlbnZmcXFlMWF5NGsxLUFQTCIsInMiOiIxNiIsImEiOiIwIiwicCI6IjEwLC0xMCJ9XX0.FqwjBprpfYQaqn1td4vy87ldyjjWU0bHRLzupdkS0cQ/image;s=2048x1536;q=80,https://ireland.apollo.olxcdn.com/v1/files/eyJhbGciOiJIUzI1NiIsInR5cCI6IkpXVCJ9.eyJmbiI6Ijloa2NvOTdyNXBtZy1BUEwiLCJ3IjpbeyJmbiI6ImVudmZxcWUxYXk0azEtQVBMIiwicyI6IjE2IiwiYSI6IjAiLCJwIjoiMTAsLTEwIn1dfQ.DPWVdL8x9Xpnes_5tAI1sdd__nGnjdmQS4CrVkmZE8k/image;s=2048x1536;q=80,https://ireland.apollo.olxcdn.com/v1/files/eyJhbGciOiJIUzI1NiIsInR5cCI6IkpXVCJ9.eyJmbiI6ImM3endqcGpocnpqeTItQVBMIiwidyI6W3siZm4iOiJlbnZmcXFlMWF5NGsxLUFQTCIsInMiOiIxNiIsImEiOiIwIiwicCI6IjEwLC0xMCJ9XX0.lYz1x7hIQiXSfo5nwAgH4jt-u_043_ue6kWCtVN-Mjs/image;s=2048x1536;q=80",,,,,
68485976,dom,Osobna księga wieczysta/Bliźniak Rogierówko/Rokietnica,102.5,5,,745000,7268,,Rogierówko,Rogierówko,,52.47808,16.75278,,,,https://www.otodom.pl/pl/oferta/osobna-ksiega-wieczysta-blizniak-rogierowko-rokietnica-ID4Dmkv,"https://ireland.apollo.olxcdn.com/v1/files/eyJhbGciOiJIUzI1NiIsInR5cCI6IkpXVCJ9.eyJmbiI6Ims5Y2I4aTZ6anU2ODEtQVBMIiwidyI6W3siZm4iOiJlbnZmcXFlMWF5NGsxLUFQTCIsInMiOiIxNiIsImEiOiIwIiwicCI6IjEwLC0xMCJ9XX0.1w-rIL6FUK089u6wN56tSvW4G8AZf7Jz55puBwHQEYY/image;s=2048x1536;q=80,https://ireland.apollo.olxcdn.com/v1/files/eyJhbGciOiJIUzI1NiIsInR5cCI6IkpXVCJ9.eyJmbiI6ImtlbDE1YXEzdXpzci1BUEwiLCJ3IjpbeyJmbiI6ImVudmZxcWUxYXk0azEtQVBMIiwicyI6IjE2IiwiYSI6IjAiLCJwIjoiMTAsLTEwIn1dfQ.Bq3aqjzWijKJ2jsOSm8gq9TrUfvyL648-L23gD6gNqo/image;s=2048x1536;q=80,https://ireland.apollo.olxcdn.com/v1/files/eyJhbGciOiJIUzI1NiIsInR5cCI6IkpXVCJ9.eyJmbiI6IjFzdWx2bXNlaG5jaS1BUEwiLCJ3IjpbeyJmbiI6ImVudmZxcWUxYXk0azEtQVBMIiwicyI6IjE2IiwiYSI6IjAiLCJwIjoiMTAsLTEwIn1dfQ.HFW2rrskst5FY_uYp60LIcTklLwzN5qj709ef_QcPXA/image;s=2048x1536;q=80",,,,,
68265855,mieszkanie,3 pokoje | Dwie duże sypialnie | Nowe Jeżyce,73.5,3,1,745992,10150,,Jeżyce,Poznań,,52.413479,16.902793,,,,https://www.otodom.pl/pl/oferta/3-pokoje-dwie-duze-sypialnie-nowe-jezyce-ID4Cr4b,"https://ireland.apollo.olxcdn.com/v1/files/eyJhbGciOiJIUzI1NiIsInR5cCI6IkpXVCJ9.eyJmbiI6IjNrZzhlbmE5cGM3ejItRUNPU1lTVEVNIiwidyI6W3siZm4iOiJlbnZmcXFlMWF5NGsxLUFQTCIsInMiOiIxNiIsImEiOiIwIiwicCI6IjEwLC0xMCJ9XX0.0YJQ787-A4R3i1_x0xv76HTEipQ9T3OgRtPNMQTku_M/image;s=2048x1536;q=80,https://ireland.apollo.olxcdn.com/v1/files/eyJhbGciOiJIUzI1NiIsInR5cCI6IkpXVCJ9.eyJmbiI6ImpibGxqbDZlaTNsYjItRUNPU1lTVEVNIiwidyI6W3siZm4iOiJlbnZmcXFlMWF5NGsxLUFQTCIsInMiOiIxNiIsImEiOiIwIiwicCI6IjEwLC0xMCJ9XX0.DWiQuqyS7V3uml4bKZIJSoMT7Sk0Nz8At2r7VR1HR4I/image;s=2048x1536;q=80,https://ireland.apollo.olxcdn.com/v1/files/eyJhbGciOiJIUzI1NiIsInR5cCI6IkpXVCJ9.eyJmbiI6ImxwdTZpZnN3cHo1MjMtRUNPU1lTVEVNIiwidyI6W3siZm4iOiJlbnZmcXFlMWF5NGsxLUFQTCIsInMiOiIxNiIsImEiOiIwIiwicCI6IjEwLC0xMCJ9XX0.bHm53Z8cixanMjS579aJljxuw9P9n2625FiPKqK3ac4/image;s=2048x1536;q=80",,,,,
68254703,dom,"Dom, 114 m², Dachowa",114,5,,748000,6561,,Dachowa,Dachowa,,52.30444,17.07484,,,,https://www.otodom.pl/pl/oferta/dom-114-m-dachowa-ID4Coaj,"https://ireland.apollo.olxcdn.com/v1/files/eyJhbGciOiJIUzI1NiIsInR5cCI6IkpXVCJ9.eyJmbiI6ImwyaGl5bzUxOWdkYjEtQVBMIiwidyI6W3siZm4iOiJlbnZmcXFlMWF5NGsxLUFQTCIsInMiOiIxNiIsImEiOiIwIiwicCI6IjEwLC0xMCJ9XX0.UnmGOhz0qS7qIOe5BUre_LVPGvm54dZ120EAeJeHA_Y/image;s=2048x1536;q=80,https://ireland.apollo.olxcdn.com/v1/files/eyJhbGciOiJIUzI1NiIsInR5cCI6IkpXVCJ9.eyJmbiI6Imw4cWpsaXVkZmRkLUFQTCIsInciOlt7ImZuIjoiZW52ZnFxZTFheTRrMS1BUEwiLCJzIjoiMTYiLCJhIjoiMCIsInAiOiIxMCwtMTAifV19.sJ8QDP68eXMMuGOmy2wrSRPqbPHs3m2hYEHlro3gfdE/image;s=2048x1536;q=80",,,,,
68419006,dom,Sprzedam dom bliźniak Poznań/Fabianowo,125,4,,749000,5992,ul. Radyńska,Fabianowo,Poznań,,52.36562,16.84371,,,,https://www.otodom.pl/pl/oferta/sprzedam-dom-blizniak-poznan-fabianowo-ID4D4Um,"https://ireland.apollo.olxcdn.com/v1/files/eyJhbGciOiJIUzI1NiIsInR5cCI6IkpXVCJ9.eyJmbiI6Im8yc3k1dTV5c2NwZjMtQVBMIiwidyI6W3siZm4iOiJlbnZmcXFlMWF5NGsxLUFQTCIsInMiOiIxNiIsImEiOiIwIiwicCI6IjEwLC0xMCJ9XX0.y0qIz0cRWFKlmEHHyzxVTc70Aidu9VbASMpCXOd3H6s/image;s=2048x1536;q=80,https://ireland.apollo.olxcdn.com/v1/files/eyJhbGciOiJIUzI1NiIsInR5cCI6IkpXVCJ9.eyJmbiI6ImIwNWU5aWVmMnc3bDEtQVBMIiwidyI6W3siZm4iOiJlbnZmcXFlMWF5NGsxLUFQTCIsInMiOiIxNiIsImEiOiIwIiwicCI6IjEwLC0xMCJ9XX0.J8M-eUh33qxmwW98yNWfdDN22ikvLS6Kf6uX4irM-4U/image;s=2048x1536;q=80,https://ireland.apollo.olxcdn.com/v1/files/eyJhbGciOiJIUzI1NiIsInR5cCI6IkpXVCJ9.eyJmbiI6InlleWpqM2s5anZlNy1BUEwiLCJ3IjpbeyJmbiI6ImVudmZxcWUxYXk0azEtQVBMIiwicyI6IjE2IiwiYSI6IjAiLCJwIjoiMTAsLTEwIn1dfQ.6rhyQHPeJWlIpt2bGmbxnPhHsr9d5-jm2tRawxv-NNQ/image;s=2048x1536;q=80",,,,,
67089243,dom,Forall Osiedle Harmonia  | 4-pok. | 2_1,93.8,4,,749000,7985,ul. Stajenna,Pawłowice,Pawłowice,Forall Osiedle Harmonia,52.492966,16.794361,,,,https://www.otodom.pl/pl/oferta/forall-osiedle-harmonia-4-pok-2-1-ID4xuYz,"https://ireland.apollo.olxcdn.com/v1/files/eyJhbGciOiJIUzI1NiIsInR5cCI6IkpXVCJ9.eyJmbiI6InYzNDkwaDZrNHIydDMtRUNPU1lTVEVNIiwidyI6W3siZm4iOiJlbnZmcXFlMWF5NGsxLUFQTCIsInMiOiIxNiIsImEiOiIwIiwicCI6IjEwLC0xMCJ9XX0.lwbnZBJSPjYmrNE1z707gHiOrIjnLC8yjcZO2GRySus/image;s=2048x1536;q=80,https://ireland.apollo.olxcdn.com/v1/files/eyJhbGciOiJIUzI1NiIsInR5cCI6IkpXVCJ9.eyJmbiI6IjJnY2kydTg4NDZmOS1FQ09TWVNURU0iLCJ3IjpbeyJmbiI6ImVudmZxcWUxYXk0azEtQVBMIiwicyI6IjE2IiwiYSI6IjAiLCJwIjoiMTAsLTEwIn1dfQ.Vry1uiWBsrLJCJA59_QNemg3bAouvhFbyAU-tzo_mDU/image;s=2048x1536;q=80,https://ireland.apollo.olxcdn.com/v1/files/eyJhbGciOiJIUzI1NiIsInR5cCI6IkpXVCJ9.eyJmbiI6Ijh0M3NoZGI4MXM0bjEtRUNPU1lTVEVNIiwidyI6W3siZm4iOiJlbnZmcXFlMWF5NGsxLUFQTCIsInMiOiIxNiIsImEiOiIwIiwicCI6IjEwLC0xMCJ9XX0.xIuhUdDzZQ-It5DzYgYUHeolGeUsqjRKSAmDjhKYLX4/image;s=2048x1536;q=80",,,,,
68046395,dom,"PROMOCJA Dom Gardenia w Rokietnicy. Duży ogród, pełna infrastruktura",101.4,6,,749000,7387,Gajowa,Rokietnica,Rokietnica,,52.504066,16.740546,,,,https://www.otodom.pl/pl/oferta/promocja-dom-gardenia-w-rokietnicy-duzy-ogrod-pelna-infrastruktura-ID4BwYw,"https://ireland.apollo.olxcdn.com/v1/files/eyJhbGciOiJIUzI1NiIsInR5cCI6IkpXVCJ9.eyJmbiI6IjVhbGk0aTB1M3ptcTEtQVBMIiwidyI6W3siZm4iOiJlbnZmcXFlMWF5NGsxLUFQTCIsInMiOiIxNiIsImEiOiIwIiwicCI6IjEwLC0xMCJ9XX0.u3112AiknNKTqSjQQuCtAsAH1EYf2-BKFNZr2TFU8nA/image;s=2048x1536;q=80,https://ireland.apollo.olxcdn.com/v1/files/eyJhbGciOiJIUzI1NiIsInR5cCI6IkpXVCJ9.eyJmbiI6IjJxbGUwb21wcHBqaTMtQVBMIiwidyI6W3siZm4iOiJlbnZmcXFlMWF5NGsxLUFQTCIsInMiOiIxNiIsImEiOiIwIiwicCI6IjEwLC0xMCJ9XX0.2vi2BZDLS5er5fTm9i_ZyfKbRrdW_MgOKbmY4z-C63Y/image;s=2048x1536;q=80,https://ireland.apollo.olxcdn.com/v1/files/eyJhbGciOiJIUzI1NiIsInR5cCI6IkpXVCJ9.eyJmbiI6InpwbDB5MWQ5ejk2cjEtQVBMIiwidyI6W3siZm4iOiJlbnZmcXFlMWF5NGsxLUFQTCIsInMiOiIxNiIsImEiOiIwIiwicCI6IjEwLC0xMCJ9XX0.by7F_QdNKOiKT1Dz7JuDVrz5-imdTZ0NXDAEUMSA-Z8/image;s=2048x1536;q=80",,,,,
60462790,dom,Ostatnie 3 domy parterowe. Zapraszamy!,96,4,,749000,7802,,Rokietnica,Rokietnica,,52.51359,16.74704,,,,https://www.otodom.pl/pl/oferta/ostatnie-3-domy-parterowe-zapraszamy-ID45H8i,"https://ireland.apollo.olxcdn.com/v1/files/eyJhbGciOiJIUzI1NiIsInR5cCI6IkpXVCJ9.eyJmbiI6IjVrcjlkNzRnNGowMzEtQVBMIiwidyI6W3siZm4iOiJlbnZmcXFlMWF5NGsxLUFQTCIsInMiOiIxNiIsImEiOiIwIiwicCI6IjEwLC0xMCJ9XX0.XI3t9tdSXzYndm19jQq9mJP4cNlzOXtXvxAMFqVXEwo/image;s=2048x1536;q=80,https://ireland.apollo.olxcdn.com/v1/files/eyJhbGciOiJIUzI1NiIsInR5cCI6IkpXVCJ9.eyJmbiI6Im5ucG1nZ2ZveHJ5Ny1BUEwiLCJ3IjpbeyJmbiI6ImVudmZxcWUxYXk0azEtQVBMIiwicyI6IjE2IiwiYSI6IjAiLCJwIjoiMTAsLTEwIn1dfQ.oKzZIIhbuCHmDu3hUYtXCrp842wcyAA9aZ8bQDf9uVU/image;s=2048x1536;q=80,https://ireland.apollo.olxcdn.com/v1/files/eyJhbGciOiJIUzI1NiIsInR5cCI6IkpXVCJ9.eyJmbiI6Im1mMm9pdHg2MTBlYTEtQVBMIiwidyI6W3siZm4iOiJlbnZmcXFlMWF5NGsxLUFQTCIsInMiOiIxNiIsImEiOiIwIiwicCI6IjEwLC0xMCJ9XX0.0-ke30Ln-KoWUv_n6w0-h2kN57X5YC4z8_hjMmSd0K4/image;s=2048x1536;q=80",,,,,
68046444,dom,PROMOCJA Gotowy Dom pod Poznaniem GARDENIA. Duży ogród,101.4,6,,749000,7387,,Rokietnica,Rokietnica,,52.504066,16.740546,,,,https://www.otodom.pl/pl/oferta/promocja-gotowy-dom-pod-poznaniem-gardenia-duzy-ogrod-ID4BwZi,"https://ireland.apollo.olxcdn.com/v1/files/eyJhbGciOiJIUzI1NiIsInR5cCI6IkpXVCJ9.eyJmbiI6IjlmemhiYXZnNDgxNzMtQVBMIiwidyI6W3siZm4iOiJlbnZmcXFlMWF5NGsxLUFQTCIsInMiOiIxNiIsImEiOiIwIiwicCI6IjEwLC0xMCJ9XX0.GcpGxGXnpMic_5f8ykG8kGuKR54JGfEs8uCLrBogPqw/image;s=2048x1536;q=80,https://ireland.apollo.olxcdn.com/v1/files/eyJhbGciOiJIUzI1NiIsInR5cCI6IkpXVCJ9.eyJmbiI6InEwbTRpbzd5bHN6LUFQTCIsInciOlt7ImZuIjoiZW52ZnFxZTFheTRrMS1BUEwiLCJzIjoiMTYiLCJhIjoiMCIsInAiOiIxMCwtMTAifV19.tKyRn1h0w_i8BD6C-pzdEaITvuOe3dYeydRgj85_g1Q/image;s=2048x1536;q=80,https://ireland.apollo.olxcdn.com/v1/files/eyJhbGciOiJIUzI1NiIsInR5cCI6IkpXVCJ9.eyJmbiI6InRmMXZ2aDMwYmdzZzEtQVBMIiwidyI6W3siZm4iOiJlbnZmcXFlMWF5NGsxLUFQTCIsInMiOiIxNiIsImEiOiIwIiwicCI6IjEwLC0xMCJ9XX0.94B9mb7MQPHHBfptMii1-8ZG1Jv6qDUtmpja1FqSmGE/image;s=2048x1536;q=80",,,,,
68392840,dom,✅ Konarzewo/ 4 pokoje +salon/ Iii  kw 2026✅,106.1,5,,749000,7059,,Dopiewo,Konarzewo,,52.34734,16.6889,,,,https://www.otodom.pl/pl/oferta/konarzewo-4-pokoje-salon-iii-kw-2026-ID4CY6k,"https://ireland.apollo.olxcdn.com/v1/files/eyJhbGciOiJIUzI1NiIsInR5cCI6IkpXVCJ9.eyJmbiI6InVwaW53eHNhMXA1MzEtRUNPU1lTVEVNIiwidyI6W3siZm4iOiJlbnZmcXFlMWF5NGsxLUFQTCIsInMiOiIxNiIsImEiOiIwIiwicCI6IjEwLC0xMCJ9XX0.N3E0I3SHfjoJgw4YVVhLvLKDcQp2-dlYQbXImx7x88k/image;s=2048x1536;q=80,https://ireland.apollo.olxcdn.com/v1/files/eyJhbGciOiJIUzI1NiIsInR5cCI6IkpXVCJ9.eyJmbiI6Imp3MDZjczFyNHJhdDItRUNPU1lTVEVNIiwidyI6W3siZm4iOiJlbnZmcXFlMWF5NGsxLUFQTCIsInMiOiIxNiIsImEiOiIwIiwicCI6IjEwLC0xMCJ9XX0.tM600AwUUOLq5-5GlLnA7TBRmkP1utPauQ7ow43UJSw/image;s=2048x1536;q=80,https://ireland.apollo.olxcdn.com/v1/files/eyJhbGciOiJIUzI1NiIsInR5cCI6IkpXVCJ9.eyJmbiI6Indoa3B0a2JienlqMzMtRUNPU1lTVEVNIiwidyI6W3siZm4iOiJlbnZmcXFlMWF5NGsxLUFQTCIsInMiOiIxNiIsImEiOiIwIiwicCI6IjEwLC0xMCJ9XX0.77LP3mf4csqtokBquOMKRfHCL1gQZ_5AbmhGZ8RgMCU/image;s=2048x1536;q=80",,,,,
68390996,dom,"✅Działka 405 m2, Spokojna Okolica✅",118.57,5,,749000,6317,,Robakowo,,,52.30364,17.07008,,,,https://www.otodom.pl/pl/oferta/white-check-markdzialka-405-m2-spokojna-okolicawhite-check-mark-ID4CXCA,"https://ireland.apollo.olxcdn.com/v1/files/eyJhbGciOiJIUzI1NiIsInR5cCI6IkpXVCJ9.eyJmbiI6ImNlZnU5aWhlajI5My1FQ09TWVNURU0iLCJ3IjpbeyJmbiI6ImVudmZxcWUxYXk0azEtQVBMIiwicyI6IjE2IiwiYSI6IjAiLCJwIjoiMTAsLTEwIn1dfQ.YubcBE7OxAB2pkzpYZEWs_9cDBY_h9WuxrmodkIM7WU/image;s=2048x1536;q=80,https://ireland.apollo.olxcdn.com/v1/files/eyJhbGciOiJIUzI1NiIsInR5cCI6IkpXVCJ9.eyJmbiI6IjR3Z28xODdnZWNuczEtRUNPU1lTVEVNIiwidyI6W3siZm4iOiJlbnZmcXFlMWF5NGsxLUFQTCIsInMiOiIxNiIsImEiOiIwIiwicCI6IjEwLC0xMCJ9XX0.bOK9keXxpsdWUwBLj1j0g0eSKINHsKIqVQrGca8AzIw/image;s=2048x1536;q=80,https://ireland.apollo.olxcdn.com/v1/files/eyJhbGciOiJIUzI1NiIsInR5cCI6IkpXVCJ9.eyJmbiI6InlrdTdiY3FjcWhuZDMtRUNPU1lTVEVNIiwidyI6W3siZm4iOiJlbnZmcXFlMWF5NGsxLUFQTCIsInMiOiIxNiIsImEiOiIwIiwicCI6IjEwLC0xMCJ9XX0.OlvllHSAGO0lWgk6VaGMCYXLiDwRAqoDbiVeofAUQ-4/image;s=2048x1536;q=80",,,,,
68258955,dom,Dom z ogrodem przy lesie | 4 min. do PKP | Standard premium!,88.47,4,,749000,8466,,Promno,Promno,,52.45083,17.24351,,,,https://www.otodom.pl/pl/oferta/dom-z-ogrodem-przy-lesie-4-min-do-pkp-standard-premium-ID4CpgT,"https://ireland.apollo.olxcdn.com/v1/files/eyJhbGciOiJIUzI1NiIsInR5cCI6IkpXVCJ9.eyJmbiI6InRldnMweTZqd3RmbTEtQVBMIiwidyI6W3siZm4iOiJlbnZmcXFlMWF5NGsxLUFQTCIsInMiOiIxNiIsImEiOiIwIiwicCI6IjEwLC0xMCJ9XX0.EscjDuDFxSLUkRRxjf8MybrVACDw-XHebZYhPqZBx9g/image;s=2048x1536;q=80,https://ireland.apollo.olxcdn.com/v1/files/eyJhbGciOiJIUzI1NiIsInR5cCI6IkpXVCJ9.eyJmbiI6Ijc3MmdqbDBkNjVkaC1BUEwiLCJ3IjpbeyJmbiI6ImVudmZxcWUxYXk0azEtQVBMIiwicyI6IjE2IiwiYSI6IjAiLCJwIjoiMTAsLTEwIn1dfQ.9WQIKmaipY6VT7a2kC0K50GGy4FJYVqIHjbrO0FB64I/image;s=2048x1536;q=80,https://ireland.apollo.olxcdn.com/v1/files/eyJhbGciOiJIUzI1NiIsInR5cCI6IkpXVCJ9.eyJmbiI6IjloNmxscHFxZnk2ZTItQVBMIiwidyI6W3siZm4iOiJlbnZmcXFlMWF5NGsxLUFQTCIsInMiOiIxNiIsImEiOiIwIiwicCI6IjEwLC0xMCJ9XX0.dEgE7R2ZHoz43yEud_b_HSphdfj9oE6GBBoMY9BLQEs/image;s=2048x1536;q=80",,,,,
68467539,mieszkanie,NOWE MIESZKANIE NA PIĄTKOWIE | 2 POKOJE| PROMOCJA – MATECKIEGO 4ALL,72.06,2,1,749990,10408,Teofila Mateckiego 4D,Piątkowo,Poznań,,52.463035,16.898115,,,,https://www.otodom.pl/pl/oferta/nowe-mieszkanie-na-piatkowie-2-pokoje-promocja-mateckiego-4all-ID4Dhx9,"https://ireland.apollo.olxcdn.com/v1/files/eyJhbGciOiJIUzI1NiIsInR5cCI6IkpXVCJ9.eyJmbiI6ImJrMmt5NnljdDI5bTItQVBMIiwidyI6W3siZm4iOiJlbnZmcXFlMWF5NGsxLUFQTCIsInMiOiIxNiIsImEiOiIwIiwicCI6IjEwLC0xMCJ9XX0.f5OdVv7L0z-k7gRy_eBChYT-WfBec8M5GxsBj8nBfZE/image;s=2048x1536;q=80,https://ireland.apollo.olxcdn.com/v1/files/eyJhbGciOiJIUzI1NiIsInR5cCI6IkpXVCJ9.eyJmbiI6IjZpaTg5c3c5a3ZjazItQVBMIiwidyI6W3siZm4iOiJlbnZmcXFlMWF5NGsxLUFQTCIsInMiOiIxNiIsImEiOiIwIiwicCI6IjEwLC0xMCJ9XX0.Oq3R3SAJ-U64y2AqEsYnpJdWLgSuw_SyBb8XnyLGUjg/image;s=2048x1536;q=80,https://ireland.apollo.olxcdn.com/v1/files/eyJhbGciOiJIUzI1NiIsInR5cCI6IkpXVCJ9.eyJmbiI6InB2dGxlOXhmb2MwbDMtQVBMIiwidyI6W3siZm4iOiJlbnZmcXFlMWF5NGsxLUFQTCIsInMiOiIxNiIsImEiOiIwIiwicCI6IjEwLC0xMCJ9XX0.eE2ZcXHGbybST8omD5tUPj8A-hIh7OyNXE9SQ9E9tZk/image;s=2048x1536;q=80",,,,,
67801699,dom,"Bliźniak 98,5 m2 - podwójna ściana- taras od południa -własność gruntu",98.5,4,,750000,7614,,Rokietnica,Rokietnica,,52.510322,16.742124,,,,https://www.otodom.pl/pl/oferta/blizniak-98-5-m2-podwojna-sciana-taras-od-poludnia-wlasnosc-gruntu-ID4AujN,"https://ireland.apollo.olxcdn.com/v1/files/eyJhbGciOiJIUzI1NiIsInR5cCI6IkpXVCJ9.eyJmbiI6InI4NTB3aHV5YXBoZS1BUEwiLCJ3IjpbeyJmbiI6ImVudmZxcWUxYXk0azEtQVBMIiwicyI6IjE2IiwiYSI6IjAiLCJwIjoiMTAsLTEwIn1dfQ.oUFAKmH0eTjpHyq_ER4EkV5q6mt9S0sMSf8xnHHRGsM/image;s=2048x1536;q=80,https://ireland.apollo.olxcdn.com/v1/files/eyJhbGciOiJIUzI1NiIsInR5cCI6IkpXVCJ9.eyJmbiI6Inh3dmE0djI2eGUzYjMtQVBMIiwidyI6W3siZm4iOiJlbnZmcXFlMWF5NGsxLUFQTCIsInMiOiIxNiIsImEiOiIwIiwicCI6IjEwLC0xMCJ9XX0.e2o0lNEte4FJXDdNtVrbRSgcOOGAOvR3BzpzWdXPY94/image;s=2048x1536;q=80,https://ireland.apollo.olxcdn.com/v1/files/eyJhbGciOiJIUzI1NiIsInR5cCI6IkpXVCJ9.eyJmbiI6ImVteWFmZ29od2kybTEtQVBMIiwidyI6W3siZm4iOiJlbnZmcXFlMWF5NGsxLUFQTCIsInMiOiIxNiIsImEiOiIwIiwicCI6IjEwLC0xMCJ9XX0.3t5gnmwGiaUPKrngIt0LAwWRNqUyBw7MziuODLvCrV8/image;s=2048x1536;q=80",,,,,
68228399,dom,DOM Z OGRÓDKIEM,96,4,,750000,7812,ul. Szafirowa,Miękowo,Miękowo,,52.48798,16.98359,,,,https://www.otodom.pl/pl/oferta/dom-z-ogrodkiem-ID4Chk3,"https://ireland.apollo.olxcdn.com/v1/files/eyJhbGciOiJIUzI1NiIsInR5cCI6IkpXVCJ9.eyJmbiI6ImhscHg4eWIzZ296ZS1BUEwiLCJ3IjpbeyJmbiI6ImVudmZxcWUxYXk0azEtQVBMIiwicyI6IjE2IiwiYSI6IjAiLCJwIjoiMTAsLTEwIn1dfQ.m2-1-Yix8KeGwh_Ayc6kXlXcbsCw6GWHOxFob5sf9AY/image;s=2048x1536;q=80,https://ireland.apollo.olxcdn.com/v1/files/eyJhbGciOiJIUzI1NiIsInR5cCI6IkpXVCJ9.eyJmbiI6ImJybmt4c3Y4M29sNTMtQVBMIiwidyI6W3siZm4iOiJlbnZmcXFlMWF5NGsxLUFQTCIsInMiOiIxNiIsImEiOiIwIiwicCI6IjEwLC0xMCJ9XX0.RdzP0eA8fqh430NFC5wqze9l9V8GTzoi8vE30McXzCc/image;s=2048x1536;q=80,https://ireland.apollo.olxcdn.com/v1/files/eyJhbGciOiJIUzI1NiIsInR5cCI6IkpXVCJ9.eyJmbiI6ImF6eDhid3NsMnd2bjMtQVBMIiwidyI6W3siZm4iOiJlbnZmcXFlMWF5NGsxLUFQTCIsInMiOiIxNiIsImEiOiIwIiwicCI6IjEwLC0xMCJ9XX0.nEGN265eakHZ4snmYL_uzCKN7upa0WSGuObSopAmpkM/image;s=2048x1536;q=80",,,,,
66528832,dom,"Dom Daszewice 123m2,5 pokoi,duży ogród 345m2,garaż",123,5,,750000,6098,Rogalińska 11,Daszewice,Daszewice,,52.28883,16.9625,,,,https://www.otodom.pl/pl/oferta/dom-daszewice-123m2-5-pokoi-duzy-ogrod-345m2-garaz-ID4w9bG,"https://ireland.apollo.olxcdn.com/v1/files/eyJhbGciOiJIUzI1NiIsInR5cCI6IkpXVCJ9.eyJmbiI6ImFuMWhrMzR1Z3U5MTMtQVBMIiwidyI6W3siZm4iOiJlbnZmcXFlMWF5NGsxLUFQTCIsInMiOiIxNiIsImEiOiIwIiwicCI6IjEwLC0xMCJ9XX0.aDeiyJAZdqx9WPABAgEDzBS5z8h5S-A9ZbMSov0XQis/image;s=2048x1536;q=80,https://ireland.apollo.olxcdn.com/v1/files/eyJhbGciOiJIUzI1NiIsInR5cCI6IkpXVCJ9.eyJmbiI6ImVkMzE5ZzgzNjg5di1BUEwiLCJ3IjpbeyJmbiI6ImVudmZxcWUxYXk0azEtQVBMIiwicyI6IjE2IiwiYSI6IjAiLCJwIjoiMTAsLTEwIn1dfQ.yZwJnRyj2AfhP-5QOiCTVC94WMPN7h3iegtCeHm_nFo/image;s=2048x1536;q=80,https://ireland.apollo.olxcdn.com/v1/files/eyJhbGciOiJIUzI1NiIsInR5cCI6IkpXVCJ9.eyJmbiI6IjE2ejRqeGpwNXlsZC1BUEwiLCJ3IjpbeyJmbiI6ImVudmZxcWUxYXk0azEtQVBMIiwicyI6IjE2IiwiYSI6IjAiLCJwIjoiMTAsLTEwIn1dfQ.Yzc1uorMlMC4cJZl7hWnQsgjgeliGeO2ia6vqHc5LWA/image;s=2048x1536;q=80",,,,,
68015635,dom,"Własność gruntu - bliźniak 98,5 m2 - podwójna ściana-taras od południa",98.5,4,,750000,7614,,Rokietnica,Rokietnica,,52.510322,16.742124,,,,https://www.otodom.pl/pl/oferta/wlasnosc-gruntu-blizniak-98-5-m2-podwojna-sciana-taras-od-poludnia-ID4BnYn,"https://ireland.apollo.olxcdn.com/v1/files/eyJhbGciOiJIUzI1NiIsInR5cCI6IkpXVCJ9.eyJmbiI6InA3aHhraGxscXhrdS1BUEwiLCJ3IjpbeyJmbiI6ImVudmZxcWUxYXk0azEtQVBMIiwicyI6IjE2IiwiYSI6IjAiLCJwIjoiMTAsLTEwIn1dfQ._XVz_NG-lfKzGGHvkpnIBJ4y_tAJg_yDCkietntVdVU/image;s=2048x1536;q=80,https://ireland.apollo.olxcdn.com/v1/files/eyJhbGciOiJIUzI1NiIsInR5cCI6IkpXVCJ9.eyJmbiI6InkwdTgyc3d1Z3NkaTEtQVBMIiwidyI6W3siZm4iOiJlbnZmcXFlMWF5NGsxLUFQTCIsInMiOiIxNiIsImEiOiIwIiwicCI6IjEwLC0xMCJ9XX0.MGTv8NSBZbfXo74aplcgyI9kSZ2c2OKplpUC533D57U/image;s=2048x1536;q=80,https://ireland.apollo.olxcdn.com/v1/files/eyJhbGciOiJIUzI1NiIsInR5cCI6IkpXVCJ9.eyJmbiI6InZpZ2RwM2x6MXRtZTMtQVBMIiwidyI6W3siZm4iOiJlbnZmcXFlMWF5NGsxLUFQTCIsInMiOiIxNiIsImEiOiIwIiwicCI6IjEwLC0xMCJ9XX0.UBgehEadP7hOI01XXERYHUN0r1Y2OWlKdJwlGIpE6ew/image;s=2048x1536;q=80",,,,,
67232398,dom,Osiedle przy ul Koszycy/4 pok/garderoba/duża działka/ogrz podł/parking,106.3,4,,750000,7056,ul. Koszycy,Rokietnica,Rokietnica,,52.510322,16.742124,,,,https://www.otodom.pl/pl/oferta/osiedle-przy-ul-koszycy-4-pok-garderoba-duza-dzialka-ogrz-podl-parking-ID4y6dv,"https://ireland.apollo.olxcdn.com/v1/files/eyJhbGciOiJIUzI1NiIsInR5cCI6IkpXVCJ9.eyJmbiI6IjVlMDZ4aDM1aTQzbi1BUEwiLCJ3IjpbeyJmbiI6ImVudmZxcWUxYXk0azEtQVBMIiwicyI6IjE2IiwiYSI6IjAiLCJwIjoiMTAsLTEwIn1dfQ.g3pH2nMAWxDZhi_SS05mwmam5y-8mVGF03x8zSgNGug/image;s=2048x1536;q=80,https://ireland.apollo.olxcdn.com/v1/files/eyJhbGciOiJIUzI1NiIsInR5cCI6IkpXVCJ9.eyJmbiI6ImFhYThtYTVwcGJ3ZTMtQVBMIiwidyI6W3siZm4iOiJlbnZmcXFlMWF5NGsxLUFQTCIsInMiOiIxNiIsImEiOiIwIiwicCI6IjEwLC0xMCJ9XX0.KeFYSUpLd0nL49Ylu5YM7TzCQW9GUapykwoHmlKrjYg/image;s=2048x1536;q=80,https://ireland.apollo.olxcdn.com/v1/files/eyJhbGciOiJIUzI1NiIsInR5cCI6IkpXVCJ9.eyJmbiI6InhpOTU0aGc5c2xkbzMtQVBMIiwidyI6W3siZm4iOiJlbnZmcXFlMWF5NGsxLUFQTCIsInMiOiIxNiIsImEiOiIwIiwicCI6IjEwLC0xMCJ9XX0.QIpkdThNQKMlRqSqOBEjIJKalrCeC-RfeGz7qSl7j50/image;s=2048x1536;q=80",,,,,
68448466,dom,Dom Promnice,111,5,,754000,6793,ul. Wierzbowa,Promnice,Promnice,,52.55308,16.96321,,,,https://www.otodom.pl/pl/oferta/dom-promnice-ID4Dczv,"https://ireland.apollo.olxcdn.com/v1/files/eyJhbGciOiJIUzI1NiIsInR5cCI6IkpXVCJ9.eyJmbiI6ImllZnZsMjZ4cmt2ZTMtQVBMIiwidyI6W3siZm4iOiJlbnZmcXFlMWF5NGsxLUFQTCIsInMiOiIxNiIsImEiOiIwIiwicCI6IjEwLC0xMCJ9XX0.FQUwISQGJZelwjQky2Ixl-xRTSzNt1SkJTSBp5LdFvc/image;s=2048x1536;q=80,https://ireland.apollo.olxcdn.com/v1/files/eyJhbGciOiJIUzI1NiIsInR5cCI6IkpXVCJ9.eyJmbiI6InM4cHl6d3lyZXllYS1BUEwiLCJ3IjpbeyJmbiI6ImVudmZxcWUxYXk0azEtQVBMIiwicyI6IjE2IiwiYSI6IjAiLCJwIjoiMTAsLTEwIn1dfQ.oLo8hxFyH8EYhP4btKLlCCbaay-lcb92BVwKb13_kBc/image;s=2048x1536;q=80,https://ireland.apollo.olxcdn.com/v1/files/eyJhbGciOiJIUzI1NiIsInR5cCI6IkpXVCJ9.eyJmbiI6InI5M2N2ZWJrcHFpMDItQVBMIiwidyI6W3siZm4iOiJlbnZmcXFlMWF5NGsxLUFQTCIsInMiOiIxNiIsImEiOiIwIiwicCI6IjEwLC0xMCJ9XX0.jtopgQb4-RAF1KCzFIKlUEa5C_QqAt9RbUCcrVTwg9w/image;s=2048x1536;q=80",,,,,
68412741,dom,"DOM BUK-NIEPRUSZEWO,WYSOKI STANDARD !",119.5,5,,755000,6318,Dębowa,Niepruszewo,,,52.38434,16.60079,,,,https://www.otodom.pl/pl/oferta/dom-buk-niepruszewo-wysoki-standard-ID4D3hj,"https://ireland.apollo.olxcdn.com/v1/files/eyJhbGciOiJIUzI1NiIsInR5cCI6IkpXVCJ9.eyJmbiI6InNkNTJnM2l3ajFmMjEtQVBMIiwidyI6W3siZm4iOiJlbnZmcXFlMWF5NGsxLUFQTCIsInMiOiIxNiIsImEiOiIwIiwicCI6IjEwLC0xMCJ9XX0.v2ShHKKjwfpXC1qTL_s74snvt0DN_dmVceb8SvHGR8M/image;s=2048x1536;q=80,https://ireland.apollo.olxcdn.com/v1/files/eyJhbGciOiJIUzI1NiIsInR5cCI6IkpXVCJ9.eyJmbiI6IjJqMzdiZTl0ZHZuajMtQVBMIiwidyI6W3siZm4iOiJlbnZmcXFlMWF5NGsxLUFQTCIsInMiOiIxNiIsImEiOiIwIiwicCI6IjEwLC0xMCJ9XX0.09MQVjkBcC1n8wxR04GtOdDAJID6qyYON03SXsIMb38/image;s=2048x1536;q=80,https://ireland.apollo.olxcdn.com/v1/files/eyJhbGciOiJIUzI1NiIsInR5cCI6IkpXVCJ9.eyJmbiI6ImIxanpmczYxa2FjejEtQVBMIiwidyI6W3siZm4iOiJlbnZmcXFlMWF5NGsxLUFQTCIsInMiOiIxNiIsImEiOiIwIiwicCI6IjEwLC0xMCJ9XX0.0u20XZSFdYS23G3JYZwFfI0F4VMtXUt_elAeB9dup98/image;s=2048x1536;q=80",,,,,
68353456,dom,"Atrakcyjny bliźniak-Rogierówko,Kiekrz,Starzyny-BEZPOŚREDNIO-OD ZARAZ !",93.53,4,,755000,8072,Kościuszki 78,Rogierówko,Rogierówko,,52.47973,16.75052,,,,https://www.otodom.pl/pl/oferta/atrakcyjny-blizniak-rogierowko-kiekrz-starzyny-bezposrednio-od-zaraz-ID4CNR6,"https://ireland.apollo.olxcdn.com/v1/files/eyJhbGciOiJIUzI1NiIsInR5cCI6IkpXVCJ9.eyJmbiI6Imp5azhrNHkyYnRxbi1BUEwiLCJ3IjpbeyJmbiI6ImVudmZxcWUxYXk0azEtQVBMIiwicyI6IjE2IiwiYSI6IjAiLCJwIjoiMTAsLTEwIn1dfQ.-REY8MbfqmxsQowm2EjbKELMGpb_SavsC-HAkigd2-Q/image;s=2048x1536;q=80,https://ireland.apollo.olxcdn.com/v1/files/eyJhbGciOiJIUzI1NiIsInR5cCI6IkpXVCJ9.eyJmbiI6InZ0MGVodnM5ZWJvcDItQVBMIiwidyI6W3siZm4iOiJlbnZmcXFlMWF5NGsxLUFQTCIsInMiOiIxNiIsImEiOiIwIiwicCI6IjEwLC0xMCJ9XX0.71rwiPXGML_Tbl0E8MGjWVFVxoRJhFPGA7XQr1IIjBY/image;s=2048x1536;q=80,https://ireland.apollo.olxcdn.com/v1/files/eyJhbGciOiJIUzI1NiIsInR5cCI6IkpXVCJ9.eyJmbiI6InNiOXhoOHVmYmtnczMtQVBMIiwidyI6W3siZm4iOiJlbnZmcXFlMWF5NGsxLUFQTCIsInMiOiIxNiIsImEiOiIwIiwicCI6IjEwLC0xMCJ9XX0.qL35ryFlWIvJ_khV3ZQqBAfqD0XZ8sNANCWxwqhrYCE/image;s=2048x1536;q=80",,,,,
66332487,mieszkanie,4-pokojowe mieszkanie 74m2 + taras Bezpośrednio,74.28,4,4,755670,10173,Bielicowa,Naramowice,Poznań,Naramowice Odnova,52.44846,16.96199,,,,https://www.otodom.pl/pl/oferta/4-pokojowe-mieszkanie-74m2-taras-bezposrednio-ID4uk6P,"https://ireland.apollo.olxcdn.com/v1/files/eyJhbGciOiJIUzI1NiIsInR5cCI6IkpXVCJ9.eyJmbiI6Im95dG83OG1najNuay1FQ09TWVNURU0iLCJ3IjpbeyJmbiI6ImVudmZxcWUxYXk0azEtQVBMIiwicyI6IjE2IiwiYSI6IjAiLCJwIjoiMTAsLTEwIn1dfQ.dynn_d61SdlFT_Yp3QVRLlY94zIJvF6kE_DEUYRYTVI/image;s=2048x1536;q=80,https://ireland.apollo.olxcdn.com/v1/files/eyJhbGciOiJIUzI1NiIsInR5cCI6IkpXVCJ9.eyJmbiI6IjlraWl1dXoyb2h3ODEtRUNPU1lTVEVNIiwidyI6W3siZm4iOiJlbnZmcXFlMWF5NGsxLUFQTCIsInMiOiIxNiIsImEiOiIwIiwicCI6IjEwLC0xMCJ9XX0.BwCPQ2brTmf_pRLviAWeoyDe6XrnAm4cjQ1jRMfJtmc/image;s=2048x1536;q=80,https://ireland.apollo.olxcdn.com/v1/files/eyJhbGciOiJIUzI1NiIsInR5cCI6IkpXVCJ9.eyJmbiI6IjI3MGkwd24yOWRpZzItRUNPU1lTVEVNIiwidyI6W3siZm4iOiJlbnZmcXFlMWF5NGsxLUFQTCIsInMiOiIxNiIsImEiOiIwIiwicCI6IjEwLC0xMCJ9XX0.UJjbTBUx3g2JXhzMbcSNDGXXVlbQw3RNI5guAldk7mk/image;s=2048x1536;q=80",,,,,
66328917,mieszkanie,4-pokojowe mieszkanie 80m2 + 2 balkony,80.5,4,4,756744,9401,Antoniego Tabaki,Swarzędz,Swarzędz,Atal Idea Swarzędz,52.405083,17.061718,,,,https://www.otodom.pl/pl/oferta/4-pokojowe-mieszkanie-80m2-2-balkony-ID4ujbf,"https://ireland.apollo.olxcdn.com/v1/files/eyJhbGciOiJIUzI1NiIsInR5cCI6IkpXVCJ9.eyJmbiI6ImFzdmYzeXA5NmNjaS1FQ09TWVNURU0iLCJ3IjpbeyJmbiI6ImVudmZxcWUxYXk0azEtQVBMIiwicyI6IjE2IiwiYSI6IjAiLCJwIjoiMTAsLTEwIn1dfQ.Zg62EcBpqp_TUXrEP0i8Yv3P3hSHmoYIWSPcOvtpNFU/image;s=2048x1536;q=80,https://ireland.apollo.olxcdn.com/v1/files/eyJhbGciOiJIUzI1NiIsInR5cCI6IkpXVCJ9.eyJmbiI6ImdkeGFyMGI3Y296eTEtRUNPU1lTVEVNIiwidyI6W3siZm4iOiJlbnZmcXFlMWF5NGsxLUFQTCIsInMiOiIxNiIsImEiOiIwIiwicCI6IjEwLC0xMCJ9XX0.X5yLzMXK0aB5TIzrmsu3aqJBxLiVMabO9OMkd8UGEmA/image;s=2048x1536;q=80,https://ireland.apollo.olxcdn.com/v1/files/eyJhbGciOiJIUzI1NiIsInR5cCI6IkpXVCJ9.eyJmbiI6IjJ1NHlkN2o1YnJ3cTItRUNPU1lTVEVNIiwidyI6W3siZm4iOiJlbnZmcXFlMWF5NGsxLUFQTCIsInMiOiIxNiIsImEiOiIwIiwicCI6IjEwLC0xMCJ9XX0.MD1W5_VTFAC1o3Up-mtgFCutJtbvmtdZdxgg7F5p0Rw/image;s=2048x1536;q=80",,,,,
65204724,mieszkanie,Grunwald Park | mieszkanie 3-pok. | 8F_21,72.18,3,2,757890,10500,ul. Wieruszowska,Junikowo,Poznań,Grunwald Park,52.38208,16.84141,,,,https://www.otodom.pl/pl/oferta/grunwald-park-mieszkanie-3-pok-8f-21-ID4pAJ6,"https://ireland.apollo.olxcdn.com/v1/files/eyJhbGciOiJIUzI1NiIsInR5cCI6IkpXVCJ9.eyJmbiI6InZubW9iMDBxdGN4ZTMtRUNPU1lTVEVNIiwidyI6W3siZm4iOiJlbnZmcXFlMWF5NGsxLUFQTCIsInMiOiIxNiIsImEiOiIwIiwicCI6IjEwLC0xMCJ9XX0.z5HkWTqZKg7ztuEaaG1QJwaIz6N3eu2Sn4aRtlPaCXM/image;s=2048x1536;q=80,https://ireland.apollo.olxcdn.com/v1/files/eyJhbGciOiJIUzI1NiIsInR5cCI6IkpXVCJ9.eyJmbiI6Ijloa2NvOTdyNXBtZy1BUEwiLCJ3IjpbeyJmbiI6ImVudmZxcWUxYXk0azEtQVBMIiwicyI6IjE2IiwiYSI6IjAiLCJwIjoiMTAsLTEwIn1dfQ.DPWVdL8x9Xpnes_5tAI1sdd__nGnjdmQS4CrVkmZE8k/image;s=2048x1536;q=80,https://ireland.apollo.olxcdn.com/v1/files/eyJhbGciOiJIUzI1NiIsInR5cCI6IkpXVCJ9.eyJmbiI6ImM3endqcGpocnpqeTItQVBMIiwidyI6W3siZm4iOiJlbnZmcXFlMWF5NGsxLUFQTCIsInMiOiIxNiIsImEiOiIwIiwicCI6IjEwLC0xMCJ9XX0.lYz1x7hIQiXSfo5nwAgH4jt-u_043_ue6kWCtVN-Mjs/image;s=2048x1536;q=80",,,,,
68462395,dom,Domy ok. 112 m2 | 4 - 5 pokoi | ogródek| Szczepankowo | Poznań,111.82,5,,759000,6788,przyjazna,Spławie,Poznań,,52.34597,17.02178,,,,https://www.otodom.pl/pl/oferta/domy-ok-112-m2-4-5-pokoi-ogrodek-szczepankowo-poznan-ID4Dgcb,"https://ireland.apollo.olxcdn.com/v1/files/eyJhbGciOiJIUzI1NiIsInR5cCI6IkpXVCJ9.eyJmbiI6InRmOTVqdDg0amZpZjMtQVBMIiwidyI6W3siZm4iOiJlbnZmcXFlMWF5NGsxLUFQTCIsInMiOiIxNiIsImEiOiIwIiwicCI6IjEwLC0xMCJ9XX0.PSz8V8OM3XN2oDdijIa_fpN46o1s1f4ZvlydjHPVpqU/image;s=2048x1536;q=80,https://ireland.apollo.olxcdn.com/v1/files/eyJhbGciOiJIUzI1NiIsInR5cCI6IkpXVCJ9.eyJmbiI6Ind1NHdrY2RlNHdvaDMtQVBMIiwidyI6W3siZm4iOiJlbnZmcXFlMWF5NGsxLUFQTCIsInMiOiIxNiIsImEiOiIwIiwicCI6IjEwLC0xMCJ9XX0.stWC4reEOKws9tcWrbiueNBdTx2ns8DwZPFaX6HSM00/image;s=2048x1536;q=80,https://ireland.apollo.olxcdn.com/v1/files/eyJhbGciOiJIUzI1NiIsInR5cCI6IkpXVCJ9.eyJmbiI6IncyZ2ljemR1YTM2ei1BUEwiLCJ3IjpbeyJmbiI6ImVudmZxcWUxYXk0azEtQVBMIiwicyI6IjE2IiwiYSI6IjAiLCJwIjoiMTAsLTEwIn1dfQ.XlUwYPT_Xt7ZBzh0_x9CJaS615yiqZ_zDjHB7HdO-_4/image;s=2048x1536;q=80",,,,,
68481578,dom,"Nowoczesny dom, Lokal H3 – 111,8m2 Szczepankowo",111.82,4,,759000,6788,Przyjazna,Szczepankowo,Poznań,,52.372033,16.990713,,,,https://www.otodom.pl/pl/oferta/nowoczesny-dom-lokal-h3-111-8m2-szczepankowo-ID4DlbA,"https://ireland.apollo.olxcdn.com/v1/files/eyJhbGciOiJIUzI1NiIsInR5cCI6IkpXVCJ9.eyJmbiI6Im1kbmI0NmxyYTYxdS1FQ09TWVNURU0iLCJ3IjpbeyJmbiI6ImVudmZxcWUxYXk0azEtQVBMIiwicyI6IjE2IiwiYSI6IjAiLCJwIjoiMTAsLTEwIn1dfQ.6pp4zzv03mDrGADvNx7sklBZBRWS9_hORGV8YKDI7q8/image;s=2048x1536;q=80,https://ireland.apollo.olxcdn.com/v1/files/eyJhbGciOiJIUzI1NiIsInR5cCI6IkpXVCJ9.eyJmbiI6InFlOGh6NWVhMnZrNzEtRUNPU1lTVEVNIiwidyI6W3siZm4iOiJlbnZmcXFlMWF5NGsxLUFQTCIsInMiOiIxNiIsImEiOiIwIiwicCI6IjEwLC0xMCJ9XX0.0EbQ9wbx_H93T7I4jJw_NEe5QprU5mGGuHkCZaRIc8g/image;s=2048x1536;q=80,https://ireland.apollo.olxcdn.com/v1/files/eyJhbGciOiJIUzI1NiIsInR5cCI6IkpXVCJ9.eyJmbiI6ImZvcXkyaXNuZXU0My1FQ09TWVNURU0iLCJ3IjpbeyJmbiI6ImVudmZxcWUxYXk0azEtQVBMIiwicyI6IjE2IiwiYSI6IjAiLCJwIjoiMTAsLTEwIn1dfQ.Hn61RL7XCpv2cKc3pMeqyngCEf_om-dBhdOuoF05P2g/image;s=2048x1536;q=80",,,,,
68425612,dom,Nowoczesny dom  Szczepankowo Poznań,111.82,4,,759000,6788,Przyjazna,Spławie,Poznań,,52.34532,17.02144,,,,https://www.otodom.pl/pl/oferta/nowoczesny-dom-szczepankowo-poznan-ID4D6CU,"https://ireland.apollo.olxcdn.com/v1/files/eyJhbGciOiJIUzI1NiIsInR5cCI6IkpXVCJ9.eyJmbiI6ImM1OGk1YXB0cWlscTMtRUNPU1lTVEVNIiwidyI6W3siZm4iOiJlbnZmcXFlMWF5NGsxLUFQTCIsInMiOiIxNiIsImEiOiIwIiwicCI6IjEwLC0xMCJ9XX0.BWGTevZH4vFFBP-u3ZRQVKwRct8YZRDLzDO_DGqlmUM/image;s=2048x1536;q=80,https://ireland.apollo.olxcdn.com/v1/files/eyJhbGciOiJIUzI1NiIsInR5cCI6IkpXVCJ9.eyJmbiI6ImdyYWRnNmxkb2p5bjMtRUNPU1lTVEVNIiwidyI6W3siZm4iOiJlbnZmcXFlMWF5NGsxLUFQTCIsInMiOiIxNiIsImEiOiIwIiwicCI6IjEwLC0xMCJ9XX0.EG3EonoabCuFGnxsIkQO1QvX4FM_HeGYrunxhw3no6A/image;s=2048x1536;q=80,https://ireland.apollo.olxcdn.com/v1/files/eyJhbGciOiJIUzI1NiIsInR5cCI6IkpXVCJ9.eyJmbiI6ImpzbzhoNGpreXdpei1FQ09TWVNURU0iLCJ3IjpbeyJmbiI6ImVudmZxcWUxYXk0azEtQVBMIiwicyI6IjE2IiwiYSI6IjAiLCJwIjoiMTAsLTEwIn1dfQ.eaP-8u2pOQ1Gu0ftPfxJvkv3R0SXb2k1HOAnfPYLqsU/image;s=2048x1536;q=80",,,,,
68305959,dom,"Nowe, wygodne domy  Szczepankowo",111.82,4,,759000,6788,Przyjazna,Żegrze,Poznań,,52.373811,16.975021,,,,https://www.otodom.pl/pl/oferta/nowe-wygodne-domy-szczepankowo-ID4CBw1,"https://ireland.apollo.olxcdn.com/v1/files/eyJhbGciOiJIUzI1NiIsInR5cCI6IkpXVCJ9.eyJmbiI6IndnbjNkMmYxMTRnNS1FQ09TWVNURU0iLCJ3IjpbeyJmbiI6ImVudmZxcWUxYXk0azEtQVBMIiwicyI6IjE2IiwiYSI6IjAiLCJwIjoiMTAsLTEwIn1dfQ.M7v0MQmN7mI_o_MpEtA9PtW0S2t9E7Z8kkV6-EHM-DU/image;s=2048x1536;q=80,https://ireland.apollo.olxcdn.com/v1/files/eyJhbGciOiJIUzI1NiIsInR5cCI6IkpXVCJ9.eyJmbiI6ImVwYzlmYTJ2ajRpcTItRUNPU1lTVEVNIiwidyI6W3siZm4iOiJlbnZmcXFlMWF5NGsxLUFQTCIsInMiOiIxNiIsImEiOiIwIiwicCI6IjEwLC0xMCJ9XX0.r17DAbmKAJj17oTtfITXrX49jLgdcUtZ-5aIMc5TN9Y/image;s=2048x1536;q=80,https://ireland.apollo.olxcdn.com/v1/files/eyJhbGciOiJIUzI1NiIsInR5cCI6IkpXVCJ9.eyJmbiI6Inc0YjFhazN3ZmtrMy1FQ09TWVNURU0iLCJ3IjpbeyJmbiI6ImVudmZxcWUxYXk0azEtQVBMIiwicyI6IjE2IiwiYSI6IjAiLCJwIjoiMTAsLTEwIn1dfQ.xH24unmhhSigykLAwAUNK-Gk7sx1wS2LtFfq4jOJIDM/image;s=2048x1536;q=80",,,,,
68488545,dom,"Świetny dom: salon+ 4 sypialnie, 2 łazienki, taras, ogród, parking 3x",112,5,,759000,6777,Rolna,Wielka Wieś,Buk,,52.36346,16.50911,,,,https://www.otodom.pl/pl/oferta/swietny-dom-salon-4-sypialnie-2-lazienki-taras-ogrod-parking-3x-ID4DmZX,"https://ireland.apollo.olxcdn.com/v1/files/eyJhbGciOiJIUzI1NiIsInR5cCI6IkpXVCJ9.eyJmbiI6ImpwdG1lN2NqaXllYTItQVBMIiwidyI6W3siZm4iOiJlbnZmcXFlMWF5NGsxLUFQTCIsInMiOiIxNiIsImEiOiIwIiwicCI6IjEwLC0xMCJ9XX0.Sh3DiuYJ8IWLnJrtcBN4BZ6OV0mJGmqV4Vglbl4VxcE/image;s=2048x1536;q=80,https://ireland.apollo.olxcdn.com/v1/files/eyJhbGciOiJIUzI1NiIsInR5cCI6IkpXVCJ9.eyJmbiI6IjNzZ2htMWhzMHE4Zy1BUEwiLCJ3IjpbeyJmbiI6ImVudmZxcWUxYXk0azEtQVBMIiwicyI6IjE2IiwiYSI6IjAiLCJwIjoiMTAsLTEwIn1dfQ._yt-1Csu5tnZsPJ2ykxGZ4yqX-JDPtc-aCdZ6Zbujvk/image;s=2048x1536;q=80,https://ireland.apollo.olxcdn.com/v1/files/eyJhbGciOiJIUzI1NiIsInR5cCI6IkpXVCJ9.eyJmbiI6Imk1YTJmZXZxbWl4eDEtQVBMIiwidyI6W3siZm4iOiJlbnZmcXFlMWF5NGsxLUFQTCIsInMiOiIxNiIsImEiOiIwIiwicCI6IjEwLC0xMCJ9XX0.9sCoWVoMFypvxaHeeRXkgePb6Rg5Errk1f9_3Jk20Ow/image;s=2048x1536;q=80",,,,,
65667592,dom,"Bezpośrednio Dom na Sprzedaż Sasinowo, Rogalinek",104.92,5,,759000,7234,Poznańska 1B,Sasinowo,,,52.25816,16.9038,,,,https://www.otodom.pl/pl/oferta/bezposrednio-dom-na-sprzedaz-sasinowo-rogalinek-ID4rx8I,"https://ireland.apollo.olxcdn.com/v1/files/eyJhbGciOiJIUzI1NiIsInR5cCI6IkpXVCJ9.eyJmbiI6IjM5dGp3MDh6NWNjeTEtQVBMIiwidyI6W3siZm4iOiJlbnZmcXFlMWF5NGsxLUFQTCIsInMiOiIxNiIsImEiOiIwIiwicCI6IjEwLC0xMCJ9XX0.nTDIYVz05SdW8IOB1GCf_TQvMFIGu1MBCfxcPGxnX-I/image;s=2048x1536;q=80,https://ireland.apollo.olxcdn.com/v1/files/eyJhbGciOiJIUzI1NiIsInR5cCI6IkpXVCJ9.eyJmbiI6IjR3bGNvN3RwZGJrejEtQVBMIiwidyI6W3siZm4iOiJlbnZmcXFlMWF5NGsxLUFQTCIsInMiOiIxNiIsImEiOiIwIiwicCI6IjEwLC0xMCJ9XX0.gd-RxZ5JUrx2oED6uvLHL2wcV8095EUUpFYaLX9MhRM/image;s=2048x1536;q=80,https://ireland.apollo.olxcdn.com/v1/files/eyJhbGciOiJIUzI1NiIsInR5cCI6IkpXVCJ9.eyJmbiI6ImVhcXFkdm5ndzRwbzMtQVBMIiwidyI6W3siZm4iOiJlbnZmcXFlMWF5NGsxLUFQTCIsInMiOiIxNiIsImEiOiIwIiwicCI6IjEwLC0xMCJ9XX0.OnU13UeH6P1FSBw9Icr0GiBLKYkWFW5zBeYIMROPdiU/image;s=2048x1536;q=80",,,,,
68473911,dom,"Dom przy lesie  94 m² , ogródek ,5 pokoi, jezioro, Kórnik",93,5,,759000,8161,,Mościenica,,,52.2533,17.05329,,,,https://www.otodom.pl/pl/oferta/dom-przy-lesie-94-m-ogrodek-5-pokoi-jezioro-kornik-ID4DjbW,"https://ireland.apollo.olxcdn.com/v1/files/eyJhbGciOiJIUzI1NiIsInR5cCI6IkpXVCJ9.eyJmbiI6ImZrYmFzamxtZjNhdS1BUEwiLCJ3IjpbeyJmbiI6ImVudmZxcWUxYXk0azEtQVBMIiwicyI6IjE2IiwiYSI6IjAiLCJwIjoiMTAsLTEwIn1dfQ.V3JrQVN8hr4OF6OTPhdTmScu6uIOCdz4-OLG0CIIr_Q/image;s=2048x1536;q=80,https://ireland.apollo.olxcdn.com/v1/files/eyJhbGciOiJIUzI1NiIsInR5cCI6IkpXVCJ9.eyJmbiI6IjAybWJseG9zNG9wbjMtQVBMIiwidyI6W3siZm4iOiJlbnZmcXFlMWF5NGsxLUFQTCIsInMiOiIxNiIsImEiOiIwIiwicCI6IjEwLC0xMCJ9XX0.qKL35Lwty0l45v_K_vaSr2CjI1wLb9QF12e3iG5o9sA/image;s=2048x1536;q=80,https://ireland.apollo.olxcdn.com/v1/files/eyJhbGciOiJIUzI1NiIsInR5cCI6IkpXVCJ9.eyJmbiI6InZ3amE4andtZ3JkOTMtQVBMIiwidyI6W3siZm4iOiJlbnZmcXFlMWF5NGsxLUFQTCIsInMiOiIxNiIsImEiOiIwIiwicCI6IjEwLC0xMCJ9XX0.V9zCf7OjSr8ILOce7C1bq5NtVefkXyvjzlPn0t_yHIg/image;s=2048x1536;q=80",,,,,
68461679,dom,6 pokoi/ gaz/kanaliza/ światłowód/gotowy IX 2026,107.1,6,,759000,7087,Piaskowa,Krosno,Krosno,,52.227186,16.824956,,,,https://www.otodom.pl/pl/oferta/6-pokoi-gaz-kanaliza-swiatlowod-gotowy-ix-2026-ID4Dg0D,"https://ireland.apollo.olxcdn.com/v1/files/eyJhbGciOiJIUzI1NiIsInR5cCI6IkpXVCJ9.eyJmbiI6ImlraGRwOWtzM2Z1NDEtRUNPU1lTVEVNIiwidyI6W3siZm4iOiJlbnZmcXFlMWF5NGsxLUFQTCIsInMiOiIxNiIsImEiOiIwIiwicCI6IjEwLC0xMCJ9XX0.8hc6DaAyEeWF_e9jpBUcre_SdTkIjdWeALYZbEC8__U/image;s=2048x1536;q=80,https://ireland.apollo.olxcdn.com/v1/files/eyJhbGciOiJIUzI1NiIsInR5cCI6IkpXVCJ9.eyJmbiI6IjQyMWlhMGN5dnIxNi1FQ09TWVNURU0iLCJ3IjpbeyJmbiI6ImVudmZxcWUxYXk0azEtQVBMIiwicyI6IjE2IiwiYSI6IjAiLCJwIjoiMTAsLTEwIn1dfQ.wJE9nIfKVmLC8biDqwOcfyfXFn1ZhY7O3Uymh0Sul0k/image;s=2048x1536;q=80,https://ireland.apollo.olxcdn.com/v1/files/eyJhbGciOiJIUzI1NiIsInR5cCI6IkpXVCJ9.eyJmbiI6ImJxeDV2dGFlNmRpazMtRUNPU1lTVEVNIiwidyI6W3siZm4iOiJlbnZmcXFlMWF5NGsxLUFQTCIsInMiOiIxNiIsImEiOiIwIiwicCI6IjEwLC0xMCJ9XX0.oNvveAnl9BlRu6-Sv2R8eBJrEYwkYiy2unOb1AxgrFE/image;s=2048x1536;q=80",,,,,
68281249,dom,"Rokietnica 96,49 m2 4 pokoje Gotowy od Zaraz!",96.49,4,,759000,7866,,Rokietnica,Rokietnica,,52.51884,16.74983,,,,https://www.otodom.pl/pl/oferta/rokietnica-96-49-m2-4-pokoje-gotowy-od-zaraz-ID4Cw4t,"https://ireland.apollo.olxcdn.com/v1/files/eyJhbGciOiJIUzI1NiIsInR5cCI6IkpXVCJ9.eyJmbiI6InYzOGRrM3QxaGNpbC1FQ09TWVNURU0iLCJ3IjpbeyJmbiI6ImVudmZxcWUxYXk0azEtQVBMIiwicyI6IjE2IiwiYSI6IjAiLCJwIjoiMTAsLTEwIn1dfQ.tlMo8UTzWd7ATfI3yyJTgzZ6Pxwh4D1gH3R9_1oSJEE/image;s=2048x1536;q=80,https://ireland.apollo.olxcdn.com/v1/files/eyJhbGciOiJIUzI1NiIsInR5cCI6IkpXVCJ9.eyJmbiI6Ijc5Z2dzbTk5aXQ3ZS1FQ09TWVNURU0iLCJ3IjpbeyJmbiI6ImVudmZxcWUxYXk0azEtQVBMIiwicyI6IjE2IiwiYSI6IjAiLCJwIjoiMTAsLTEwIn1dfQ.QXZKXYTyrPClig2Ru17OTDwOJaHUG7Ep3Ag3LJzmq8U/image;s=2048x1536;q=80,https://ireland.apollo.olxcdn.com/v1/files/eyJhbGciOiJIUzI1NiIsInR5cCI6IkpXVCJ9.eyJmbiI6InB6NWFuZDN4OWs5eC1FQ09TWVNURU0iLCJ3IjpbeyJmbiI6ImVudmZxcWUxYXk0azEtQVBMIiwicyI6IjE2IiwiYSI6IjAiLCJwIjoiMTAsLTEwIn1dfQ.vLcPaYa8qLnJnbitSf-7V4BJ9Vg_6OnkqZJOH7A0rao/image;s=2048x1536;q=80",,,,,
68458065,dom,Parterowy/duża działka/stryszek/ogrz podł/duży parking/ogrodzenie/,96.49,4,,759000,7866,Rubinowa,Rokietnica,Rokietnica,,52.51359,16.74704,,,,https://www.otodom.pl/pl/oferta/parterowy-duza-dzialka-stryszek-ogrz-podl-duzy-parking-ogrodzenie-ID4Df4l,"https://ireland.apollo.olxcdn.com/v1/files/eyJhbGciOiJIUzI1NiIsInR5cCI6IkpXVCJ9.eyJmbiI6ImFiMWEyNjQ5a291MjItQVBMIiwidyI6W3siZm4iOiJlbnZmcXFlMWF5NGsxLUFQTCIsInMiOiIxNiIsImEiOiIwIiwicCI6IjEwLC0xMCJ9XX0.TD0ASEVQs0cDAM4OngX8juJxyiD8jdZUFZRrrA7wrWo/image;s=2048x1536;q=80,https://ireland.apollo.olxcdn.com/v1/files/eyJhbGciOiJIUzI1NiIsInR5cCI6IkpXVCJ9.eyJmbiI6Ijl4aWZ3M2dkMjJnODItQVBMIiwidyI6W3siZm4iOiJlbnZmcXFlMWF5NGsxLUFQTCIsInMiOiIxNiIsImEiOiIwIiwicCI6IjEwLC0xMCJ9XX0.Qs0_oc7v-3UXhEypqioRfy0RVPxEBPLFNnwuSMS0mjQ/image;s=2048x1536;q=80,https://ireland.apollo.olxcdn.com/v1/files/eyJhbGciOiJIUzI1NiIsInR5cCI6IkpXVCJ9.eyJmbiI6IjRuejEzYjlubGxqYTMtQVBMIiwidyI6W3siZm4iOiJlbnZmcXFlMWF5NGsxLUFQTCIsInMiOiIxNiIsImEiOiIwIiwicCI6IjEwLC0xMCJ9XX0.yHzQ9a6W1pp4vPpg0L2kuEXprb2YFhpiOD78kk2f8IM/image;s=2048x1536;q=80",,,,,
68450797,dom,"Świetny rozkład salon+ 4 sypialnie taras, ogród, podjazd-dobra cena!",112,5,,759000,6777,,Wielka Wieś,Buk,,52.36036,16.50626,,,,https://www.otodom.pl/pl/oferta/swietny-rozklad-salon-4-sypialnie-taras-ogrod-podjazd-dobra-cena-ID4Ddb7,"https://ireland.apollo.olxcdn.com/v1/files/eyJhbGciOiJIUzI1NiIsInR5cCI6IkpXVCJ9.eyJmbiI6Ims0eXZzZXYydjQ2bTMtQVBMIiwidyI6W3siZm4iOiJlbnZmcXFlMWF5NGsxLUFQTCIsInMiOiIxNiIsImEiOiIwIiwicCI6IjEwLC0xMCJ9XX0.2Lp76Ft_cJbo80Q0kUPe6VmLPJUWCOQD-ge1bQtIa9c/image;s=2048x1536;q=80,https://ireland.apollo.olxcdn.com/v1/files/eyJhbGciOiJIUzI1NiIsInR5cCI6IkpXVCJ9.eyJmbiI6ImdjMTR6eTE2ZWZiejEtQVBMIiwidyI6W3siZm4iOiJlbnZmcXFlMWF5NGsxLUFQTCIsInMiOiIxNiIsImEiOiIwIiwicCI6IjEwLC0xMCJ9XX0.O3ZYLcdpw4EEVfqEmGU1AAwnCkKDBnPAci3bZa6i2xg/image;s=2048x1536;q=80,https://ireland.apollo.olxcdn.com/v1/files/eyJhbGciOiJIUzI1NiIsInR5cCI6IkpXVCJ9.eyJmbiI6Inl4N3VyYmxyZWZnZjMtQVBMIiwidyI6W3siZm4iOiJlbnZmcXFlMWF5NGsxLUFQTCIsInMiOiIxNiIsImEiOiIwIiwicCI6IjEwLC0xMCJ9XX0.QGeyZX96z8aixJD2AYmmFX2rom_XmhUpDqtv0WH1lfY/image;s=2048x1536;q=80",,,,,
68430478,dom,"PROMOCJA na gotowy segment bliźniaczy 5 pokojowy, taras,ogród, podjazd",112,5,,759000,6777,Rolna,Wielka Wieś,,,52.36094,16.50626,,,,https://www.otodom.pl/pl/oferta/promocja-na-gotowy-segment-blizniaczy-5-pokojowy-taras-ogrod-podjazd-ID4D7To,"https://ireland.apollo.olxcdn.com/v1/files/eyJhbGciOiJIUzI1NiIsInR5cCI6IkpXVCJ9.eyJmbiI6Inp0YW11cnI1b3p2dDItQVBMIiwidyI6W3siZm4iOiJlbnZmcXFlMWF5NGsxLUFQTCIsInMiOiIxNiIsImEiOiIwIiwicCI6IjEwLC0xMCJ9XX0.d2NEjg3W9A-MObgcPmGuIvw6KZLkJ-W55Hy3oUeu8os/image;s=2048x1536;q=80,https://ireland.apollo.olxcdn.com/v1/files/eyJhbGciOiJIUzI1NiIsInR5cCI6IkpXVCJ9.eyJmbiI6ImVrMXNqYWI2OXpsai1BUEwiLCJ3IjpbeyJmbiI6ImVudmZxcWUxYXk0azEtQVBMIiwicyI6IjE2IiwiYSI6IjAiLCJwIjoiMTAsLTEwIn1dfQ.ROb9txZp_MOZoFGJiTiROrK7iclZ7gSwUz72Hf3MmCc/image;s=2048x1536;q=80,https://ireland.apollo.olxcdn.com/v1/files/eyJhbGciOiJIUzI1NiIsInR5cCI6IkpXVCJ9.eyJmbiI6IjE0a3d3OGl2MnBiNC1BUEwiLCJ3IjpbeyJmbiI6ImVudmZxcWUxYXk0azEtQVBMIiwicyI6IjE2IiwiYSI6IjAiLCJwIjoiMTAsLTEwIn1dfQ.VihmIIbmWxHw9t4iHeBSeCIsehnwPN2Or5y9nc3ZI6Q/image;s=2048x1536;q=80",,,,,
68393746,dom,Ostatni w promocyjnej cenie! Ekskluzywny bliźniak 5 pokojowy 112/273m2,112,5,,759000,6777,,Wielka Wieś,Buk,,52.36084,16.50626,,,,https://www.otodom.pl/pl/oferta/ostatni-w-promocyjnej-cenie-ekskluzywny-blizniak-5-pokojowy-112-273m2-ID4CYkV,"https://ireland.apollo.olxcdn.com/v1/files/eyJhbGciOiJIUzI1NiIsInR5cCI6IkpXVCJ9.eyJmbiI6ImZtdmRyMDlzajg3bTEtQVBMIiwidyI6W3siZm4iOiJlbnZmcXFlMWF5NGsxLUFQTCIsInMiOiIxNiIsImEiOiIwIiwicCI6IjEwLC0xMCJ9XX0.WxxTR7GnO8dC0LZ-PujCsGsD0uaJYQmYxdeiBSiHmF8/image;s=2048x1536;q=80,https://ireland.apollo.olxcdn.com/v1/files/eyJhbGciOiJIUzI1NiIsInR5cCI6IkpXVCJ9.eyJmbiI6ImxkNDc4YWM0cXVnczEtQVBMIiwidyI6W3siZm4iOiJlbnZmcXFlMWF5NGsxLUFQTCIsInMiOiIxNiIsImEiOiIwIiwicCI6IjEwLC0xMCJ9XX0.vri6njhWyu0kA1iOlrZW23D2556TzkXzuQqQNXxQbE8/image;s=2048x1536;q=80,https://ireland.apollo.olxcdn.com/v1/files/eyJhbGciOiJIUzI1NiIsInR5cCI6IkpXVCJ9.eyJmbiI6ImUzZnc1NDdkaHN4dTMtQVBMIiwidyI6W3siZm4iOiJlbnZmcXFlMWF5NGsxLUFQTCIsInMiOiIxNiIsImEiOiIwIiwicCI6IjEwLC0xMCJ9XX0.o-jcpm_pokv5kwzvGbZDoc1OcKe3mZAJ1ysy3rRK8ZM/image;s=2048x1536;q=80",,,,,
68279211,dom,6 pokoi/ gaz/kanaliza/ światłowód/gotowy XI 2025,107.1,6,,759000,7087,,Mosina,Mosina,,52.24541,16.84706,,,,https://www.otodom.pl/pl/oferta/6-pokoi-gaz-kanaliza-swiatlowod-gotowy-xi-2025-ID4CuxB,"https://ireland.apollo.olxcdn.com/v1/files/eyJhbGciOiJIUzI1NiIsInR5cCI6IkpXVCJ9.eyJmbiI6Im4xY243OXRhYmxrci1FQ09TWVNURU0iLCJ3IjpbeyJmbiI6ImVudmZxcWUxYXk0azEtQVBMIiwicyI6IjE2IiwiYSI6IjAiLCJwIjoiMTAsLTEwIn1dfQ._Km3bNVo0tyP4y7fbLy1CCe5R9DzcWyERCob4Kp7c5I/image;s=2048x1536;q=80,https://ireland.apollo.olxcdn.com/v1/files/eyJhbGciOiJIUzI1NiIsInR5cCI6IkpXVCJ9.eyJmbiI6InN3ZndrMHhyc2p5bTItRUNPU1lTVEVNIiwidyI6W3siZm4iOiJlbnZmcXFlMWF5NGsxLUFQTCIsInMiOiIxNiIsImEiOiIwIiwicCI6IjEwLC0xMCJ9XX0.xWzZYkZwVzebhGQd0zKB1JGUHzcng0DuzyVDbkZ4V_o/image;s=2048x1536;q=80,https://ireland.apollo.olxcdn.com/v1/files/eyJhbGciOiJIUzI1NiIsInR5cCI6IkpXVCJ9.eyJmbiI6IjU1dTRibnp0eXI4ZTEtRUNPU1lTVEVNIiwidyI6W3siZm4iOiJlbnZmcXFlMWF5NGsxLUFQTCIsInMiOiIxNiIsImEiOiIwIiwicCI6IjEwLC0xMCJ9XX0.X27Czpx0oV-M7iCg87gnyUVMf6lC9KGEIowncWLEKzg/image;s=2048x1536;q=80",,,,,
67562469,dom,Dom w zabudowie szeregowej | 15 m2 poddasza GRATIS,103.97,4,,765000,7358,,Biedrusko,Biedrusko,Osiedle Natura Biedrusko - JAKŚBUD,52.545466,16.945774,,,,https://www.otodom.pl/pl/oferta/dom-w-zabudowie-szeregowej-15-m2-poddasza-gratis-ID4zu5f,"https://ireland.apollo.olxcdn.com/v1/files/eyJhbGciOiJIUzI1NiIsInR5cCI6IkpXVCJ9.eyJmbiI6ImQ5ZjI5a3ZoYnk5Mi1BUEwiLCJ3IjpbeyJmbiI6ImVudmZxcWUxYXk0azEtQVBMIiwicyI6IjE2IiwiYSI6IjAiLCJwIjoiMTAsLTEwIn1dfQ.EMXoffZQAKHTIXD9fpW3Ov6FuH2HD-v7LQA_f4QqMag/image;s=2048x1536;q=80,https://ireland.apollo.olxcdn.com/v1/files/eyJhbGciOiJIUzI1NiIsInR5cCI6IkpXVCJ9.eyJmbiI6InF0eXZmc283ejY4bDEtQVBMIiwidyI6W3siZm4iOiJlbnZmcXFlMWF5NGsxLUFQTCIsInMiOiIxNiIsImEiOiIwIiwicCI6IjEwLC0xMCJ9XX0.949I7U2yuogWV0cWHSHO1mRHi4R4hCe5t6TFhymJDHs/image;s=2048x1536;q=80,https://ireland.apollo.olxcdn.com/v1/files/eyJhbGciOiJIUzI1NiIsInR5cCI6IkpXVCJ9.eyJmbiI6InU3emZ5MHl3bnVreDItQVBMIiwidyI6W3siZm4iOiJlbnZmcXFlMWF5NGsxLUFQTCIsInMiOiIxNiIsImEiOiIwIiwicCI6IjEwLC0xMCJ9XX0.tpqnlkvM5Q2MMVaLNwvHaKKF0j0zSrUffXuDulEjkbY/image;s=2048x1536;q=80",,,,,
67445458,mieszkanie,3-pokojowe mieszkanie 72m2 + balkon Bezpośrednio,72.82,3,1,765400,10511,ul. Strzeszyńska,Podolany,Poznań,Strzeszyńska 77,52.44888,16.89124,,,,https://www.otodom.pl/pl/oferta/3-pokojowe-mieszkanie-72m2-balkon-bezposrednio-ID4yZDY,"https://ireland.apollo.olxcdn.com/v1/files/eyJhbGciOiJIUzI1NiIsInR5cCI6IkpXVCJ9.eyJmbiI6IjZ1NzkycmFobHAycjItRUNPU1lTVEVNIiwidyI6W3siZm4iOiJlbnZmcXFlMWF5NGsxLUFQTCIsInMiOiIxNiIsImEiOiIwIiwicCI6IjEwLC0xMCJ9XX0.ltMJVrw41k9X71yQ0ZKM7MfYsIUBiOeDJHQCQN-_pIU/image;s=2048x1536;q=80,https://ireland.apollo.olxcdn.com/v1/files/eyJhbGciOiJIUzI1NiIsInR5cCI6IkpXVCJ9.eyJmbiI6ImFqaGR1ZzNrYmNtODItRUNPU1lTVEVNIiwidyI6W3siZm4iOiJlbnZmcXFlMWF5NGsxLUFQTCIsInMiOiIxNiIsImEiOiIwIiwicCI6IjEwLC0xMCJ9XX0.wMTJAh3wu64NGqlxbpb81EBe31qk9opAQf_UT-F-nFI/image;s=2048x1536;q=80,https://ireland.apollo.olxcdn.com/v1/files/eyJhbGciOiJIUzI1NiIsInR5cCI6IkpXVCJ9.eyJmbiI6Imt5b25zbmF6Z2ZhMTEtRUNPU1lTVEVNIiwidyI6W3siZm4iOiJlbnZmcXFlMWF5NGsxLUFQTCIsInMiOiIxNiIsImEiOiIwIiwicCI6IjEwLC0xMCJ9XX0.XsXQnk_Iu5aju-_9MlizcuN70rjPpO-5jHx8CnQD-P0/image;s=2048x1536;q=80",,,,,
68361001,mieszkanie,3 pokoje | Gotowe | Blisko komunikacji | Duży Ogród,76.54,3,0,767000,10021,Naramowicka,Winogrady,Poznań,,52.43845,16.94816,,,,https://www.otodom.pl/pl/oferta/3-pokoje-gotowe-blisko-komunikacji-duzy-ogrod-ID4CPON,"https://ireland.apollo.olxcdn.com/v1/files/eyJhbGciOiJIUzI1NiIsInR5cCI6IkpXVCJ9.eyJmbiI6IjlyczJmZXA4NDIzdzMtRUNPU1lTVEVNIiwidyI6W3siZm4iOiJlbnZmcXFlMWF5NGsxLUFQTCIsInMiOiIxNiIsImEiOiIwIiwicCI6IjEwLC0xMCJ9XX0.K0wAGzF0TUQMBWJ_ZruTlbTztRpyfzC10eDziAC-r70/image;s=2048x1536;q=80,https://ireland.apollo.olxcdn.com/v1/files/eyJhbGciOiJIUzI1NiIsInR5cCI6IkpXVCJ9.eyJmbiI6Inhremc0eTNnNGRzeDItRUNPU1lTVEVNIiwidyI6W3siZm4iOiJlbnZmcXFlMWF5NGsxLUFQTCIsInMiOiIxNiIsImEiOiIwIiwicCI6IjEwLC0xMCJ9XX0.AoJF5iv1vwlmw1itKePmouC3bkbFrowSWX6k1sRGqVw/image;s=2048x1536;q=80,https://ireland.apollo.olxcdn.com/v1/files/eyJhbGciOiJIUzI1NiIsInR5cCI6IkpXVCJ9.eyJmbiI6IjlicnRuMnR0NW1xZzMtRUNPU1lTVEVNIiwidyI6W3siZm4iOiJlbnZmcXFlMWF5NGsxLUFQTCIsInMiOiIxNiIsImEiOiIwIiwicCI6IjEwLC0xMCJ9XX0.DE0LxlajS2chJ385j7ZpxgSYvX2Ok40XuM6_1arq6lU/image;s=2048x1536;q=80",,,,,
68218498,dom,"Twój dom w Poznaniu — 4 pokoje, ogród, willowe osiedle, cisza, lasy!",71.16,4,,768528,10800,,Morasko-Radojewo,Poznań,,52.491757,16.937648,,,,https://www.otodom.pl/pl/oferta/twoj-dom-w-poznaniu-4-pokoje-ogrod-willowe-osiedle-cisza-lasy-ID4CeKm,"https://ireland.apollo.olxcdn.com/v1/files/eyJhbGciOiJIUzI1NiIsInR5cCI6IkpXVCJ9.eyJmbiI6IjNsM3V0YzNib2QwZy1BUEwiLCJ3IjpbeyJmbiI6ImVudmZxcWUxYXk0azEtQVBMIiwicyI6IjE2IiwiYSI6IjAiLCJwIjoiMTAsLTEwIn1dfQ.10r550zIAs4RD8JLld4rB5d8jfsgojwHAGjlZ0ep4vQ/image;s=2048x1536;q=80,https://ireland.apollo.olxcdn.com/v1/files/eyJhbGciOiJIUzI1NiIsInR5cCI6IkpXVCJ9.eyJmbiI6InJpOHM2M3ozdnVybjEtQVBMIiwidyI6W3siZm4iOiJlbnZmcXFlMWF5NGsxLUFQTCIsInMiOiIxNiIsImEiOiIwIiwicCI6IjEwLC0xMCJ9XX0.pYwv8alqbxfQ9FOr6qilpsGAW45OR_DQiZ73z19m3h8/image;s=2048x1536;q=80,https://ireland.apollo.olxcdn.com/v1/files/eyJhbGciOiJIUzI1NiIsInR5cCI6IkpXVCJ9.eyJmbiI6InV4ajlscDUxdTV1MDItQVBMIiwidyI6W3siZm4iOiJlbnZmcXFlMWF5NGsxLUFQTCIsInMiOiIxNiIsImEiOiIwIiwicCI6IjEwLC0xMCJ9XX0.fzdMAtpxVs6UBKrLIQRee_OvDNuVYIor3F8epnJKWX4/image;s=2048x1536;q=80",,,,,
68454798,mieszkanie,"3 pokoje z ogrodem,doświetlone i ustawne! 2stronne",73.5,3,0,769000,10463,Stefana Żeromskiego,Jeżyce,Poznań,,52.413479,16.902793,,,,https://www.otodom.pl/pl/oferta/3-pokoje-z-ogrodem-doswietlone-i-ustawne-2stronne-ID4DedE,"https://ireland.apollo.olxcdn.com/v1/files/eyJhbGciOiJIUzI1NiIsInR5cCI6IkpXVCJ9.eyJmbiI6Imh4bDc1OGc0dTV4cC1FQ09TWVNURU0iLCJ3IjpbeyJmbiI6ImVudmZxcWUxYXk0azEtQVBMIiwicyI6IjE2IiwiYSI6IjAiLCJwIjoiMTAsLTEwIn1dfQ.rsy3UCI4TRnHxR52kWe9WBqAGTlM5b4xXkZq4iJkzXw/image;s=2048x1536;q=80,https://ireland.apollo.olxcdn.com/v1/files/eyJhbGciOiJIUzI1NiIsInR5cCI6IkpXVCJ9.eyJmbiI6InVvZnU0bzRybTByMDMtRUNPU1lTVEVNIiwidyI6W3siZm4iOiJlbnZmcXFlMWF5NGsxLUFQTCIsInMiOiIxNiIsImEiOiIwIiwicCI6IjEwLC0xMCJ9XX0.uJU3skDluO6JAlzBOV-hOY-lSFHw0lZEBNLVCC7B0eo/image;s=2048x1536;q=80,https://ireland.apollo.olxcdn.com/v1/files/eyJhbGciOiJIUzI1NiIsInR5cCI6IkpXVCJ9.eyJmbiI6ImtyZ216b3BiNnFlczEtRUNPU1lTVEVNIiwidyI6W3siZm4iOiJlbnZmcXFlMWF5NGsxLUFQTCIsInMiOiIxNiIsImEiOiIwIiwicCI6IjEwLC0xMCJ9XX0.sS7xHeJWPNsbiaY9OVuSn_yms0Un1G93CbaTZytLz3E/image;s=2048x1536;q=80",,,,,
68159653,dom,Pięknie położona Działka/droga gminna z kostki !CENA ważna od30.09.26r,89,5,,769000,8640,ul. Gościniec,Dąbrówka,Dąbrówka,,52.37851,16.7515,,,,https://www.otodom.pl/pl/oferta/pieknie-polozona-dzialka-droga-gminna-z-kostki-cena-wazna-od30-09-26r-ID4BZrf,"https://ireland.apollo.olxcdn.com/v1/files/eyJhbGciOiJIUzI1NiIsInR5cCI6IkpXVCJ9.eyJmbiI6ImJwejgzazB4YzVqai1BUEwiLCJ3IjpbeyJmbiI6ImVudmZxcWUxYXk0azEtQVBMIiwicyI6IjE2IiwiYSI6IjAiLCJwIjoiMTAsLTEwIn1dfQ.FoE4UMnSwZ0P8HsK34nJhpEVitwvXMTaq73309KPVxs/image;s=2048x1536;q=80,https://ireland.apollo.olxcdn.com/v1/files/eyJhbGciOiJIUzI1NiIsInR5cCI6IkpXVCJ9.eyJmbiI6ImQ1bnNwa2h4NGFkcTEtQVBMIiwidyI6W3siZm4iOiJlbnZmcXFlMWF5NGsxLUFQTCIsInMiOiIxNiIsImEiOiIwIiwicCI6IjEwLC0xMCJ9XX0._Ab8U4HUBfUcWTG2txObs-KldZ94eXWEbvBjydy6Trc/image;s=2048x1536;q=80,https://ireland.apollo.olxcdn.com/v1/files/eyJhbGciOiJIUzI1NiIsInR5cCI6IkpXVCJ9.eyJmbiI6ImY2Mml5a2kyc3A4ajItQVBMIiwidyI6W3siZm4iOiJlbnZmcXFlMWF5NGsxLUFQTCIsInMiOiIxNiIsImEiOiIwIiwicCI6IjEwLC0xMCJ9XX0.BMlNEqHBYvCx6hC0pHTSoV7p3ydSDHM1zCAITdnLigw/image;s=2048x1536;q=80",,,,,
68423892,dom,"Fotowoltaika 4,8 kW, falownik 10 kW, gaz inst. do klimatyzacji",99,5,,769000,7768,,Gołuski,,,52.36086,16.74484,,,,https://www.otodom.pl/pl/oferta/fotowoltaika-4-8-kw-falownik-10-kw-gaz-inst-do-klimatyzacji-ID4D6ba,"https://ireland.apollo.olxcdn.com/v1/files/eyJhbGciOiJIUzI1NiIsInR5cCI6IkpXVCJ9.eyJmbiI6InRxY2N2ajUzZ3lqZTEtRUNPU1lTVEVNIiwidyI6W3siZm4iOiJlbnZmcXFlMWF5NGsxLUFQTCIsInMiOiIxNiIsImEiOiIwIiwicCI6IjEwLC0xMCJ9XX0.WjCBIkitRBOTOkuvUsrMDgOkfKAGgNI852vh-hYAelI/image;s=2048x1536;q=80,https://ireland.apollo.olxcdn.com/v1/files/eyJhbGciOiJIUzI1NiIsInR5cCI6IkpXVCJ9.eyJmbiI6ImRvajZlYjc5dHk1ci1FQ09TWVNURU0iLCJ3IjpbeyJmbiI6ImVudmZxcWUxYXk0azEtQVBMIiwicyI6IjE2IiwiYSI6IjAiLCJwIjoiMTAsLTEwIn1dfQ.8i5Dso_BbEE76Za-Wy_wVCDD86VII6v9GgBtuiCIpmY/image;s=2048x1536;q=80,https://ireland.apollo.olxcdn.com/v1/files/eyJhbGciOiJIUzI1NiIsInR5cCI6IkpXVCJ9.eyJmbiI6ImVuamJhbHg0eHh2YTEtRUNPU1lTVEVNIiwidyI6W3siZm4iOiJlbnZmcXFlMWF5NGsxLUFQTCIsInMiOiIxNiIsImEiOiIwIiwicCI6IjEwLC0xMCJ9XX0.bhNrnvU13uT_hhjYqADrZ80xrgmwd4UAHf5tlAdjXRM/image;s=2048x1536;q=80",,,,,
68391464,dom,✅Kamionki/ Nowa Inwestycja/4 sypialnie,96.4,5,,769000,7977,,Kamionki,Kamionki,,52.28477,16.98444,,,,https://www.otodom.pl/pl/oferta/kamionki-nowa-inwestycja-4-sypialnie-ID4CXK8,"https://ireland.apollo.olxcdn.com/v1/files/eyJhbGciOiJIUzI1NiIsInR5cCI6IkpXVCJ9.eyJmbiI6InJ4d2thMDFqZDY4MTItRUNPU1lTVEVNIiwidyI6W3siZm4iOiJlbnZmcXFlMWF5NGsxLUFQTCIsInMiOiIxNiIsImEiOiIwIiwicCI6IjEwLC0xMCJ9XX0.vGy8Dz7oW2A4zNirTXYaTWxIxrHMGdo0fkNaFZDLNiY/image;s=2048x1536;q=80,https://ireland.apollo.olxcdn.com/v1/files/eyJhbGciOiJIUzI1NiIsInR5cCI6IkpXVCJ9.eyJmbiI6InE2Mjd1ZG56aHdtYjMtRUNPU1lTVEVNIiwidyI6W3siZm4iOiJlbnZmcXFlMWF5NGsxLUFQTCIsInMiOiIxNiIsImEiOiIwIiwicCI6IjEwLC0xMCJ9XX0.F2Y1uPYfB2PIjriix3sf0TxTWS3_B8N5Esm2MUGqEIA/image;s=2048x1536;q=80,https://ireland.apollo.olxcdn.com/v1/files/eyJhbGciOiJIUzI1NiIsInR5cCI6IkpXVCJ9.eyJmbiI6ImRramZqdGRpdmJwcC1FQ09TWVNURU0iLCJ3IjpbeyJmbiI6ImVudmZxcWUxYXk0azEtQVBMIiwicyI6IjE2IiwiYSI6IjAiLCJwIjoiMTAsLTEwIn1dfQ.5DAtKgCfBly_T-GxsdPzf4N2A_ErOvJ5DV4AZKAL4l4/image;s=2048x1536;q=80",,,,,
68318941,dom,Dom z ogrodem,106.9,4,,769000,7194,,Kostrzyn,Kostrzyn,,52.40098,17.22671,,,,https://www.otodom.pl/pl/oferta/dom-z-ogrodem-ID4CESp,"https://ireland.apollo.olxcdn.com/v1/files/eyJhbGciOiJIUzI1NiIsInR5cCI6IkpXVCJ9.eyJmbiI6IjJ2aHRkNXdzcWZxbzItQVBMIiwidyI6W3siZm4iOiJlbnZmcXFlMWF5NGsxLUFQTCIsInMiOiIxNiIsImEiOiIwIiwicCI6IjEwLC0xMCJ9XX0.QM4IpTtp5l3zYXqa3lQ2wA9fEeUcwWcP6naR74jBkHw/image;s=2048x1536;q=80,https://ireland.apollo.olxcdn.com/v1/files/eyJhbGciOiJIUzI1NiIsInR5cCI6IkpXVCJ9.eyJmbiI6ImIwYjBzc3p5YzczajItQVBMIiwidyI6W3siZm4iOiJlbnZmcXFlMWF5NGsxLUFQTCIsInMiOiIxNiIsImEiOiIwIiwicCI6IjEwLC0xMCJ9XX0.WDlC2lReK6oBK5Vl8i_XC25OoLYNChzbWYPHlWF01kY/image;s=2048x1536;q=80,https://ireland.apollo.olxcdn.com/v1/files/eyJhbGciOiJIUzI1NiIsInR5cCI6IkpXVCJ9.eyJmbiI6Inh6MDQzajRod2c4YTMtQVBMIiwidyI6W3siZm4iOiJlbnZmcXFlMWF5NGsxLUFQTCIsInMiOiIxNiIsImEiOiIwIiwicCI6IjEwLC0xMCJ9XX0.27FQFtb7eHnxsBlSReGGaF725hEr5mg_W4VodiPdHBE/image;s=2048x1536;q=80",,,,,
63840416,dom,POBIEDZISKA nowe domy jednorodzinne z garażem,120.74,4,,770000,6377,ul. Goślińska,Pobiedziska,Pobiedziska,,52.48262,17.27235,,,,https://www.otodom.pl/pl/oferta/pobiedziska-nowe-domy-jednorodzinne-z-garazem-ID4jRO8,"https://ireland.apollo.olxcdn.com/v1/files/eyJhbGciOiJIUzI1NiIsInR5cCI6IkpXVCJ9.eyJmbiI6ImZmZDdueWpoNmdmYjEtQVBMIiwidyI6W3siZm4iOiJlbnZmcXFlMWF5NGsxLUFQTCIsInMiOiIxNiIsImEiOiIwIiwicCI6IjEwLC0xMCJ9XX0.I714oXhuOUh7IxA7IZG6cAk3lcFYbOxRuSTQhsRGtKk/image;s=2048x1536;q=80,https://ireland.apollo.olxcdn.com/v1/files/eyJhbGciOiJIUzI1NiIsInR5cCI6IkpXVCJ9.eyJmbiI6ImN0cnMxaWdqcGZrbjMtQVBMIiwidyI6W3siZm4iOiJlbnZmcXFlMWF5NGsxLUFQTCIsInMiOiIxNiIsImEiOiIwIiwicCI6IjEwLC0xMCJ9XX0.MHwvSLfwpv0XpvgQlsCz5ALOLLs3YiafNQvftUuvYkk/image;s=2048x1536;q=80,https://ireland.apollo.olxcdn.com/v1/files/eyJhbGciOiJIUzI1NiIsInR5cCI6IkpXVCJ9.eyJmbiI6Imo3NG93dWw2aHphdy1BUEwiLCJ3IjpbeyJmbiI6ImVudmZxcWUxYXk0azEtQVBMIiwicyI6IjE2IiwiYSI6IjAiLCJwIjoiMTAsLTEwIn1dfQ.wyCqLUepveF7aXTQAmsck7KN9BlnO0XNtLGZ9Y1knb0/image;s=2048x1536;q=80",,,,,
68340644,mieszkanie,Narożne 3 Pok 74m2|RABAT 100 000 | WINOGRADY,74.55,3,2,771500,10349,,Winogrady,Poznań,,52.4317,16.9432,,,,https://www.otodom.pl/pl/oferta/narozne-3-pok-74m2-rabat-100-000-winogrady-ID4CKvs,"https://ireland.apollo.olxcdn.com/v1/files/eyJhbGciOiJIUzI1NiIsInR5cCI6IkpXVCJ9.eyJmbiI6IjRlbnlqeWE3eWR1MS1FQ09TWVNURU0iLCJ3IjpbeyJmbiI6ImVudmZxcWUxYXk0azEtQVBMIiwicyI6IjE2IiwiYSI6IjAiLCJwIjoiMTAsLTEwIn1dfQ.YNBHlshBahYodmFgtPMC_miS_MQkXu_GAShxm5_YL8I/image;s=2048x1536;q=80,https://ireland.apollo.olxcdn.com/v1/files/eyJhbGciOiJIUzI1NiIsInR5cCI6IkpXVCJ9.eyJmbiI6InYyNWliZDhpdjgzNC1FQ09TWVNURU0iLCJ3IjpbeyJmbiI6ImVudmZxcWUxYXk0azEtQVBMIiwicyI6IjE2IiwiYSI6IjAiLCJwIjoiMTAsLTEwIn1dfQ.kd2S_x2Y5WwiR2vPeOEgMvMcBnoeiRw8_T8IKPsCaEU/image;s=2048x1536;q=80,https://ireland.apollo.olxcdn.com/v1/files/eyJhbGciOiJIUzI1NiIsInR5cCI6IkpXVCJ9.eyJmbiI6InA5amI2eHkxaWttNzMtRUNPU1lTVEVNIiwidyI6W3siZm4iOiJlbnZmcXFlMWF5NGsxLUFQTCIsInMiOiIxNiIsImEiOiIwIiwicCI6IjEwLC0xMCJ9XX0.O8VTHeD2O_6zlI1I9r1qUxNIfL1r5hzVXgmshjqYDww/image;s=2048x1536;q=80",,,,,
96834064400067,mieszkanie,Narożne 3 Pok 74m2|RABAT 100 000 | WINOGRADY,74.55,3,2,771500,10349,,Winogrady,Poznań,,52.4317,16.9432,,,,https://www.otodom.pl/pl/oferta/narozne-3-pok-74m2-rabat-100-000-winogrady-ID4CKvs,"https://ireland.apollo.olxcdn.com/v1/files/eyJhbGciOiJIUzI1NiIsInR5cCI6IkpXVCJ9.eyJmbiI6IjRlbnlqeWE3eWR1MS1FQ09TWVNURU0iLCJ3IjpbeyJmbiI6ImVudmZxcWUxYXk0azEtQVBMIiwicyI6IjE2IiwiYSI6IjAiLCJwIjoiMTAsLTEwIn1dfQ.YNBHlshBahYodmFgtPMC_miS_MQkXu_GAShxm5_YL8I/image;s=2048x1536;q=80,https://ireland.apollo.olxcdn.com/v1/files/eyJhbGciOiJIUzI1NiIsInR5cCI6IkpXVCJ9.eyJmbiI6InYyNWliZDhpdjgzNC1FQ09TWVNURU0iLCJ3IjpbeyJmbiI6ImVudmZxcWUxYXk0azEtQVBMIiwicyI6IjE2IiwiYSI6IjAiLCJwIjoiMTAsLTEwIn1dfQ.kd2S_x2Y5WwiR2vPeOEgMvMcBnoeiRw8_T8IKPsCaEU/image;s=2048x1536;q=80,https://ireland.apollo.olxcdn.com/v1/files/eyJhbGciOiJIUzI1NiIsInR5cCI6IkpXVCJ9.eyJmbiI6InA5amI2eHkxaWttNzMtRUNPU1lTVEVNIiwidyI6W3siZm4iOiJlbnZmcXFlMWF5NGsxLUFQTCIsInMiOiIxNiIsImEiOiIwIiwicCI6IjEwLC0xMCJ9XX0.O8VTHeD2O_6zlI1I9r1qUxNIfL1r5hzVXgmshjqYDww/image;s=2048x1536;q=80",,,,,
68420876,mieszkanie,Narożne 3 Pokoje - Wielki salon - Cena PROMOCYJNA ||  Zobacz na żywo !,74.6,3,2,771720,10345,ul. Naramowicka,Winogrady,Poznań,,52.43608,16.94734,,,,https://www.otodom.pl/pl/oferta/narozne-3-pokoje-wielki-salon-cena-promocyjna-zobacz-na-zywo-ID4D5ov,"https://ireland.apollo.olxcdn.com/v1/files/eyJhbGciOiJIUzI1NiIsInR5cCI6IkpXVCJ9.eyJmbiI6IjJ5eWNweGgyYnplbDItQVBMIiwidyI6W3siZm4iOiJlbnZmcXFlMWF5NGsxLUFQTCIsInMiOiIxNiIsImEiOiIwIiwicCI6IjEwLC0xMCJ9XX0.lCWqQT3irQuolAvWvlGyhH_9MQGzWSmZep5B8orS_lk/image;s=2048x1536;q=80,https://ireland.apollo.olxcdn.com/v1/files/eyJhbGciOiJIUzI1NiIsInR5cCI6IkpXVCJ9.eyJmbiI6IjVha2NuZ3k0NDc3dDEtQVBMIiwidyI6W3siZm4iOiJlbnZmcXFlMWF5NGsxLUFQTCIsInMiOiIxNiIsImEiOiIwIiwicCI6IjEwLC0xMCJ9XX0.mGNUMZtGcqhWNiMH4zMtDuODxJkGzETZO2HepFOwH3w/image;s=2048x1536;q=80,https://ireland.apollo.olxcdn.com/v1/files/eyJhbGciOiJIUzI1NiIsInR5cCI6IkpXVCJ9.eyJmbiI6InNrcTBua2luN3owZTMtQVBMIiwidyI6W3siZm4iOiJlbnZmcXFlMWF5NGsxLUFQTCIsInMiOiIxNiIsImEiOiIwIiwicCI6IjEwLC0xMCJ9XX0.wPEnLtvVHOn0HB0xQF7LEmIN29CZFdX8zFmKsAsR_dQ/image;s=2048x1536;q=80",,,,,
68414429,mieszkanie,ZOBACZ NA ŻYWO - JASNE - DWUSTRONNE - WYSOKI STANDARD - BLISKO TRAMWAJ,75,3,2,771720,10290,ul. Winogrady,Winogrady,Poznań,,52.42659,16.93611,,,,https://www.otodom.pl/pl/oferta/zobacz-na-zywo-jasne-dwustronne-wysoki-standard-blisko-tramwaj-ID4D3Ix,"https://ireland.apollo.olxcdn.com/v1/files/eyJhbGciOiJIUzI1NiIsInR5cCI6IkpXVCJ9.eyJmbiI6IjloN21jcGl0MzkydDMtQVBMIiwidyI6W3siZm4iOiJlbnZmcXFlMWF5NGsxLUFQTCIsInMiOiIxNiIsImEiOiIwIiwicCI6IjEwLC0xMCJ9XX0.dKhFkrXR2h5_swjXJnjyyMROI1QdVVau3-FTst2jwz4/image;s=2048x1536;q=80,https://ireland.apollo.olxcdn.com/v1/files/eyJhbGciOiJIUzI1NiIsInR5cCI6IkpXVCJ9.eyJmbiI6Imk4eTA0a3phamVtci1BUEwiLCJ3IjpbeyJmbiI6ImVudmZxcWUxYXk0azEtQVBMIiwicyI6IjE2IiwiYSI6IjAiLCJwIjoiMTAsLTEwIn1dfQ.mO-ns7fIlL5Ro8-WurSwIQFVHCV_3O9zT7XCKnbAn08/image;s=2048x1536;q=80,https://ireland.apollo.olxcdn.com/v1/files/eyJhbGciOiJIUzI1NiIsInR5cCI6IkpXVCJ9.eyJmbiI6ImQ2cGNra2ttbWhxazItQVBMIiwidyI6W3siZm4iOiJlbnZmcXFlMWF5NGsxLUFQTCIsInMiOiIxNiIsImEiOiIwIiwicCI6IjEwLC0xMCJ9XX0.INE-LhXhBlSU5Pu05HTeOcJnpY2-aTEj1fnDn68s3ls/image;s=2048x1536;q=80",,,,,
68461464,mieszkanie,RABAT! | Dla Rodziny | 3 Pokoje | Balkon | Winogrady,74.55,3,2,771725,10352,Winogrady,Winogrady,Poznań,,52.43681,16.94783,,,,https://www.otodom.pl/pl/oferta/rabat-dla-rodziny-3-pokoje-balkon-winogrady-ID4DfXa,"https://ireland.apollo.olxcdn.com/v1/files/eyJhbGciOiJIUzI1NiIsInR5cCI6IkpXVCJ9.eyJmbiI6InVsYXQ5YWhmajgwODEtRUNPU1lTVEVNIiwidyI6W3siZm4iOiJlbnZmcXFlMWF5NGsxLUFQTCIsInMiOiIxNiIsImEiOiIwIiwicCI6IjEwLC0xMCJ9XX0.4N_uQvg5mTobmBKeNa3Pug0ogA7gpTx3hOeIWzNXoDQ/image;s=2048x1536;q=80,https://ireland.apollo.olxcdn.com/v1/files/eyJhbGciOiJIUzI1NiIsInR5cCI6IkpXVCJ9.eyJmbiI6Imd5dTNkdjNvM2hsMTMtRUNPU1lTVEVNIiwidyI6W3siZm4iOiJlbnZmcXFlMWF5NGsxLUFQTCIsInMiOiIxNiIsImEiOiIwIiwicCI6IjEwLC0xMCJ9XX0.y4BgLQm3SA8WX-apWG1D-JDS6RZMrOeTVpPpZH-ufZ4/image;s=2048x1536;q=80,https://ireland.apollo.olxcdn.com/v1/files/eyJhbGciOiJIUzI1NiIsInR5cCI6IkpXVCJ9.eyJmbiI6ImZjZm9hdWQ1YzNtbTItRUNPU1lTVEVNIiwidyI6W3siZm4iOiJlbnZmcXFlMWF5NGsxLUFQTCIsInMiOiIxNiIsImEiOiIwIiwicCI6IjEwLC0xMCJ9XX0.vv3oHKfU4PK5zUkME_imUd_sh8J3RLDBvI4f8Ve6G3A/image;s=2048x1536;q=80",,,,,
68465236,mieszkanie,Układ idealny | komfortowe 3 pok. | 2 łazienki | Obejrzyj na żywo!,75,3,2,771726,10290,,Winogrady,Poznań,,52.434865,16.938353,,,,https://www.otodom.pl/pl/oferta/uklad-idealny-komfortowe-3-pok-2-lazienki-obejrzyj-na-zywo-ID4DgV0,"https://ireland.apollo.olxcdn.com/v1/files/eyJhbGciOiJIUzI1NiIsInR5cCI6IkpXVCJ9.eyJmbiI6InVmcGVweXZtazB0MzEtQVBMIiwidyI6W3siZm4iOiJlbnZmcXFlMWF5NGsxLUFQTCIsInMiOiIxNiIsImEiOiIwIiwicCI6IjEwLC0xMCJ9XX0.miMOhUrUIMOrFHlmxHgRMm5hV7_IsUVWcuQE1qawaqQ/image;s=2048x1536;q=80,https://ireland.apollo.olxcdn.com/v1/files/eyJhbGciOiJIUzI1NiIsInR5cCI6IkpXVCJ9.eyJmbiI6ImlpeXR4NWZ3dXFvYTEtQVBMIiwidyI6W3siZm4iOiJlbnZmcXFlMWF5NGsxLUFQTCIsInMiOiIxNiIsImEiOiIwIiwicCI6IjEwLC0xMCJ9XX0.m5WRt0QDafCZWwmh_fyP5OhZB11YvejzF7swAeHI-08/image;s=2048x1536;q=80,https://ireland.apollo.olxcdn.com/v1/files/eyJhbGciOiJIUzI1NiIsInR5cCI6IkpXVCJ9.eyJmbiI6InJmYXliaHJhcnBuajItQVBMIiwidyI6W3siZm4iOiJlbnZmcXFlMWF5NGsxLUFQTCIsInMiOiIxNiIsImEiOiIwIiwicCI6IjEwLC0xMCJ9XX0.PfCR2dkPsdZKc1FZYBGFDW6T3sTmCVstqNxKWVeJxng/image;s=2048x1536;q=80",,,,,
68389844,mieszkanie,>> ŚWIETNA LOKALIZACJA << 3 POK. Z PROMOCYJNEJ PULI | ZOBACZ NA ŻYWO,74.55,3,2,771726,10352,,Winogrady,Poznań,,52.43596,16.9449,,,,https://www.otodom.pl/pl/oferta/swietna-lokalizacja-3-pok-z-promocyjnej-puli-zobacz-na-zywo-ID4CXk0,"https://ireland.apollo.olxcdn.com/v1/files/eyJhbGciOiJIUzI1NiIsInR5cCI6IkpXVCJ9.eyJmbiI6IjFhMDhpdzE5bGxvOC1BUEwiLCJ3IjpbeyJmbiI6ImVudmZxcWUxYXk0azEtQVBMIiwicyI6IjE2IiwiYSI6IjAiLCJwIjoiMTAsLTEwIn1dfQ.FqAnrwZ4nxuC4jQhHzChxvIPzLPEEwzu9GU7XDcDuo4/image;s=2048x1536;q=80,https://ireland.apollo.olxcdn.com/v1/files/eyJhbGciOiJIUzI1NiIsInR5cCI6IkpXVCJ9.eyJmbiI6InhndHV2c2s4dDJ3ZzMtQVBMIiwidyI6W3siZm4iOiJlbnZmcXFlMWF5NGsxLUFQTCIsInMiOiIxNiIsImEiOiIwIiwicCI6IjEwLC0xMCJ9XX0.pVqVW212WyXD2dbHj7WWGghf97Kqz2FukFQ7brv0-dI/image;s=2048x1536;q=80,https://ireland.apollo.olxcdn.com/v1/files/eyJhbGciOiJIUzI1NiIsInR5cCI6IkpXVCJ9.eyJmbiI6IjlpMTJ2MHplNTc1Yy1BUEwiLCJ3IjpbeyJmbiI6ImVudmZxcWUxYXk0azEtQVBMIiwicyI6IjE2IiwiYSI6IjAiLCJwIjoiMTAsLTEwIn1dfQ.hSkJO727QPIdP0ctCjr_ZMLL8Zc9_N2cQu73oifZyvw/image;s=2048x1536;q=80",,,,,
67445461,mieszkanie,3-pokojowe mieszkanie 73m2 + balkon Bezpośrednio,73.23,3,2,774000,10569,ul. Strzeszyńska,Podolany,,Strzeszyńska 77,52.44888,16.89124,,,,https://www.otodom.pl/pl/oferta/3-pokojowe-mieszkanie-73m2-balkon-bezposrednio-ID4yZE1,"https://ireland.apollo.olxcdn.com/v1/files/eyJhbGciOiJIUzI1NiIsInR5cCI6IkpXVCJ9.eyJmbiI6ImtuMmJ3amV6b3ZkYTItRUNPU1lTVEVNIiwidyI6W3siZm4iOiJlbnZmcXFlMWF5NGsxLUFQTCIsInMiOiIxNiIsImEiOiIwIiwicCI6IjEwLC0xMCJ9XX0.fEHQMCXWNNf1V6jiY6YB9uTsZUSdVbCJSchc0QdrJ0c/image;s=2048x1536;q=80,https://ireland.apollo.olxcdn.com/v1/files/eyJhbGciOiJIUzI1NiIsInR5cCI6IkpXVCJ9.eyJmbiI6IjRwc2RxN3g5YzRmbTItRUNPU1lTVEVNIiwidyI6W3siZm4iOiJlbnZmcXFlMWF5NGsxLUFQTCIsInMiOiIxNiIsImEiOiIwIiwicCI6IjEwLC0xMCJ9XX0.BjNfCX9-CF0V4BHadF8QwjLG4GRdDcljTx930WXbSXM/image;s=2048x1536;q=80,https://ireland.apollo.olxcdn.com/v1/files/eyJhbGciOiJIUzI1NiIsInR5cCI6IkpXVCJ9.eyJmbiI6ImFoZHp3YzR1MmI4ei1FQ09TWVNURU0iLCJ3IjpbeyJmbiI6ImVudmZxcWUxYXk0azEtQVBMIiwicyI6IjE2IiwiYSI6IjAiLCJwIjoiMTAsLTEwIn1dfQ.YttVtvGt2u4LGIVk41OCu9TK-vcgbxlz0HREAONnRmE/image;s=2048x1536;q=80",,,,,
67445452,mieszkanie,3-pokojowe mieszkanie 73m2 + taras Bez Prowizji,73,3,1,774100,10604,ul. Strzeszyńska,Podolany,Poznań,Strzeszyńska 77,52.463878,16.865114,,,,https://www.otodom.pl/pl/oferta/3-pokojowe-mieszkanie-73m2-taras-bez-prowizji-ID4yZDS,"https://ireland.apollo.olxcdn.com/v1/files/eyJhbGciOiJIUzI1NiIsInR5cCI6IkpXVCJ9.eyJmbiI6InhzYTdsa3RkZHRtYjMtRUNPU1lTVEVNIiwidyI6W3siZm4iOiJlbnZmcXFlMWF5NGsxLUFQTCIsInMiOiIxNiIsImEiOiIwIiwicCI6IjEwLC0xMCJ9XX0.gmv_9DnkwVfNEqsVXjkXDjhr9fVhv7E3XB6zxtoUPyM/image;s=2048x1536;q=80,https://ireland.apollo.olxcdn.com/v1/files/eyJhbGciOiJIUzI1NiIsInR5cCI6IkpXVCJ9.eyJmbiI6IjJxYzM4ajVubDhmdDMtRUNPU1lTVEVNIiwidyI6W3siZm4iOiJlbnZmcXFlMWF5NGsxLUFQTCIsInMiOiIxNiIsImEiOiIwIiwicCI6IjEwLC0xMCJ9XX0.wPHxE6uCDj4JrvyUJHD8wcFKO2oLXhz6fHJktRyvwXQ/image;s=2048x1536;q=80,https://ireland.apollo.olxcdn.com/v1/files/eyJhbGciOiJIUzI1NiIsInR5cCI6IkpXVCJ9.eyJmbiI6IndoNTBiYnZrN3EwdzMtRUNPU1lTVEVNIiwidyI6W3siZm4iOiJlbnZmcXFlMWF5NGsxLUFQTCIsInMiOiIxNiIsImEiOiIwIiwicCI6IjEwLC0xMCJ9XX0.u4lDa3_vkJ3Ps6K-irBi-1btfzPb710bcEgzFZ2ozHY/image;s=2048x1536;q=80",,,,,
68063346,dom,Działka 500m2. Nowa niższa cena do 30.10.2026r.,110,5,,775000,7045,,Karolewo,Tarnowo Podgórne,,52.473916,16.700384,,,,https://www.otodom.pl/pl/oferta/dzialka-500m2-nowa-nizsza-cena-do-30-10-2026r-ID4BAnU,"https://ireland.apollo.olxcdn.com/v1/files/eyJhbGciOiJIUzI1NiIsInR5cCI6IkpXVCJ9.eyJmbiI6Img3dGk5YndjNGNyMDItQVBMIiwidyI6W3siZm4iOiJlbnZmcXFlMWF5NGsxLUFQTCIsInMiOiIxNiIsImEiOiIwIiwicCI6IjEwLC0xMCJ9XX0.EHeKeQHVm2M02oRlhGzQr71uRogPhiOqbNYSjYd5-nE/image;s=2048x1536;q=80,https://ireland.apollo.olxcdn.com/v1/files/eyJhbGciOiJIUzI1NiIsInR5cCI6IkpXVCJ9.eyJmbiI6IjN3YmFjeDlydjU3Zy1BUEwiLCJ3IjpbeyJmbiI6ImVudmZxcWUxYXk0azEtQVBMIiwicyI6IjE2IiwiYSI6IjAiLCJwIjoiMTAsLTEwIn1dfQ.MZWKFoOmyPEFgH7FGtRyPwiAlqKvSZb3U8DbW8wiVDc/image;s=2048x1536;q=80,https://ireland.apollo.olxcdn.com/v1/files/eyJhbGciOiJIUzI1NiIsInR5cCI6IkpXVCJ9.eyJmbiI6Imp5N3E5dnoxcWdvODEtQVBMIiwidyI6W3siZm4iOiJlbnZmcXFlMWF5NGsxLUFQTCIsInMiOiIxNiIsImEiOiIwIiwicCI6IjEwLC0xMCJ9XX0.5xIpc9eDaE91n9gw9KYItHXd_GG7hRehPQoYlzCPCVk/image;s=2048x1536;q=80",,,,,
68233042,dom,Dom z ogrodem |Pompa ciepła| 2 miejsca postojowe,98.84,5,,779358.24,7885,,Zielone Wzgórza,Murowana Goślina,,52.566978,16.99676,,,,https://www.otodom.pl/pl/oferta/dom-z-ogrodem-pompa-ciepla-2-miejsca-postojowe-ID4CivV,"https://ireland.apollo.olxcdn.com/v1/files/eyJhbGciOiJIUzI1NiIsInR5cCI6IkpXVCJ9.eyJmbiI6ImtsZHN3MGdvdzNuMDItQVBMIiwidyI6W3siZm4iOiJlbnZmcXFlMWF5NGsxLUFQTCIsInMiOiIxNiIsImEiOiIwIiwicCI6IjEwLC0xMCJ9XX0.RSvDnluMbNUyBcykvkNEF5YtvWglx9tabuBGXfoeuoQ/image;s=2048x1536;q=80,https://ireland.apollo.olxcdn.com/v1/files/eyJhbGciOiJIUzI1NiIsInR5cCI6IkpXVCJ9.eyJmbiI6Ijlhcm15dGIwajVzZjMtQVBMIiwidyI6W3siZm4iOiJlbnZmcXFlMWF5NGsxLUFQTCIsInMiOiIxNiIsImEiOiIwIiwicCI6IjEwLC0xMCJ9XX0.dOS1X1dyXuzR2XqMNRSH1COiWtSpN2LKedUj8hXPut4/image;s=2048x1536;q=80,https://ireland.apollo.olxcdn.com/v1/files/eyJhbGciOiJIUzI1NiIsInR5cCI6IkpXVCJ9.eyJmbiI6Im54bmMzODJvYmtvajMtQVBMIiwidyI6W3siZm4iOiJlbnZmcXFlMWF5NGsxLUFQTCIsInMiOiIxNiIsImEiOiIwIiwicCI6IjEwLC0xMCJ9XX0.AJRhWWNE77rXYJZfo9t-lI5rmvnS0viblNd-he6_sfM/image;s=2048x1536;q=80",,,,,
68455496,dom,"Dom bliźniak w standardzie PREMIUM: garaż na 2 auta, duży ogród",135,5,,780000,5778,,Lusówko,Lusówko,,52.42574,16.65648,,,,https://www.otodom.pl/pl/oferta/dom-blizniak-w-standardzie-premium-garaz-na-2-auta-duzy-ogrod-ID4DeoU,"https://ireland.apollo.olxcdn.com/v1/files/eyJhbGciOiJIUzI1NiIsInR5cCI6IkpXVCJ9.eyJmbiI6ImxpemJta3lyaDBueDEtQVBMIiwidyI6W3siZm4iOiJlbnZmcXFlMWF5NGsxLUFQTCIsInMiOiIxNiIsImEiOiIwIiwicCI6IjEwLC0xMCJ9XX0.DJIBLwr8xZEClQ03cQAOWo5Nr5IJUMvldwYMsymQxzs/image;s=2048x1536;q=80,https://ireland.apollo.olxcdn.com/v1/files/eyJhbGciOiJIUzI1NiIsInR5cCI6IkpXVCJ9.eyJmbiI6IjQwMTIyZ2Z5ODFiaDMtQVBMIiwidyI6W3siZm4iOiJlbnZmcXFlMWF5NGsxLUFQTCIsInMiOiIxNiIsImEiOiIwIiwicCI6IjEwLC0xMCJ9XX0.1FOp7Afh8252aUWAuFK5xYlUAxTq_ypWu-WY3IaCGb8/image;s=2048x1536;q=80,https://ireland.apollo.olxcdn.com/v1/files/eyJhbGciOiJIUzI1NiIsInR5cCI6IkpXVCJ9.eyJmbiI6ImZwZTR0a3gweHR3ZzEtQVBMIiwidyI6W3siZm4iOiJlbnZmcXFlMWF5NGsxLUFQTCIsInMiOiIxNiIsImEiOiIwIiwicCI6IjEwLC0xMCJ9XX0.wr3OyDjzU0djOSPi6YmcFK5wfR-xgQJTNOoqq5ZRUEo/image;s=2048x1536;q=80",,,,,
68437952,dom,"Dom bliźniak w standardzie PREMIUM: garaż na 2 auta, duży ogród",135,5,,780000,5778,,Tarnowo Podgórne,,,52.44947,16.67143,,,,https://www.otodom.pl/pl/oferta/dom-blizniak-w-standardzie-premium-garaz-na-2-auta-duzy-ogrod-ID4D9PV,"https://ireland.apollo.olxcdn.com/v1/files/eyJhbGciOiJIUzI1NiIsInR5cCI6IkpXVCJ9.eyJmbiI6IndtbGYyM2RqY3V3YTMtQVBMIiwidyI6W3siZm4iOiJlbnZmcXFlMWF5NGsxLUFQTCIsInMiOiIxNiIsImEiOiIwIiwicCI6IjEwLC0xMCJ9XX0.uUCrqqHoK-wI5LWGW-v6JP_u5cjAx8vJp3r9Qh0HoCs/image;s=2048x1536;q=80,https://ireland.apollo.olxcdn.com/v1/files/eyJhbGciOiJIUzI1NiIsInR5cCI6IkpXVCJ9.eyJmbiI6IjBhYXg5ajQ5bmpvaTEtQVBMIiwidyI6W3siZm4iOiJlbnZmcXFlMWF5NGsxLUFQTCIsInMiOiIxNiIsImEiOiIwIiwicCI6IjEwLC0xMCJ9XX0.ylruX2ex2Nkd_xS-gY5yXdpWFcvocO1cVdxoGqMfvcw/image;s=2048x1536;q=80,https://ireland.apollo.olxcdn.com/v1/files/eyJhbGciOiJIUzI1NiIsInR5cCI6IkpXVCJ9.eyJmbiI6ImR5N3MxOXY3MmczbTEtQVBMIiwidyI6W3siZm4iOiJlbnZmcXFlMWF5NGsxLUFQTCIsInMiOiIxNiIsImEiOiIwIiwicCI6IjEwLC0xMCJ9XX0.9xBFqdx2mHLwjMvxjuFWC_Xlh8eMyTlm99PVF2WN-JE/image;s=2048x1536;q=80",,,,,
68437930,dom,"Dom bliźniak w standardzie PREMIUM: garaż na 2 auta, duży ogród",135,5,,780000,5778,,Niepruszewo,,,52.38035,16.60985,,,,https://www.otodom.pl/pl/oferta/dom-blizniak-w-standardzie-premium-garaz-na-2-auta-duzy-ogrod-ID4D9PA,"https://ireland.apollo.olxcdn.com/v1/files/eyJhbGciOiJIUzI1NiIsInR5cCI6IkpXVCJ9.eyJmbiI6IjlmZGhscDB1cXdydTEtQVBMIiwidyI6W3siZm4iOiJlbnZmcXFlMWF5NGsxLUFQTCIsInMiOiIxNiIsImEiOiIwIiwicCI6IjEwLC0xMCJ9XX0.RdgnpVWedSKkGHH7Wl5ZztIxF9vbBzPxIdZUU5HG_Ys/image;s=2048x1536;q=80,https://ireland.apollo.olxcdn.com/v1/files/eyJhbGciOiJIUzI1NiIsInR5cCI6IkpXVCJ9.eyJmbiI6ImRmMXdnM3M2dHdpYTEtQVBMIiwidyI6W3siZm4iOiJlbnZmcXFlMWF5NGsxLUFQTCIsInMiOiIxNiIsImEiOiIwIiwicCI6IjEwLC0xMCJ9XX0.8IyITdVtk22lr4-2hswtRXUsYoCB3A7DH8bxE4Yw0h0/image;s=2048x1536;q=80,https://ireland.apollo.olxcdn.com/v1/files/eyJhbGciOiJIUzI1NiIsInR5cCI6IkpXVCJ9.eyJmbiI6Ijd6b2k1cTEwdjlpODEtQVBMIiwidyI6W3siZm4iOiJlbnZmcXFlMWF5NGsxLUFQTCIsInMiOiIxNiIsImEiOiIwIiwicCI6IjEwLC0xMCJ9XX0.mkiRHPHVyZDmT7KHmmPPI5luF62wYq5z8efn9fCkWrw/image;s=2048x1536;q=80",,,,,
68256172,dom,Segment szeregowca z ogrodem w lesie - REZERWACJA,93,4,,780000,8387,ul. Szarotkowa,Miękowo,,,52.48789,16.9878,,,,https://www.otodom.pl/pl/oferta/segment-szeregowca-z-ogrodem-w-lesie-rezerwacja-ID4Coy0,"https://ireland.apollo.olxcdn.com/v1/files/eyJhbGciOiJIUzI1NiIsInR5cCI6IkpXVCJ9.eyJmbiI6ImluNmZyNThnN2xmazEtQVBMIiwidyI6W3siZm4iOiJlbnZmcXFlMWF5NGsxLUFQTCIsInMiOiIxNiIsImEiOiIwIiwicCI6IjEwLC0xMCJ9XX0.q-JzzH8MQLT4737F7WDPm6oC79O2hREdNXi24ZBws9c/image;s=2048x1536;q=80,https://ireland.apollo.olxcdn.com/v1/files/eyJhbGciOiJIUzI1NiIsInR5cCI6IkpXVCJ9.eyJmbiI6Img1aXphaG1jZjY2ZDMtQVBMIiwidyI6W3siZm4iOiJlbnZmcXFlMWF5NGsxLUFQTCIsInMiOiIxNiIsImEiOiIwIiwicCI6IjEwLC0xMCJ9XX0.m06b_dTfu4WaSHNvBKpkJSRd4FB9EXKfkZzkaoXI6Sk/image;s=2048x1536;q=80,https://ireland.apollo.olxcdn.com/v1/files/eyJhbGciOiJIUzI1NiIsInR5cCI6IkpXVCJ9.eyJmbiI6InlhZWU3ZDQzNXNsbjMtQVBMIiwidyI6W3siZm4iOiJlbnZmcXFlMWF5NGsxLUFQTCIsInMiOiIxNiIsImEiOiIwIiwicCI6IjEwLC0xMCJ9XX0.1jtl3ir2A5ceKFhvNpKv2T-0Tx8hfZmukqwvc_ynl38/image;s=2048x1536;q=80",,,,,
66857797,dom,dom na sprzedaż Krosno/Mosina - duży ogród - pełne media,112.31,4,,786000,6998,,Mosina,Mosina,,52.24321,16.85196,,,,https://www.otodom.pl/pl/oferta/dom-na-sprzedaz-krosno-mosina-duzy-ogrod-pelne-media-ID4vvLz,"https://ireland.apollo.olxcdn.com/v1/files/eyJhbGciOiJIUzI1NiIsInR5cCI6IkpXVCJ9.eyJmbiI6Imw3dmNjeTB0aXNmMTEtQVBMIiwidyI6W3siZm4iOiJlbnZmcXFlMWF5NGsxLUFQTCIsInMiOiIxNiIsImEiOiIwIiwicCI6IjEwLC0xMCJ9XX0.ASJ3QKnTiMcORxcxh6Fw7WBG5WlvEYElNTj-JdQbsgM/image;s=2048x1536;q=80,https://ireland.apollo.olxcdn.com/v1/files/eyJhbGciOiJIUzI1NiIsInR5cCI6IkpXVCJ9.eyJmbiI6IjQ3ZDFwYXA4Y3I1OS1BUEwiLCJ3IjpbeyJmbiI6ImVudmZxcWUxYXk0azEtQVBMIiwicyI6IjE2IiwiYSI6IjAiLCJwIjoiMTAsLTEwIn1dfQ.Qlf2qessazwg3zhOt9CGLmeo29Q9KC-K7tckURnyjdI/image;s=2048x1536;q=80,https://ireland.apollo.olxcdn.com/v1/files/eyJhbGciOiJIUzI1NiIsInR5cCI6IkpXVCJ9.eyJmbiI6IjVuMXB5aGhxeG51cDMtQVBMIiwidyI6W3siZm4iOiJlbnZmcXFlMWF5NGsxLUFQTCIsInMiOiIxNiIsImEiOiIwIiwicCI6IjEwLC0xMCJ9XX0.nGcFY7GvSH__6zQFrKIyn69VaMHtJzfRSn83d3qM5SA/image;s=2048x1536;q=80",,,,,
68436694,dom,Dom parterowy-w końcu wszystko na jednym poziomie,128,4,,788000,6156,Bartnicza,Biskupice,,,52.46143,17.17991,,,,https://www.otodom.pl/pl/oferta/dom-parterowy-w-koncu-wszystko-na-jednym-poziomie-ID4D9wE,"https://ireland.apollo.olxcdn.com/v1/files/eyJhbGciOiJIUzI1NiIsInR5cCI6IkpXVCJ9.eyJmbiI6InpjY2dibHB1ajlndS1FQ09TWVNURU0iLCJ3IjpbeyJmbiI6ImVudmZxcWUxYXk0azEtQVBMIiwicyI6IjE2IiwiYSI6IjAiLCJwIjoiMTAsLTEwIn1dfQ.VtHBZUaJ4JuJjd1q91IdtqGo-LM6Zxs3bcb9KTepweA/image;s=2048x1536;q=80,https://ireland.apollo.olxcdn.com/v1/files/eyJhbGciOiJIUzI1NiIsInR5cCI6IkpXVCJ9.eyJmbiI6InZ1N2U3cWRlbmxzMS1FQ09TWVNURU0iLCJ3IjpbeyJmbiI6ImVudmZxcWUxYXk0azEtQVBMIiwicyI6IjE2IiwiYSI6IjAiLCJwIjoiMTAsLTEwIn1dfQ.iZUXSWuKQ2-XndlNMe1JKGrzpOtdqYFiXa9VPOL6ZKc/image;s=2048x1536;q=80,https://ireland.apollo.olxcdn.com/v1/files/eyJhbGciOiJIUzI1NiIsInR5cCI6IkpXVCJ9.eyJmbiI6IjN4MXl4YzQyZTd6ZDMtRUNPU1lTVEVNIiwidyI6W3siZm4iOiJlbnZmcXFlMWF5NGsxLUFQTCIsInMiOiIxNiIsImEiOiIwIiwicCI6IjEwLC0xMCJ9XX0.AFA-jLjWju0fDpIhRdvbgtC2QsZwomriOlYcAaNyetk/image;s=2048x1536;q=80",,,,,
68436693,dom,"Dom parterowy,w końcu wszystko na jednym poziomie",128.4,4,,788000,6137,Bartnicza,Biskupice,,,52.46143,17.17991,,,,https://www.otodom.pl/pl/oferta/dom-parterowy-w-koncu-wszystko-na-jednym-poziomie-ID4D9wD,"https://ireland.apollo.olxcdn.com/v1/files/eyJhbGciOiJIUzI1NiIsInR5cCI6IkpXVCJ9.eyJmbiI6InV5Z21neWFvZXNqOTEtRUNPU1lTVEVNIiwidyI6W3siZm4iOiJlbnZmcXFlMWF5NGsxLUFQTCIsInMiOiIxNiIsImEiOiIwIiwicCI6IjEwLC0xMCJ9XX0.XPL4WD5ujnQaCxKGffqga5LQ_TGskUBt2RieO-mLmRo/image;s=2048x1536;q=80,https://ireland.apollo.olxcdn.com/v1/files/eyJhbGciOiJIUzI1NiIsInR5cCI6IkpXVCJ9.eyJmbiI6IjE4eGY0aHlkbWNkeTEtRUNPU1lTVEVNIiwidyI6W3siZm4iOiJlbnZmcXFlMWF5NGsxLUFQTCIsInMiOiIxNiIsImEiOiIwIiwicCI6IjEwLC0xMCJ9XX0.-fU0M8GcBJbpz_psbC9r9LsrSTG5AZxGLZRoPTQyLaQ/image;s=2048x1536;q=80,https://ireland.apollo.olxcdn.com/v1/files/eyJhbGciOiJIUzI1NiIsInR5cCI6IkpXVCJ9.eyJmbiI6InJzYnkzYWg3Y3dwci1FQ09TWVNURU0iLCJ3IjpbeyJmbiI6ImVudmZxcWUxYXk0azEtQVBMIiwicyI6IjE2IiwiYSI6IjAiLCJwIjoiMTAsLTEwIn1dfQ.X8lWM8cvHnajt90LDKQMHPxRJvyIOsLYmyQcwMQXaPE/image;s=2048x1536;q=80",,,,,
67124717,dom,Dom z zabudowie szeregowej,96.72,6,,788100,8148,ul. Rzymska,Tarnowo Podgórne,,Osiedle Nowe Tarnowo (domy),52.47544,16.66278,,,,https://www.otodom.pl/pl/oferta/dom-z-zabudowie-szeregowej-ID4xEcJ,"https://ireland.apollo.olxcdn.com/v1/files/eyJhbGciOiJIUzI1NiIsInR5cCI6IkpXVCJ9.eyJmbiI6InJrbDlobm9iMnQwcTEtRUNPU1lTVEVNIiwidyI6W3siZm4iOiJlbnZmcXFlMWF5NGsxLUFQTCIsInMiOiIxNiIsImEiOiIwIiwicCI6IjEwLC0xMCJ9XX0.ZqaRSKRIEQ05f6UH0gsmg_YCLEChOkWyh3g2aRFcy5A/image;s=2048x1536;q=80,https://ireland.apollo.olxcdn.com/v1/files/eyJhbGciOiJIUzI1NiIsInR5cCI6IkpXVCJ9.eyJmbiI6IjBnZTYxZmZlazM3MDEtRUNPU1lTVEVNIiwidyI6W3siZm4iOiJlbnZmcXFlMWF5NGsxLUFQTCIsInMiOiIxNiIsImEiOiIwIiwicCI6IjEwLC0xMCJ9XX0.p2yLjl-ju4YFd7K7B_l8YRUbt8iQjYaCUiHhHoWdQv8/image;s=2048x1536;q=80,https://ireland.apollo.olxcdn.com/v1/files/eyJhbGciOiJIUzI1NiIsInR5cCI6IkpXVCJ9.eyJmbiI6IjZjaWw2MG81MWR0NzItRUNPU1lTVEVNIiwidyI6W3siZm4iOiJlbnZmcXFlMWF5NGsxLUFQTCIsInMiOiIxNiIsImEiOiIwIiwicCI6IjEwLC0xMCJ9XX0.hxk7WqIIsQ5Oj0rS6ITcS-9PKLMOJmkuBEj1oeWjiIQ/image;s=2048x1536;q=80",,,,,
67508127,dom,Nowoczesny Dom Dwulokalowy w Poznaniu,88.79,4,,789000,8886,ul. Krzyżówki,Zieliniec,Poznań,,52.42479,17.06672,,,,https://www.otodom.pl/pl/oferta/nowoczesny-dom-dwulokalowy-w-poznaniu-ID4zfVL,"https://ireland.apollo.olxcdn.com/v1/files/eyJhbGciOiJIUzI1NiIsInR5cCI6IkpXVCJ9.eyJmbiI6InpmMHR6cHF0NWUxNy1BUEwiLCJ3IjpbeyJmbiI6ImVudmZxcWUxYXk0azEtQVBMIiwicyI6IjE2IiwiYSI6IjAiLCJwIjoiMTAsLTEwIn1dfQ.HGPhfE7H9IrSVpD6mpG-S23itASYQ89rI-_GCl41Aic/image;s=2048x1536;q=80,https://ireland.apollo.olxcdn.com/v1/files/eyJhbGciOiJIUzI1NiIsInR5cCI6IkpXVCJ9.eyJmbiI6IjdvamNybWFmd3ZrZi1BUEwiLCJ3IjpbeyJmbiI6ImVudmZxcWUxYXk0azEtQVBMIiwicyI6IjE2IiwiYSI6IjAiLCJwIjoiMTAsLTEwIn1dfQ.CeC-XoboteTrfBtVyb7z-j87e_r8dg2iDcfImG88rZ4/image;s=2048x1536;q=80,https://ireland.apollo.olxcdn.com/v1/files/eyJhbGciOiJIUzI1NiIsInR5cCI6IkpXVCJ9.eyJmbiI6ImlkanpqbTFod213ZzEtQVBMIiwidyI6W3siZm4iOiJlbnZmcXFlMWF5NGsxLUFQTCIsInMiOiIxNiIsImEiOiIwIiwicCI6IjEwLC0xMCJ9XX0.xeyjOj_h2G3lnMrSsR1F63InNvrlZ46rX26nCdHudec/image;s=2048x1536;q=80",,,,,
64976801,dom,"Przestronny dom 6-pok, ogród, garaż, fotowoltaika!",128.6,6,,789000,6135,,Szczytniki,Szczytniki,,52.3101,16.9974,,,,https://www.otodom.pl/pl/oferta/przestronny-dom-6-pok-ogrod-garaz-fotowoltaika-ID4oDqW,"https://ireland.apollo.olxcdn.com/v1/files/eyJhbGciOiJIUzI1NiIsInR5cCI6IkpXVCJ9.eyJmbiI6Ijlpc3Nsbms2dGg0YjItQVBMIiwidyI6W3siZm4iOiJlbnZmcXFlMWF5NGsxLUFQTCIsInMiOiIxNiIsImEiOiIwIiwicCI6IjEwLC0xMCJ9XX0.el7qt8UDWjxnChxZDpX2xxq6adgsF1FqJ7TtNKtf2hk/image;s=2048x1536;q=80,https://ireland.apollo.olxcdn.com/v1/files/eyJhbGciOiJIUzI1NiIsInR5cCI6IkpXVCJ9.eyJmbiI6IjJyajlvOGhxeXN2NDItQVBMIiwidyI6W3siZm4iOiJlbnZmcXFlMWF5NGsxLUFQTCIsInMiOiIxNiIsImEiOiIwIiwicCI6IjEwLC0xMCJ9XX0.ftVZZy9rVgb9AzyiDAGnjXnKXcxkt3WAoFEbCQtWnv4/image;s=2048x1536;q=80,https://ireland.apollo.olxcdn.com/v1/files/eyJhbGciOiJIUzI1NiIsInR5cCI6IkpXVCJ9.eyJmbiI6InR0a2o5am4wdXczdzEtQVBMIiwidyI6W3siZm4iOiJlbnZmcXFlMWF5NGsxLUFQTCIsInMiOiIxNiIsImEiOiIwIiwicCI6IjEwLC0xMCJ9XX0.DS3JkoWQHhWA5_Fu1k8qO21BDvxnWe-PJQi61Fzgf-I/image;s=2048x1536;q=80",,,,,
68309290,dom,"Ostatni dostępny lokal PARTEROWY 112,9 m2 Działka 417,9 m2 KOBYLNIKI",112.9,4,,789000,6988,ul. Urocza,Kobylniki,,,52.47427,16.74805,,,,https://www.otodom.pl/pl/oferta/ostatni-dostepny-lokal-parterowy-112-9-m2-dzialka-417-9-m2-kobylniki-ID4CCmK,"https://ireland.apollo.olxcdn.com/v1/files/eyJhbGciOiJIUzI1NiIsInR5cCI6IkpXVCJ9.eyJmbiI6Im4zdTFveTU4aDI1ajItQVBMIiwidyI6W3siZm4iOiJlbnZmcXFlMWF5NGsxLUFQTCIsInMiOiIxNiIsImEiOiIwIiwicCI6IjEwLC0xMCJ9XX0.GFIu8FG2jNWGwpLiIocDfcCIEmq3fQs_B0uiUJ18ljw/image;s=2048x1536;q=80,https://ireland.apollo.olxcdn.com/v1/files/eyJhbGciOiJIUzI1NiIsInR5cCI6IkpXVCJ9.eyJmbiI6ImtjcXBoMzBrdW9oODMtQVBMIiwidyI6W3siZm4iOiJlbnZmcXFlMWF5NGsxLUFQTCIsInMiOiIxNiIsImEiOiIwIiwicCI6IjEwLC0xMCJ9XX0.c67xczU_37_ZJPWAY1OECoXovsaNrGMWdtlIdxp3zYo/image;s=2048x1536;q=80,https://ireland.apollo.olxcdn.com/v1/files/eyJhbGciOiJIUzI1NiIsInR5cCI6IkpXVCJ9.eyJmbiI6IjhkeThhOWhqOGJ6YjMtQVBMIiwidyI6W3siZm4iOiJlbnZmcXFlMWF5NGsxLUFQTCIsInMiOiIxNiIsImEiOiIwIiwicCI6IjEwLC0xMCJ9XX0.QbFzwYCwMHfEy2o9jlM48FuGFQECR0-NyPxgSDGlcSE/image;s=2048x1536;q=80",,,,,
68469408,dom,Dzień Otwarty Inwestycji  3.10 g. 14-17,106.49,6,,789000,7409,,Napachanie,Rokietnica,,52.4922,16.73335,,,,https://www.otodom.pl/pl/oferta/dzien-otwarty-inwestycji-3-10-g-14-17-ID4Di1i,"https://ireland.apollo.olxcdn.com/v1/files/eyJhbGciOiJIUzI1NiIsInR5cCI6IkpXVCJ9.eyJmbiI6Imt5Z2xjYWJnYzN6bTEtRUNPU1lTVEVNIiwidyI6W3siZm4iOiJlbnZmcXFlMWF5NGsxLUFQTCIsInMiOiIxNiIsImEiOiIwIiwicCI6IjEwLC0xMCJ9XX0.UTSw7FCjcV6kCaxM2wMJDtgMN1clPavEz0aABP3YrLo/image;s=2048x1536;q=80,https://ireland.apollo.olxcdn.com/v1/files/eyJhbGciOiJIUzI1NiIsInR5cCI6IkpXVCJ9.eyJmbiI6ImI4bzU2emlzbG12aC1FQ09TWVNURU0iLCJ3IjpbeyJmbiI6ImVudmZxcWUxYXk0azEtQVBMIiwicyI6IjE2IiwiYSI6IjAiLCJwIjoiMTAsLTEwIn1dfQ.C1mFx2WYme1DsjQAe-LhqRbWlAYv4KfYfkeSnWnW6r0/image;s=2048x1536;q=80,https://ireland.apollo.olxcdn.com/v1/files/eyJhbGciOiJIUzI1NiIsInR5cCI6IkpXVCJ9.eyJmbiI6ImZsaWhqYWtzeXA0djMtRUNPU1lTVEVNIiwidyI6W3siZm4iOiJlbnZmcXFlMWF5NGsxLUFQTCIsInMiOiIxNiIsImEiOiIwIiwicCI6IjEwLC0xMCJ9XX0.AuqDgSbkhzVH5xNg6KvZO66NpRyFn0JvdJs4ZslgY1M/image;s=2048x1536;q=80",,,,,
68422764,dom,Dzień Otwarty 3.10 Dom W Zabudowie Bliźniaczej,102.26,6,,789000,7716,Teatralna,Napachanie,Napachanie,,52.485086,16.727616,,,,https://www.otodom.pl/pl/oferta/dzien-otwarty-3-10-dom-w-zabudowie-blizniaczej-ID4D5SY,"https://ireland.apollo.olxcdn.com/v1/files/eyJhbGciOiJIUzI1NiIsInR5cCI6IkpXVCJ9.eyJmbiI6IjhtamhqcjY0MDkydTMtRUNPU1lTVEVNIiwidyI6W3siZm4iOiJlbnZmcXFlMWF5NGsxLUFQTCIsInMiOiIxNiIsImEiOiIwIiwicCI6IjEwLC0xMCJ9XX0.kQTC-FLs6OB5af_L8XyY-sOpnpMZljaPNsOtpn7rrjU/image;s=2048x1536;q=80,https://ireland.apollo.olxcdn.com/v1/files/eyJhbGciOiJIUzI1NiIsInR5cCI6IkpXVCJ9.eyJmbiI6Imh3d3FzcndobmFxbS1FQ09TWVNURU0iLCJ3IjpbeyJmbiI6ImVudmZxcWUxYXk0azEtQVBMIiwicyI6IjE2IiwiYSI6IjAiLCJwIjoiMTAsLTEwIn1dfQ.xg_LI2viwnI40RmneZyUNDVQ1BQNU1oYGEaziRi2Onc/image;s=2048x1536;q=80,https://ireland.apollo.olxcdn.com/v1/files/eyJhbGciOiJIUzI1NiIsInR5cCI6IkpXVCJ9.eyJmbiI6IjNveG1ncm1wZWVheC1FQ09TWVNURU0iLCJ3IjpbeyJmbiI6ImVudmZxcWUxYXk0azEtQVBMIiwicyI6IjE2IiwiYSI6IjAiLCJwIjoiMTAsLTEwIn1dfQ.lj6G2KOzUwNvFHADjoGQfmuR_gn4CKC2chPVItIaOmk/image;s=2048x1536;q=80",,,,,
68391869,dom,✅Dąbrowa/Na Granicy Ze Skórzewem✅,105.97,5,,789000,7446,Solna,Skórzewo,Dąbrowa,,52.39566,16.76119,,,,https://www.otodom.pl/pl/oferta/dabrowa-na-granicy-ze-skorzewem-ID4CXQF,"https://ireland.apollo.olxcdn.com/v1/files/eyJhbGciOiJIUzI1NiIsInR5cCI6IkpXVCJ9.eyJmbiI6InF3NzVxb3RzdmFvcS1FQ09TWVNURU0iLCJ3IjpbeyJmbiI6ImVudmZxcWUxYXk0azEtQVBMIiwicyI6IjE2IiwiYSI6IjAiLCJwIjoiMTAsLTEwIn1dfQ.vV22NIEBkyoTF96Ik9mwoi46QcuQMA4uu85faLuhpkE/image;s=2048x1536;q=80,https://ireland.apollo.olxcdn.com/v1/files/eyJhbGciOiJIUzI1NiIsInR5cCI6IkpXVCJ9.eyJmbiI6InhpanE2MDRveXp0MjMtRUNPU1lTVEVNIiwidyI6W3siZm4iOiJlbnZmcXFlMWF5NGsxLUFQTCIsInMiOiIxNiIsImEiOiIwIiwicCI6IjEwLC0xMCJ9XX0.p96qrYPuyRa4yNpt2c6pXmZq_Lt0__0-N1NJmj33Sso/image;s=2048x1536;q=80,https://ireland.apollo.olxcdn.com/v1/files/eyJhbGciOiJIUzI1NiIsInR5cCI6IkpXVCJ9.eyJmbiI6IjZpd2x4ZnJkeHFvaDMtRUNPU1lTVEVNIiwidyI6W3siZm4iOiJlbnZmcXFlMWF5NGsxLUFQTCIsInMiOiIxNiIsImEiOiIwIiwicCI6IjEwLC0xMCJ9XX0.CaKmab3aDbhsyn4oaLSDTYZMVNagC8txyscch1FoqhI/image;s=2048x1536;q=80",,,,,
68390995,dom,✅ Iii Etap Osiedla W Budowie / Dachowa  ✅,104.39,5,,789000,7558,,Robakowo,,,52.30352,17.07031,,,,https://www.otodom.pl/pl/oferta/white-check-mark-iii-etap-osiedla-w-budowie-dachowa-white-check-mark-ID4CXCz,"https://ireland.apollo.olxcdn.com/v1/files/eyJhbGciOiJIUzI1NiIsInR5cCI6IkpXVCJ9.eyJmbiI6Ijl5cHgxeWNtcGluZS1FQ09TWVNURU0iLCJ3IjpbeyJmbiI6ImVudmZxcWUxYXk0azEtQVBMIiwicyI6IjE2IiwiYSI6IjAiLCJwIjoiMTAsLTEwIn1dfQ.4sC-o_w54D9RGozgAuKnojv7JSSKi0-Ro8g0z8GT45k/image;s=2048x1536;q=80,https://ireland.apollo.olxcdn.com/v1/files/eyJhbGciOiJIUzI1NiIsInR5cCI6IkpXVCJ9.eyJmbiI6ImZwMmpnNHdyZXp6Ny1FQ09TWVNURU0iLCJ3IjpbeyJmbiI6ImVudmZxcWUxYXk0azEtQVBMIiwicyI6IjE2IiwiYSI6IjAiLCJwIjoiMTAsLTEwIn1dfQ.cOi64lD8bI0pH14ia60F5Xn1gvSx_jvW12K50ZvTNVI/image;s=2048x1536;q=80,https://ireland.apollo.olxcdn.com/v1/files/eyJhbGciOiJIUzI1NiIsInR5cCI6IkpXVCJ9.eyJmbiI6IjVibms2MHVodnNmNi1FQ09TWVNURU0iLCJ3IjpbeyJmbiI6ImVudmZxcWUxYXk0azEtQVBMIiwicyI6IjE2IiwiYSI6IjAiLCJwIjoiMTAsLTEwIn1dfQ.Nib6W2BGmHJdEBbecpFwlGM6h2D-Z26Jj1zYMFAJwjw/image;s=2048x1536;q=80",,,,,
68334383,dom,Dzien Pokazowy 3.10 g. 14-17,106.49,6,,789000,7409,,Napachanie,Rokietnica,,52.4922,16.73335,,,,https://www.otodom.pl/pl/oferta/dzien-pokazowy-3-10-g-14-17-ID4CITt,"https://ireland.apollo.olxcdn.com/v1/files/eyJhbGciOiJIUzI1NiIsInR5cCI6IkpXVCJ9.eyJmbiI6Imk0NHdqMHVkd25qYTMtRUNPU1lTVEVNIiwidyI6W3siZm4iOiJlbnZmcXFlMWF5NGsxLUFQTCIsInMiOiIxNiIsImEiOiIwIiwicCI6IjEwLC0xMCJ9XX0.Q9Z6WUP9gqdWhCBJLq1Y-Aek05BYmKQH8_hJ4yhbi18/image;s=2048x1536;q=80,https://ireland.apollo.olxcdn.com/v1/files/eyJhbGciOiJIUzI1NiIsInR5cCI6IkpXVCJ9.eyJmbiI6InM3NHJwNjF3aWp1YjEtRUNPU1lTVEVNIiwidyI6W3siZm4iOiJlbnZmcXFlMWF5NGsxLUFQTCIsInMiOiIxNiIsImEiOiIwIiwicCI6IjEwLC0xMCJ9XX0.-7j1MX7ZFsyocx05Yl1zHyLrSkLp1mw5_0SUBaj9Sog/image;s=2048x1536;q=80,https://ireland.apollo.olxcdn.com/v1/files/eyJhbGciOiJIUzI1NiIsInR5cCI6IkpXVCJ9.eyJmbiI6ImV1eWNvOHhqNnp6bTItRUNPU1lTVEVNIiwidyI6W3siZm4iOiJlbnZmcXFlMWF5NGsxLUFQTCIsInMiOiIxNiIsImEiOiIwIiwicCI6IjEwLC0xMCJ9XX0.Z24DffGTH-yT9x2aM4e_KqMDnJsZhym9IYpv7iJYsfE/image;s=2048x1536;q=80",,,,,
68333262,dom,Dzien Pokazowy 3.10 g. 14-17,102.26,6,,789000,7716,,Napachanie,Rokietnica,,52.4922,16.73335,,,,https://www.otodom.pl/pl/oferta/dzien-pokazowy-3-10-g-14-17-ID4CIBo,"https://ireland.apollo.olxcdn.com/v1/files/eyJhbGciOiJIUzI1NiIsInR5cCI6IkpXVCJ9.eyJmbiI6ImI3YWhiOTI3Z21jdTMtRUNPU1lTVEVNIiwidyI6W3siZm4iOiJlbnZmcXFlMWF5NGsxLUFQTCIsInMiOiIxNiIsImEiOiIwIiwicCI6IjEwLC0xMCJ9XX0.qfX0PFicIj52YTJ7ODI21-mVTUVSYBRpDnt-9g4Gczg/image;s=2048x1536;q=80,https://ireland.apollo.olxcdn.com/v1/files/eyJhbGciOiJIUzI1NiIsInR5cCI6IkpXVCJ9.eyJmbiI6InF0eGlzaTNxODNicTEtRUNPU1lTVEVNIiwidyI6W3siZm4iOiJlbnZmcXFlMWF5NGsxLUFQTCIsInMiOiIxNiIsImEiOiIwIiwicCI6IjEwLC0xMCJ9XX0.TNYWiX1TC9xoJDMeW_2QO9sEQq84R6tXfEjdLKer828/image;s=2048x1536;q=80,https://ireland.apollo.olxcdn.com/v1/files/eyJhbGciOiJIUzI1NiIsInR5cCI6IkpXVCJ9.eyJmbiI6IndxYngxZm5taTdsZDItRUNPU1lTVEVNIiwidyI6W3siZm4iOiJlbnZmcXFlMWF5NGsxLUFQTCIsInMiOiIxNiIsImEiOiIwIiwicCI6IjEwLC0xMCJ9XX0.QgdtRqywYSo30lW2bjveRB9U2KnuJdkb2i86YqN9nMQ/image;s=2048x1536;q=80",,,,,
68305958,dom,"Dzien Pokazowy, Gotowych Lokali . 3.10 g. 14-17",102.26,6,,789000,7716,,Napachanie,Rokietnica,,52.4922,16.73335,,,,https://www.otodom.pl/pl/oferta/dzien-pokazowy-gotowych-lokali-3-10-g-14-17-ID4CBw0,"https://ireland.apollo.olxcdn.com/v1/files/eyJhbGciOiJIUzI1NiIsInR5cCI6IkpXVCJ9.eyJmbiI6InJyc3BzajJycHBmMzMtRUNPU1lTVEVNIiwidyI6W3siZm4iOiJlbnZmcXFlMWF5NGsxLUFQTCIsInMiOiIxNiIsImEiOiIwIiwicCI6IjEwLC0xMCJ9XX0.KvVzov_9_Bw69PeC2pq-hYOuPfVTGX9ORz8VFQdW_9c/image;s=2048x1536;q=80,https://ireland.apollo.olxcdn.com/v1/files/eyJhbGciOiJIUzI1NiIsInR5cCI6IkpXVCJ9.eyJmbiI6ImwzbzNqcG83dmExZDEtRUNPU1lTVEVNIiwidyI6W3siZm4iOiJlbnZmcXFlMWF5NGsxLUFQTCIsInMiOiIxNiIsImEiOiIwIiwicCI6IjEwLC0xMCJ9XX0.n3jAbAryNzaF6DYiCNseSX2ZyTbYI39dETi3ZTQTqzA/image;s=2048x1536;q=80,https://ireland.apollo.olxcdn.com/v1/files/eyJhbGciOiJIUzI1NiIsInR5cCI6IkpXVCJ9.eyJmbiI6IjB5cXg4cmtpb2RoZDEtRUNPU1lTVEVNIiwidyI6W3siZm4iOiJlbnZmcXFlMWF5NGsxLUFQTCIsInMiOiIxNiIsImEiOiIwIiwicCI6IjEwLC0xMCJ9XX0.XczFgWbOrR8jq6_zZffUPrufO-26ThhZcaIE4vuzjpk/image;s=2048x1536;q=80",,,,,
68305957,dom,Dzień Otwarty 3.10.Domy w II etapie,102.26,6,,789000,7716,Teatralna,Napachanie,Napachanie,,52.485086,16.727616,,,,https://www.otodom.pl/pl/oferta/dzien-otwarty-3-10-domy-w-ii-etapie-ID4CBuZ,"https://ireland.apollo.olxcdn.com/v1/files/eyJhbGciOiJIUzI1NiIsInR5cCI6IkpXVCJ9.eyJmbiI6IjU5NHZlZ3A2N2UyeDItRUNPU1lTVEVNIiwidyI6W3siZm4iOiJlbnZmcXFlMWF5NGsxLUFQTCIsInMiOiIxNiIsImEiOiIwIiwicCI6IjEwLC0xMCJ9XX0.UD-XrG5EvegtyKV7Kyff2JA7DyZQC-WeVOVdw86zMIc/image;s=2048x1536;q=80,https://ireland.apollo.olxcdn.com/v1/files/eyJhbGciOiJIUzI1NiIsInR5cCI6IkpXVCJ9.eyJmbiI6IjUya3BoazdjbWhhNDMtRUNPU1lTVEVNIiwidyI6W3siZm4iOiJlbnZmcXFlMWF5NGsxLUFQTCIsInMiOiIxNiIsImEiOiIwIiwicCI6IjEwLC0xMCJ9XX0.GRSarDelCv9q_MksVK7l58RgAPIasmD8zcuTrH2A-L8/image;s=2048x1536;q=80,https://ireland.apollo.olxcdn.com/v1/files/eyJhbGciOiJIUzI1NiIsInR5cCI6IkpXVCJ9.eyJmbiI6InZkYmExb3hqMW8wYS1FQ09TWVNURU0iLCJ3IjpbeyJmbiI6ImVudmZxcWUxYXk0azEtQVBMIiwicyI6IjE2IiwiYSI6IjAiLCJwIjoiMTAsLTEwIn1dfQ.7KWpzwWzHNjV5e5KFio3yQZ0U9CcQisYUArnNLkUeW4/image;s=2048x1536;q=80",,,,,
68268280,dom,Dzień Otwarty 3.10. Kameralne osiedle,102.26,6,,789000,7716,Teatralna,Rokietnica,Napachanie,,52.49646,16.73139,,,,https://www.otodom.pl/pl/oferta/dzien-otwarty-3-10-kameralne-osiedle-ID4CrHi,"https://ireland.apollo.olxcdn.com/v1/files/eyJhbGciOiJIUzI1NiIsInR5cCI6IkpXVCJ9.eyJmbiI6InY0a3Brbzg0dHUxcC1FQ09TWVNURU0iLCJ3IjpbeyJmbiI6ImVudmZxcWUxYXk0azEtQVBMIiwicyI6IjE2IiwiYSI6IjAiLCJwIjoiMTAsLTEwIn1dfQ.dKrAF4NW_KeaTOITIRzKzM4mp5b7QviZDIUKtVB6Kws/image;s=2048x1536;q=80,https://ireland.apollo.olxcdn.com/v1/files/eyJhbGciOiJIUzI1NiIsInR5cCI6IkpXVCJ9.eyJmbiI6InozbTZtM2VjM21vYS1FQ09TWVNURU0iLCJ3IjpbeyJmbiI6ImVudmZxcWUxYXk0azEtQVBMIiwicyI6IjE2IiwiYSI6IjAiLCJwIjoiMTAsLTEwIn1dfQ.xiyOOtjeYjzV2Go_gl3ozV7SF0sHXCMqCOi7WmyB1DA/image;s=2048x1536;q=80,https://ireland.apollo.olxcdn.com/v1/files/eyJhbGciOiJIUzI1NiIsInR5cCI6IkpXVCJ9.eyJmbiI6InVqM2wyNXM1ZjQ3aTEtRUNPU1lTVEVNIiwidyI6W3siZm4iOiJlbnZmcXFlMWF5NGsxLUFQTCIsInMiOiIxNiIsImEiOiIwIiwicCI6IjEwLC0xMCJ9XX0.NBw0OwZjEEo1ieHZZV_HyQnHIZzNDNb-n8jgJzS_fvc/image;s=2048x1536;q=80",,,,,
68261526,dom,II etap/ 5 pokoi /dz. dla lokalu 423 m2,102.58,5,,789000,7692,,Robakowo,Dachowa,,52.301737,17.07147,,,,https://www.otodom.pl/pl/oferta/ii-etap-5-pokoi-dz-dla-lokalu-423-m2-ID4CpVm,"https://ireland.apollo.olxcdn.com/v1/files/eyJhbGciOiJIUzI1NiIsInR5cCI6IkpXVCJ9.eyJmbiI6Inc5YWVjeXVzZThqLUVDT1NZU1RFTSIsInciOlt7ImZuIjoiZW52ZnFxZTFheTRrMS1BUEwiLCJzIjoiMTYiLCJhIjoiMCIsInAiOiIxMCwtMTAifV19.B1qG26BmocjrUODfha2HTBfjbsd7lEBPcQlq-1gm0Qo/image;s=2048x1536;q=80,https://ireland.apollo.olxcdn.com/v1/files/eyJhbGciOiJIUzI1NiIsInR5cCI6IkpXVCJ9.eyJmbiI6ImRjMXYyMjJzeWM0cDEtRUNPU1lTVEVNIiwidyI6W3siZm4iOiJlbnZmcXFlMWF5NGsxLUFQTCIsInMiOiIxNiIsImEiOiIwIiwicCI6IjEwLC0xMCJ9XX0.l_YB6UGfGo4glCNVelZEO98V4Ck2g4045lDDfbEaemA/image;s=2048x1536;q=80,https://ireland.apollo.olxcdn.com/v1/files/eyJhbGciOiJIUzI1NiIsInR5cCI6IkpXVCJ9.eyJmbiI6InliMDc1b2VhaGFpaC1FQ09TWVNURU0iLCJ3IjpbeyJmbiI6ImVudmZxcWUxYXk0azEtQVBMIiwicyI6IjE2IiwiYSI6IjAiLCJwIjoiMTAsLTEwIn1dfQ.yR8_ZndT0xMqQk2M45z2yke64sj47LOxTh8cfNQSDc0/image;s=2048x1536;q=80",,,,,
96830595800067,dom,"Dzien Pokazowy, Gotowych Lokali . 3.10 g. 14-17",102.26,6,,789000,7716,,Napachanie,Rokietnica,,52.4922,16.73335,,,,https://www.otodom.pl/pl/oferta/dzien-pokazowy-gotowych-lokali-3-10-g-14-17-ID4CBw0,"https://ireland.apollo.olxcdn.com/v1/files/eyJhbGciOiJIUzI1NiIsInR5cCI6IkpXVCJ9.eyJmbiI6InJyc3BzajJycHBmMzMtRUNPU1lTVEVNIiwidyI6W3siZm4iOiJlbnZmcXFlMWF5NGsxLUFQTCIsInMiOiIxNiIsImEiOiIwIiwicCI6IjEwLC0xMCJ9XX0.KvVzov_9_Bw69PeC2pq-hYOuPfVTGX9ORz8VFQdW_9c/image;s=2048x1536;q=80,https://ireland.apollo.olxcdn.com/v1/files/eyJhbGciOiJIUzI1NiIsInR5cCI6IkpXVCJ9.eyJmbiI6ImwzbzNqcG83dmExZDEtRUNPU1lTVEVNIiwidyI6W3siZm4iOiJlbnZmcXFlMWF5NGsxLUFQTCIsInMiOiIxNiIsImEiOiIwIiwicCI6IjEwLC0xMCJ9XX0.n3jAbAryNzaF6DYiCNseSX2ZyTbYI39dETi3ZTQTqzA/image;s=2048x1536;q=80,https://ireland.apollo.olxcdn.com/v1/files/eyJhbGciOiJIUzI1NiIsInR5cCI6IkpXVCJ9.eyJmbiI6IjB5cXg4cmtpb2RoZDEtRUNPU1lTVEVNIiwidyI6W3siZm4iOiJlbnZmcXFlMWF5NGsxLUFQTCIsInMiOiIxNiIsImEiOiIwIiwicCI6IjEwLC0xMCJ9XX0.XczFgWbOrR8jq6_zZffUPrufO-26ThhZcaIE4vuzjpk/image;s=2048x1536;q=80",,,,,
68467188,mieszkanie,NOWE MIESZKANIE NA PIĄTKOWIE | 4 POKOJE| PROMOCJA – MATECKIEGO 4ALL,79.21,4,1,789990,9973,ul. Teofila Mateckiego 4D,Piątkowo,Poznań,,52.463035,16.898115,,,,https://www.otodom.pl/pl/oferta/nowe-mieszkanie-na-piatkowie-4-pokoje-promocja-mateckiego-4all-ID4Dhru,"https://ireland.apollo.olxcdn.com/v1/files/eyJhbGciOiJIUzI1NiIsInR5cCI6IkpXVCJ9.eyJmbiI6IjZ4ZXNka3dzbG45bDItQVBMIiwidyI6W3siZm4iOiJlbnZmcXFlMWF5NGsxLUFQTCIsInMiOiIxNiIsImEiOiIwIiwicCI6IjEwLC0xMCJ9XX0.Pz23D3hP_IwRf4SH-96BGqaHnx-sJ_8mrr0Yvn7ee9M/image;s=2048x1536;q=80,https://ireland.apollo.olxcdn.com/v1/files/eyJhbGciOiJIUzI1NiIsInR5cCI6IkpXVCJ9.eyJmbiI6ImIwbDh4eThwMmRncDItQVBMIiwidyI6W3siZm4iOiJlbnZmcXFlMWF5NGsxLUFQTCIsInMiOiIxNiIsImEiOiIwIiwicCI6IjEwLC0xMCJ9XX0.wC2u76bh5Zn5s2iQWlkBnn4sr24mXmyXFc-iqbhJPOg/image;s=2048x1536;q=80,https://ireland.apollo.olxcdn.com/v1/files/eyJhbGciOiJIUzI1NiIsInR5cCI6IkpXVCJ9.eyJmbiI6InhpejN1NHRvZTRmcS1BUEwiLCJ3IjpbeyJmbiI6ImVudmZxcWUxYXk0azEtQVBMIiwicyI6IjE2IiwiYSI6IjAiLCJwIjoiMTAsLTEwIn1dfQ.CdB34l429Zba6OUc47LtvLXq266apC9X82EfzpTY9XQ/image;s=2048x1536;q=80",,,,,
68257522,mieszkanie,GOTOWE mieszkanie z widokiem na jezioro i OGRÓDEK 600 M2! Zamieszkaj!,103.84,4,0,790000,7608,Belgijska,Łopuchowo,Łopuchowo,,52.61476,17.09083,,,,https://www.otodom.pl/pl/oferta/gotowe-mieszkanie-z-widokiem-na-jezioro-i-ogrodek-600-m2-zamieszkaj-ID4CoTM,"https://ireland.apollo.olxcdn.com/v1/files/eyJhbGciOiJIUzI1NiIsInR5cCI6IkpXVCJ9.eyJmbiI6IjVyd2VpODRsMjFnaTEtQVBMIiwidyI6W3siZm4iOiJlbnZmcXFlMWF5NGsxLUFQTCIsInMiOiIxNiIsImEiOiIwIiwicCI6IjEwLC0xMCJ9XX0.2P0KS0R6PLBXl8FmMvg8ySC1JjXCMLBh6wOx2A86uKw/image;s=2048x1536;q=80,https://ireland.apollo.olxcdn.com/v1/files/eyJhbGciOiJIUzI1NiIsInR5cCI6IkpXVCJ9.eyJmbiI6ImxmamJ6aTJvcHVzdjItQVBMIiwidyI6W3siZm4iOiJlbnZmcXFlMWF5NGsxLUFQTCIsInMiOiIxNiIsImEiOiIwIiwicCI6IjEwLC0xMCJ9XX0.t0um81GUD47WnDVdwE4k5nRB0LH6DBtXflRggYbP0Vk/image;s=2048x1536;q=80,https://ireland.apollo.olxcdn.com/v1/files/eyJhbGciOiJIUzI1NiIsInR5cCI6IkpXVCJ9.eyJmbiI6IjlsOTJtMDZ4dzY0Mi1BUEwiLCJ3IjpbeyJmbiI6ImVudmZxcWUxYXk0azEtQVBMIiwicyI6IjE2IiwiYSI6IjAiLCJwIjoiMTAsLTEwIn1dfQ.miDAyHwho7RCqiFyDIw6k6CVsnKsx6QQKIvzwEkxIQA/image;s=2048x1536;q=80",,,,,
68314323,mieszkanie,Gotowy do oddania | Konarzewo | 107m² | działka 450m² |,107,5,,790000,7383,ul. Lazurowa,Konarzewo,Konarzewo,,52.34363,16.69366,,,,https://www.otodom.pl/pl/oferta/gotowy-do-oddania-konarzewo-107m-dzialka-450m-ID4CDFW,"https://ireland.apollo.olxcdn.com/v1/files/eyJhbGciOiJIUzI1NiIsInR5cCI6IkpXVCJ9.eyJmbiI6Ino4YWQ3a283c2p3NzEtQVBMIiwidyI6W3siZm4iOiJlbnZmcXFlMWF5NGsxLUFQTCIsInMiOiIxNiIsImEiOiIwIiwicCI6IjEwLC0xMCJ9XX0.azj7DKf1H9MR1VtsG-XnNLkxDjd3LkVJgIWkSuAc3AA/image;s=2048x1536;q=80,https://ireland.apollo.olxcdn.com/v1/files/eyJhbGciOiJIUzI1NiIsInR5cCI6IkpXVCJ9.eyJmbiI6InJjajFjaWk3czFkMTItQVBMIiwidyI6W3siZm4iOiJlbnZmcXFlMWF5NGsxLUFQTCIsInMiOiIxNiIsImEiOiIwIiwicCI6IjEwLC0xMCJ9XX0.DLDc7k7UmHu_hmITzgPAhDbBJv7SJILQ-ZGWS_AhCHM/image;s=2048x1536;q=80,https://ireland.apollo.olxcdn.com/v1/files/eyJhbGciOiJIUzI1NiIsInR5cCI6IkpXVCJ9.eyJmbiI6InF0Zmh2ejl4cmF5NTMtQVBMIiwidyI6W3siZm4iOiJlbnZmcXFlMWF5NGsxLUFQTCIsInMiOiIxNiIsImEiOiIwIiwicCI6IjEwLC0xMCJ9XX0.KM-FxWnhIf5QjGA2m74cjGyzcq0Ru0I2W9Ga8gUNKvo/image;s=2048x1536;q=80",,,,,
68489091,dom,"Dom Kórnik Bnin Biernatki , 5 pokoi 109m2",109,5,,790000,7248,al. Flensa,Biernatki,Biernatki,,52.23493,17.10555,,,,https://www.otodom.pl/pl/oferta/dom-kornik-bnin-biernatki-5-pokoi-109m2-ID4Dn8L,"https://ireland.apollo.olxcdn.com/v1/files/eyJhbGciOiJIUzI1NiIsInR5cCI6IkpXVCJ9.eyJmbiI6InFoanhweWV6d3RwejItQVBMIiwidyI6W3siZm4iOiJlbnZmcXFlMWF5NGsxLUFQTCIsInMiOiIxNiIsImEiOiIwIiwicCI6IjEwLC0xMCJ9XX0.KJNsdQ2ezus5t_osKQHfb2gLSCu2ATrI5GCGubRxc94/image;s=2048x1536;q=80,https://ireland.apollo.olxcdn.com/v1/files/eyJhbGciOiJIUzI1NiIsInR5cCI6IkpXVCJ9.eyJmbiI6ImNiOTA4NmMwN2VobDEtQVBMIiwidyI6W3siZm4iOiJlbnZmcXFlMWF5NGsxLUFQTCIsInMiOiIxNiIsImEiOiIwIiwicCI6IjEwLC0xMCJ9XX0.8Z0V2VyS_vwbbcO1aYyIMX1tvZ0RLjBvxc69dpdY7W8/image;s=2048x1536;q=80,https://ireland.apollo.olxcdn.com/v1/files/eyJhbGciOiJIUzI1NiIsInR5cCI6IkpXVCJ9.eyJmbiI6IncyOGw1a3JheWNzczEtQVBMIiwidyI6W3siZm4iOiJlbnZmcXFlMWF5NGsxLUFQTCIsInMiOiIxNiIsImEiOiIwIiwicCI6IjEwLC0xMCJ9XX0.FAFqs1Z5mvBzLdeStOmSNOTDAxZtmUXhm0Gd1ojfb1E/image;s=2048x1536;q=80",,,,,
96848909100067,dom,"Dom Kórnik Bnin Biernatki , 5 pokoi 109m2",109,5,,790000,7248,al. Flensa,Biernatki,Biernatki,,52.23493,17.10555,,,,https://www.otodom.pl/pl/oferta/dom-kornik-bnin-biernatki-5-pokoi-109m2-ID4Dn8L,"https://ireland.apollo.olxcdn.com/v1/files/eyJhbGciOiJIUzI1NiIsInR5cCI6IkpXVCJ9.eyJmbiI6InFoanhweWV6d3RwejItQVBMIiwidyI6W3siZm4iOiJlbnZmcXFlMWF5NGsxLUFQTCIsInMiOiIxNiIsImEiOiIwIiwicCI6IjEwLC0xMCJ9XX0.KJNsdQ2ezus5t_osKQHfb2gLSCu2ATrI5GCGubRxc94/image;s=2048x1536;q=80,https://ireland.apollo.olxcdn.com/v1/files/eyJhbGciOiJIUzI1NiIsInR5cCI6IkpXVCJ9.eyJmbiI6ImNiOTA4NmMwN2VobDEtQVBMIiwidyI6W3siZm4iOiJlbnZmcXFlMWF5NGsxLUFQTCIsInMiOiIxNiIsImEiOiIwIiwicCI6IjEwLC0xMCJ9XX0.8Z0V2VyS_vwbbcO1aYyIMX1tvZ0RLjBvxc69dpdY7W8/image;s=2048x1536;q=80,https://ireland.apollo.olxcdn.com/v1/files/eyJhbGciOiJIUzI1NiIsInR5cCI6IkpXVCJ9.eyJmbiI6IncyOGw1a3JheWNzczEtQVBMIiwidyI6W3siZm4iOiJlbnZmcXFlMWF5NGsxLUFQTCIsInMiOiIxNiIsImEiOiIwIiwicCI6IjEwLC0xMCJ9XX0.FAFqs1Z5mvBzLdeStOmSNOTDAxZtmUXhm0Gd1ojfb1E/image;s=2048x1536;q=80",,,,,
68234660,dom,"GOTOWY dom parterowy z widokiem na jeziorko i LASY, ogródek 600 m2!",103.84,4,,790000,7608,,Łopuchowo,Łopuchowo,,52.61476,17.09083,,,,https://www.otodom.pl/pl/oferta/gotowy-dom-parterowy-z-widokiem-na-jeziorko-i-lasy-ogrodek-600-m2-ID4CiX2,"https://ireland.apollo.olxcdn.com/v1/files/eyJhbGciOiJIUzI1NiIsInR5cCI6IkpXVCJ9.eyJmbiI6InM2MjFieDNkNHl1NDItQVBMIiwidyI6W3siZm4iOiJlbnZmcXFlMWF5NGsxLUFQTCIsInMiOiIxNiIsImEiOiIwIiwicCI6IjEwLC0xMCJ9XX0.WjMjul9uwZTiCzJpOwkfh2pvhwQJnSI6VhLgCXVNVjs/image;s=2048x1536;q=80,https://ireland.apollo.olxcdn.com/v1/files/eyJhbGciOiJIUzI1NiIsInR5cCI6IkpXVCJ9.eyJmbiI6ImcybmV2NjVpbGhoNC1BUEwiLCJ3IjpbeyJmbiI6ImVudmZxcWUxYXk0azEtQVBMIiwicyI6IjE2IiwiYSI6IjAiLCJwIjoiMTAsLTEwIn1dfQ.cyedQKh_J4BdVrW1sdsf24-tU2TDFMEuvWuh_p624Xg/image;s=2048x1536;q=80,https://ireland.apollo.olxcdn.com/v1/files/eyJhbGciOiJIUzI1NiIsInR5cCI6IkpXVCJ9.eyJmbiI6Imc2M3FzdDVtY2duYzItQVBMIiwidyI6W3siZm4iOiJlbnZmcXFlMWF5NGsxLUFQTCIsInMiOiIxNiIsImEiOiIwIiwicCI6IjEwLC0xMCJ9XX0.wvoNGHql7eQse9KmmFeUXI9rkSdbOSYPSx89tTiy19w/image;s=2048x1536;q=80",,,,,
68295656,dom,Gotowy do oddania | Konarzewo | Ogród 450m2 na lokal |,107,5,,790000,7383,ul. Lazurowa,Konarzewo,,,52.34363,16.69366,,,,https://www.otodom.pl/pl/oferta/gotowy-do-oddania-konarzewo-ogrod-450m2-na-lokal-ID4CyOQ,"https://ireland.apollo.olxcdn.com/v1/files/eyJhbGciOiJIUzI1NiIsInR5cCI6IkpXVCJ9.eyJmbiI6IjV2cGEyYm82NTc1cDEtQVBMIiwidyI6W3siZm4iOiJlbnZmcXFlMWF5NGsxLUFQTCIsInMiOiIxNiIsImEiOiIwIiwicCI6IjEwLC0xMCJ9XX0.C9gLUi5ael-XQqiWi2MIW2v7tuKwGSxKe1gwMx-awFs/image;s=2048x1536;q=80,https://ireland.apollo.olxcdn.com/v1/files/eyJhbGciOiJIUzI1NiIsInR5cCI6IkpXVCJ9.eyJmbiI6ImY4OGlqN2Q5enp6ZTEtQVBMIiwidyI6W3siZm4iOiJlbnZmcXFlMWF5NGsxLUFQTCIsInMiOiIxNiIsImEiOiIwIiwicCI6IjEwLC0xMCJ9XX0.VA5FZoJQrkpaIuxSASfJLUapAHuuTmfe2wmoBsk5nG8/image;s=2048x1536;q=80,https://ireland.apollo.olxcdn.com/v1/files/eyJhbGciOiJIUzI1NiIsInR5cCI6IkpXVCJ9.eyJmbiI6Imdvc21ndnVpMXJybzItQVBMIiwidyI6W3siZm4iOiJlbnZmcXFlMWF5NGsxLUFQTCIsInMiOiIxNiIsImEiOiIwIiwicCI6IjEwLC0xMCJ9XX0.0WpPOhbg_u4bNlnns2Fcm09DocgxJPVKjcmF_herq2U/image;s=2048x1536;q=80",,,,,
68228463,dom,DOM SKRAJNY W CICHEJ OKOLICY - KOMFORT I WYGODA.,96,4,,790000,8229,ul. Szafirowa,Miękowo,Miękowo,,52.48798,16.98359,,,,https://www.otodom.pl/pl/oferta/dom-skrajny-w-cichej-okolicy-komfort-i-wygoda-ID4Chl5,"https://ireland.apollo.olxcdn.com/v1/files/eyJhbGciOiJIUzI1NiIsInR5cCI6IkpXVCJ9.eyJmbiI6IjBjbW4zNXdmd2lxZTMtQVBMIiwidyI6W3siZm4iOiJlbnZmcXFlMWF5NGsxLUFQTCIsInMiOiIxNiIsImEiOiIwIiwicCI6IjEwLC0xMCJ9XX0.g4OXtzcOL9Ikul1QOBpIszWFCHCH5O7ftmketb2-f7s/image;s=2048x1536;q=80,https://ireland.apollo.olxcdn.com/v1/files/eyJhbGciOiJIUzI1NiIsInR5cCI6IkpXVCJ9.eyJmbiI6Im03azRra2k3anZxdjEtQVBMIiwidyI6W3siZm4iOiJlbnZmcXFlMWF5NGsxLUFQTCIsInMiOiIxNiIsImEiOiIwIiwicCI6IjEwLC0xMCJ9XX0.959BYCAR3SkqbLk-XUtaXso5iQKVOgJLzsZgvMQyjrE/image;s=2048x1536;q=80,https://ireland.apollo.olxcdn.com/v1/files/eyJhbGciOiJIUzI1NiIsInR5cCI6IkpXVCJ9.eyJmbiI6IjBkOHlzeTZnOWl4NTMtQVBMIiwidyI6W3siZm4iOiJlbnZmcXFlMWF5NGsxLUFQTCIsInMiOiIxNiIsImEiOiIwIiwicCI6IjEwLC0xMCJ9XX0.CtsX7rtSYhvmeuRO-TfcMG6XX3jvga6IhVgUgUpwS7U/image;s=2048x1536;q=80",,,,,
67423460,dom,Nowoczesny dom z garażem w spokojnej okolicy w przedsprzedaży!,121.5,4,,790000,6502,Czerwcowa,Dopiewo,Dopiewo,,52.35675,16.66652,,,,https://www.otodom.pl/pl/oferta/nowoczesny-dom-z-garazem-w-spokojnej-okolicy-w-przedsprzedazy-ID4yTWa,"https://ireland.apollo.olxcdn.com/v1/files/eyJhbGciOiJIUzI1NiIsInR5cCI6IkpXVCJ9.eyJmbiI6Imh2aWNnb2hwa204ejItQVBMIiwidyI6W3siZm4iOiJlbnZmcXFlMWF5NGsxLUFQTCIsInMiOiIxNiIsImEiOiIwIiwicCI6IjEwLC0xMCJ9XX0.eykJD5DckKzAj4TI5n5-35Pm0VXBqz3IogptFAjd6VE/image;s=2048x1536;q=80,https://ireland.apollo.olxcdn.com/v1/files/eyJhbGciOiJIUzI1NiIsInR5cCI6IkpXVCJ9.eyJmbiI6IjJtcG05emR4czdzbTItQVBMIiwidyI6W3siZm4iOiJlbnZmcXFlMWF5NGsxLUFQTCIsInMiOiIxNiIsImEiOiIwIiwicCI6IjEwLC0xMCJ9XX0.UQnnpWKtL4owjx37k8di6XWyTZhwKAEblRHflPOfyPU/image;s=2048x1536;q=80,https://ireland.apollo.olxcdn.com/v1/files/eyJhbGciOiJIUzI1NiIsInR5cCI6IkpXVCJ9.eyJmbiI6IjdleGloYmZpb3VvdjMtQVBMIiwidyI6W3siZm4iOiJlbnZmcXFlMWF5NGsxLUFQTCIsInMiOiIxNiIsImEiOiIwIiwicCI6IjEwLC0xMCJ9XX0.Wu5Gwgj4SbSn2DwCHPxwstQVJLqYw1RsgAWUBlvtVsQ/image;s=2048x1536;q=80",,,,,
68439850,dom,Dom Gołuski koło Plewisk,96.22,4,,790000,8210,ul. Dopiewska,Gołuski,Gołuski,,52.362141,16.748924,,,,https://www.otodom.pl/pl/oferta/dom-goluski-kolo-plewisk-ID4Daky,"https://ireland.apollo.olxcdn.com/v1/files/eyJhbGciOiJIUzI1NiIsInR5cCI6IkpXVCJ9.eyJmbiI6ImMxemFzbzV2dnltODItQVBMIiwidyI6W3siZm4iOiJlbnZmcXFlMWF5NGsxLUFQTCIsInMiOiIxNiIsImEiOiIwIiwicCI6IjEwLC0xMCJ9XX0.a93tZb7uVq3KaFJkvFo_3Dp0jMKtXc3Mu0VCEg-zmZs/image;s=2048x1536;q=80,https://ireland.apollo.olxcdn.com/v1/files/eyJhbGciOiJIUzI1NiIsInR5cCI6IkpXVCJ9.eyJmbiI6Im8xNjdsNjUxOTJtNDItQVBMIiwidyI6W3siZm4iOiJlbnZmcXFlMWF5NGsxLUFQTCIsInMiOiIxNiIsImEiOiIwIiwicCI6IjEwLC0xMCJ9XX0.jjphC3lWYgDwiAYcoQYXmyyfeEoNkkoG67zOuJ7DcXM/image;s=2048x1536;q=80,https://ireland.apollo.olxcdn.com/v1/files/eyJhbGciOiJIUzI1NiIsInR5cCI6IkpXVCJ9.eyJmbiI6ImhwenU1d2I2cnhhajMtQVBMIiwidyI6W3siZm4iOiJlbnZmcXFlMWF5NGsxLUFQTCIsInMiOiIxNiIsImEiOiIwIiwicCI6IjEwLC0xMCJ9XX0.KeE9SX8g0AuZpBf9q27Oa70yzMvjIfiKlzFVSpnxRUk/image;s=2048x1536;q=80",,,,,
67895543,dom,"Bliźniak | 83,3m2 | Czmoniec | ogród | pod klucz",83.3,5,,790000,9484,Magnoliowa,Czmoniec,Czmoniec,,52.182642,17.021477,,,,https://www.otodom.pl/pl/oferta/blizniak-83-3m2-czmoniec-ogrod-pod-klucz-ID4ASJp,"https://ireland.apollo.olxcdn.com/v1/files/eyJhbGciOiJIUzI1NiIsInR5cCI6IkpXVCJ9.eyJmbiI6InJvcHp4ZzN1cjBudTMtRUNPU1lTVEVNIiwidyI6W3siZm4iOiJlbnZmcXFlMWF5NGsxLUFQTCIsInMiOiIxNiIsImEiOiIwIiwicCI6IjEwLC0xMCJ9XX0.bmeCINVzXsrApNA618jX8GQnotxG5rcEukOiisY4UWc/image;s=2048x1536;q=80,https://ireland.apollo.olxcdn.com/v1/files/eyJhbGciOiJIUzI1NiIsInR5cCI6IkpXVCJ9.eyJmbiI6InUzbzJ6dGt4N240MzMtRUNPU1lTVEVNIiwidyI6W3siZm4iOiJlbnZmcXFlMWF5NGsxLUFQTCIsInMiOiIxNiIsImEiOiIwIiwicCI6IjEwLC0xMCJ9XX0.wXZ8ckNsG3_Dokhj4X0nzB9cs4CU8e7CYrIPg7XfFII/image;s=2048x1536;q=80,https://ireland.apollo.olxcdn.com/v1/files/eyJhbGciOiJIUzI1NiIsInR5cCI6IkpXVCJ9.eyJmbiI6IngydzZocXk2d3ZnNTItRUNPU1lTVEVNIiwidyI6W3siZm4iOiJlbnZmcXFlMWF5NGsxLUFQTCIsInMiOiIxNiIsImEiOiIwIiwicCI6IjEwLC0xMCJ9XX0.cet6bxEEut9_-lt7CiElzlhPfCUSboOAaEShuPGqsKI/image;s=2048x1536;q=80",,,,,
68349559,dom,"KOMFORTOWY dom w zabudowie bliźniaczej – 115,49 m² | Działka 360 m² |",115.49,4,,790000,6840,ul. Rolna,Tarnowo Podgórne,Tarnowo Podgórne,,52.46642,16.66326,,,,https://www.otodom.pl/pl/oferta/komfortowy-dom-w-zabudowie-blizniaczej-115-49-m-dzialka-360-m-ID4CMQf,"https://ireland.apollo.olxcdn.com/v1/files/eyJhbGciOiJIUzI1NiIsInR5cCI6IkpXVCJ9.eyJmbiI6InZkem5ka2M4aW5lejEtRUNPU1lTVEVNIiwidyI6W3siZm4iOiJlbnZmcXFlMWF5NGsxLUFQTCIsInMiOiIxNiIsImEiOiIwIiwicCI6IjEwLC0xMCJ9XX0.d4nsoRyn9U71RbH7qte8ZOvjHlpRFmTE59V4bnU9H0E/image;s=2048x1536;q=80,https://ireland.apollo.olxcdn.com/v1/files/eyJhbGciOiJIUzI1NiIsInR5cCI6IkpXVCJ9.eyJmbiI6InAxODY4OHRlcGpzbjItRUNPU1lTVEVNIiwidyI6W3siZm4iOiJlbnZmcXFlMWF5NGsxLUFQTCIsInMiOiIxNiIsImEiOiIwIiwicCI6IjEwLC0xMCJ9XX0.0kg7CRXRX6P3kuUSXu81T3uenGf80ntgnMB4pLR4ncs/image;s=2048x1536;q=80,https://ireland.apollo.olxcdn.com/v1/files/eyJhbGciOiJIUzI1NiIsInR5cCI6IkpXVCJ9.eyJmbiI6IjJncHFreWJzcnJtMTMtRUNPU1lTVEVNIiwidyI6W3siZm4iOiJlbnZmcXFlMWF5NGsxLUFQTCIsInMiOiIxNiIsImEiOiIwIiwicCI6IjEwLC0xMCJ9XX0.cmKtZPV_tLfq4SRYQ0CvJm2O3gvB5xjYdRMbqveYLvc/image;s=2048x1536;q=80",,,,,
65661403,dom,"Nowy dom wykończony pod klucz, Czmoniec, pod lasem",83,,,790000,9518,Czmoniec,Kórnik,Kórnik,,52.24811,17.08378,,,,https://www.otodom.pl/pl/oferta/nowy-dom-wykonczony-pod-klucz-czmoniec-pod-lasem-ID4rwvT,"https://ireland.apollo.olxcdn.com/v1/files/eyJhbGciOiJIUzI1NiIsInR5cCI6IkpXVCJ9.eyJmbiI6ImpxNjdlMTNkZ3hkZDEtQVBMIiwidyI6W3siZm4iOiJlbnZmcXFlMWF5NGsxLUFQTCIsInMiOiIxNiIsImEiOiIwIiwicCI6IjEwLC0xMCJ9XX0.ezLGGQtlSzw7hwQ4gpWeu94AMS0wV8wKJV83OwhuKTk/image;s=2048x1536;q=80,https://ireland.apollo.olxcdn.com/v1/files/eyJhbGciOiJIUzI1NiIsInR5cCI6IkpXVCJ9.eyJmbiI6ImRkeHI4N3p0c3B4bzItQVBMIiwidyI6W3siZm4iOiJlbnZmcXFlMWF5NGsxLUFQTCIsInMiOiIxNiIsImEiOiIwIiwicCI6IjEwLC0xMCJ9XX0.vAHDvpm-vKH2a6uQvV8pNlf_wV6x6_NcLXqd1Jj0xjU/image;s=2048x1536;q=80,https://ireland.apollo.olxcdn.com/v1/files/eyJhbGciOiJIUzI1NiIsInR5cCI6IkpXVCJ9.eyJmbiI6ImF2ZDJ0aGltcjVhMDEtQVBMIiwidyI6W3siZm4iOiJlbnZmcXFlMWF5NGsxLUFQTCIsInMiOiIxNiIsImEiOiIwIiwicCI6IjEwLC0xMCJ9XX0.9zB_xsewMSXNSp1ulmTgjwwXynDtGWS-336rExiu7_g/image;s=2048x1536;q=80",,,,,
68279552,dom,dom gotowy/ kanaliza/6 pokoi/ gaz/,135.69,6,,790000,5822,Rydla,Lasek,Luboń,,52.331703,16.882156,,,,https://www.otodom.pl/pl/oferta/dom-gotowy-kanaliza-6-pokoi-gaz-ID4CuD6,"https://ireland.apollo.olxcdn.com/v1/files/eyJhbGciOiJIUzI1NiIsInR5cCI6IkpXVCJ9.eyJmbiI6IjJ3ams2bmtodzUzMDEtRUNPU1lTVEVNIiwidyI6W3siZm4iOiJlbnZmcXFlMWF5NGsxLUFQTCIsInMiOiIxNiIsImEiOiIwIiwicCI6IjEwLC0xMCJ9XX0.azSo9d5R1Wi8z1DzX3bCIPDfae0SFj7wOV3MNBEiFII/image;s=2048x1536;q=80,https://ireland.apollo.olxcdn.com/v1/files/eyJhbGciOiJIUzI1NiIsInR5cCI6IkpXVCJ9.eyJmbiI6ImJ0YzR0bGxrZ2ZkeS1FQ09TWVNURU0iLCJ3IjpbeyJmbiI6ImVudmZxcWUxYXk0azEtQVBMIiwicyI6IjE2IiwiYSI6IjAiLCJwIjoiMTAsLTEwIn1dfQ.vcXNzpE4uM6JaiVuaJlpKjUh4BE3YfZU_YWwlSNZvKU/image;s=2048x1536;q=80,https://ireland.apollo.olxcdn.com/v1/files/eyJhbGciOiJIUzI1NiIsInR5cCI6IkpXVCJ9.eyJmbiI6ImF6dXkzbjBxbXY3aS1FQ09TWVNURU0iLCJ3IjpbeyJmbiI6ImVudmZxcWUxYXk0azEtQVBMIiwicyI6IjE2IiwiYSI6IjAiLCJwIjoiMTAsLTEwIn1dfQ.FLumy-bW8K0oI94PhchDE_l9GZzBHsaTr3sRNqNqY84/image;s=2048x1536;q=80",,,,,
68279551,dom,dom gotowy/ kanaliza/6 pokoi/ gaz/,135.69,6,,790000,5822,Rydla,Lasek,Luboń,,52.331703,16.882156,,,,https://www.otodom.pl/pl/oferta/dom-gotowy-kanaliza-6-pokoi-gaz-ID4CuD5,"https://ireland.apollo.olxcdn.com/v1/files/eyJhbGciOiJIUzI1NiIsInR5cCI6IkpXVCJ9.eyJmbiI6IjA2NWljYWV6dGowNDMtRUNPU1lTVEVNIiwidyI6W3siZm4iOiJlbnZmcXFlMWF5NGsxLUFQTCIsInMiOiIxNiIsImEiOiIwIiwicCI6IjEwLC0xMCJ9XX0._iMwOWKqv_xJWOv-9xw6mHkvews-rx-nI3wXV0KHRgE/image;s=2048x1536;q=80,https://ireland.apollo.olxcdn.com/v1/files/eyJhbGciOiJIUzI1NiIsInR5cCI6IkpXVCJ9.eyJmbiI6ImVreHVxOGY2Z3MwZy1FQ09TWVNURU0iLCJ3IjpbeyJmbiI6ImVudmZxcWUxYXk0azEtQVBMIiwicyI6IjE2IiwiYSI6IjAiLCJwIjoiMTAsLTEwIn1dfQ.L67IcEHgSIo3BzrhkXkUjV5vm6D2oOsI1rlmKJt-SV4/image;s=2048x1536;q=80,https://ireland.apollo.olxcdn.com/v1/files/eyJhbGciOiJIUzI1NiIsInR5cCI6IkpXVCJ9.eyJmbiI6Im9ueDAxaXJpd2UyNjEtRUNPU1lTVEVNIiwidyI6W3siZm4iOiJlbnZmcXFlMWF5NGsxLUFQTCIsInMiOiIxNiIsImEiOiIwIiwicCI6IjEwLC0xMCJ9XX0.wfvYr0eNrk2-kSPFPBT4ApgyJbYoksAlNoLvBaldsjA/image;s=2048x1536;q=80",,,,,
67266059,mieszkanie,"Literacka Skwer C | M6, 73,90 m² na 2. piętrze",73.9,4,2,790730,10700,Zdzisława Dworzeckiego 2B,Strzeszyn,Poznań,,52.44306,16.87358,,,,https://www.otodom.pl/pl/oferta/literacka-skwer-c-m6-73-90-m-na-2-pietrze-ID4yeYr,"https://ireland.apollo.olxcdn.com/v1/files/eyJhbGciOiJIUzI1NiIsInR5cCI6IkpXVCJ9.eyJmbiI6ImhkaHBjbjZzNjVtLUFQTCIsInciOlt7ImZuIjoiZW52ZnFxZTFheTRrMS1BUEwiLCJzIjoiMTYiLCJhIjoiMCIsInAiOiIxMCwtMTAifV19.c8FHRdZMjSbudaY4mC08xxHvsKePuUCwByvDURzFHHI/image;s=2048x1536;q=80,https://ireland.apollo.olxcdn.com/v1/files/eyJhbGciOiJIUzI1NiIsInR5cCI6IkpXVCJ9.eyJmbiI6IjE4Z3V1bWo0c3E5MS1BUEwiLCJ3IjpbeyJmbiI6ImVudmZxcWUxYXk0azEtQVBMIiwicyI6IjE2IiwiYSI6IjAiLCJwIjoiMTAsLTEwIn1dfQ.6UopiTMd_dbqdVOUaUF3UEmrkPvHmGqUSSDEJO1djmM/image;s=2048x1536;q=80,https://ireland.apollo.olxcdn.com/v1/files/eyJhbGciOiJIUzI1NiIsInR5cCI6IkpXVCJ9.eyJmbiI6IjZvdTlraWZwdmhhdTEtQVBMIiwidyI6W3siZm4iOiJlbnZmcXFlMWF5NGsxLUFQTCIsInMiOiIxNiIsImEiOiIwIiwicCI6IjEwLC0xMCJ9XX0.MkO94h45mkynxSLFc1yuZWOGTnVGSzKKkVkwSHxyVp0/image;s=2048x1536;q=80",,,,,
66484229,mieszkanie,Nowoczesna zabudowa parterowa - Osiedle Góra,98.27,4,0,792000,8059,,Tarnowo Podgórne,Góra,,52.48296,16.657156,,,,https://www.otodom.pl/pl/oferta/nowoczesna-zabudowa-parterowa-osiedle-gora-ID4uXAh,"https://ireland.apollo.olxcdn.com/v1/files/eyJhbGciOiJIUzI1NiIsInR5cCI6IkpXVCJ9.eyJmbiI6InB5dHhoaWNwZzhzdS1BUEwiLCJ3IjpbeyJmbiI6ImVudmZxcWUxYXk0azEtQVBMIiwicyI6IjE2IiwiYSI6IjAiLCJwIjoiMTAsLTEwIn1dfQ.UQxlO5xtd8GIxxD7qhrmYSz8cdOshsi89hW5crEQgr4/image;s=2048x1536;q=80,https://ireland.apollo.olxcdn.com/v1/files/eyJhbGciOiJIUzI1NiIsInR5cCI6IkpXVCJ9.eyJmbiI6InNhOGMydXI1NXYydC1BUEwiLCJ3IjpbeyJmbiI6ImVudmZxcWUxYXk0azEtQVBMIiwicyI6IjE2IiwiYSI6IjAiLCJwIjoiMTAsLTEwIn1dfQ.N9qZAypgmFlLNlA41UMfUQtIryttg07Av1YlQRRWuYQ/image;s=2048x1536;q=80",,,,,
67942531,dom,"Nowy dom 99,62m2 z ogrodem PARK Kruszewnia PROMOCJA",99.62,5,,792000,7950,Kowalika,Kruszewnia,Kruszewnia,,52.378827,17.093522,,,,https://www.otodom.pl/pl/oferta/nowy-dom-99-62m2-z-ogrodem-park-kruszewnia-promocja-ID4B4Xh,"https://ireland.apollo.olxcdn.com/v1/files/eyJhbGciOiJIUzI1NiIsInR5cCI6IkpXVCJ9.eyJmbiI6ImEyOHg5OHYwdGczNjItQVBMIiwidyI6W3siZm4iOiJlbnZmcXFlMWF5NGsxLUFQTCIsInMiOiIxNiIsImEiOiIwIiwicCI6IjEwLC0xMCJ9XX0.q-DRoPXzXVwf6i66mdOxlnE9-DwDLBWvtCZYjwVbIGI/image;s=2048x1536;q=80,https://ireland.apollo.olxcdn.com/v1/files/eyJhbGciOiJIUzI1NiIsInR5cCI6IkpXVCJ9.eyJmbiI6ImRxZnRieHc0MzJmazEtQVBMIiwidyI6W3siZm4iOiJlbnZmcXFlMWF5NGsxLUFQTCIsInMiOiIxNiIsImEiOiIwIiwicCI6IjEwLC0xMCJ9XX0.dn8FAvzPObuU9_hCio4wJR1uA2UB4qCviU3SCz-7tYI/image;s=2048x1536;q=80,https://ireland.apollo.olxcdn.com/v1/files/eyJhbGciOiJIUzI1NiIsInR5cCI6IkpXVCJ9.eyJmbiI6IjZ2djBocG4wMHNkYTMtQVBMIiwidyI6W3siZm4iOiJlbnZmcXFlMWF5NGsxLUFQTCIsInMiOiIxNiIsImEiOiIwIiwicCI6IjEwLC0xMCJ9XX0.0vTRoqjvKR2RDknLo2PLiNHRqotkiwPjhDWz5AU7Pg4/image;s=2048x1536;q=80",,,,,
66484265,dom,Osiedle Góra Nowoczesny Dom 100 m2 + poddasze,98.27,4,,792000,8059,,Tarnowo Podgórne,Góra,,52.48296,16.657156,,,,https://www.otodom.pl/pl/oferta/osiedle-gora-nowoczesny-dom-100-m2-poddasze-ID4uXAR,"https://ireland.apollo.olxcdn.com/v1/files/eyJhbGciOiJIUzI1NiIsInR5cCI6IkpXVCJ9.eyJmbiI6ImJ5d2lrMHdndWgxNzMtQVBMIiwidyI6W3siZm4iOiJlbnZmcXFlMWF5NGsxLUFQTCIsInMiOiIxNiIsImEiOiIwIiwicCI6IjEwLC0xMCJ9XX0.BqxjhjtkNoglO5ZIUj2HFEId5sS_PXZ6Vu7kIdqiRQU/image;s=2048x1536;q=80,https://ireland.apollo.olxcdn.com/v1/files/eyJhbGciOiJIUzI1NiIsInR5cCI6IkpXVCJ9.eyJmbiI6ImltMXQwaHlyamllei1BUEwiLCJ3IjpbeyJmbiI6ImVudmZxcWUxYXk0azEtQVBMIiwicyI6IjE2IiwiYSI6IjAiLCJwIjoiMTAsLTEwIn1dfQ.buh8P63syFtKOfq_b-PJ5ZqA1XTpOXYLQeMqDtt8TD4/image;s=2048x1536;q=80",,,,,
68433730,mieszkanie,RATAJE - TARAS - OKNA NA POŁUDNIE -WYSOKI STANDARD,73,4,2,795000,10890,ul. Unii Lubelskiej,Starołęka Mała,Poznań,,52.37331,16.95197,,,,https://www.otodom.pl/pl/oferta/rataje-taras-okna-na-poludnie-wysoki-standard-ID4D8JQ,"https://ireland.apollo.olxcdn.com/v1/files/eyJhbGciOiJIUzI1NiIsInR5cCI6IkpXVCJ9.eyJmbiI6IjRnYWJodTh6MDZ3NjItRUNPU1lTVEVNIiwidyI6W3siZm4iOiJlbnZmcXFlMWF5NGsxLUFQTCIsInMiOiIxNiIsImEiOiIwIiwicCI6IjEwLC0xMCJ9XX0.fkWDPI9sTMXOlZ7Xb_xjMYDJPLXSdaMxnA-4PFZN1zE/image;s=2048x1536;q=80,https://ireland.apollo.olxcdn.com/v1/files/eyJhbGciOiJIUzI1NiIsInR5cCI6IkpXVCJ9.eyJmbiI6InJqNWN4dndwYWw2MDMtRUNPU1lTVEVNIiwidyI6W3siZm4iOiJlbnZmcXFlMWF5NGsxLUFQTCIsInMiOiIxNiIsImEiOiIwIiwicCI6IjEwLC0xMCJ9XX0.hKiMKGtTKObrupbgypi-369p8aKBWnd37qE9huLpYhA/image;s=2048x1536;q=80,https://ireland.apollo.olxcdn.com/v1/files/eyJhbGciOiJIUzI1NiIsInR5cCI6IkpXVCJ9.eyJmbiI6InJ1Y3F5dm42eTFhNjItRUNPU1lTVEVNIiwidyI6W3siZm4iOiJlbnZmcXFlMWF5NGsxLUFQTCIsInMiOiIxNiIsImEiOiIwIiwicCI6IjEwLC0xMCJ9XX0.BN6A8l7xA2_XCSe1fLEbOeawPLvhmu7bixMibnYhgss/image;s=2048x1536;q=80",,,,,
68360751,mieszkanie,Balkon 16 m2❗️2 łazienki❗️Nowy etap inwestycji❗️,73.42,4,2,795000,10828,,Rataje,Poznań,,52.382758,16.952265,,,,https://www.otodom.pl/pl/oferta/balkon-16-m22-lazienkinowy-etap-inwestycji-ID4CPKL,"https://ireland.apollo.olxcdn.com/v1/files/eyJhbGciOiJIUzI1NiIsInR5cCI6IkpXVCJ9.eyJmbiI6ImhtaDh1bXpha3c1MTMtRUNPU1lTVEVNIiwidyI6W3siZm4iOiJlbnZmcXFlMWF5NGsxLUFQTCIsInMiOiIxNiIsImEiOiIwIiwicCI6IjEwLC0xMCJ9XX0.9XvKljA5V8Nw65rXBfAZqU2QEi0L-cVsyiS3WZi5g2A/image;s=2048x1536;q=80,https://ireland.apollo.olxcdn.com/v1/files/eyJhbGciOiJIUzI1NiIsInR5cCI6IkpXVCJ9.eyJmbiI6Imt6bHNxMmJhOXNvbDEtRUNPU1lTVEVNIiwidyI6W3siZm4iOiJlbnZmcXFlMWF5NGsxLUFQTCIsInMiOiIxNiIsImEiOiIwIiwicCI6IjEwLC0xMCJ9XX0.RDOhJOrrYR8nYlkButefnxBURwghxspR970839i6Nhs/image;s=2048x1536;q=80,https://ireland.apollo.olxcdn.com/v1/files/eyJhbGciOiJIUzI1NiIsInR5cCI6IkpXVCJ9.eyJmbiI6ImJqeDVldDM1aDNrai1FQ09TWVNURU0iLCJ3IjpbeyJmbiI6ImVudmZxcWUxYXk0azEtQVBMIiwicyI6IjE2IiwiYSI6IjAiLCJwIjoiMTAsLTEwIn1dfQ.EfDMppEDteMVrLwqWxL6t3jC61Np66rSFXGzOwAeyiU/image;s=2048x1536;q=80",,,,,
68331551,mieszkanie,4 pokoje _ 2 piętro + taras,73.42,4,2,795000,10828,,Rataje,Poznań,,52.39013,16.953591,,,,https://www.otodom.pl/pl/oferta/4-pokoje-2-pietro-taras-ID4CI9N,"https://ireland.apollo.olxcdn.com/v1/files/eyJhbGciOiJIUzI1NiIsInR5cCI6IkpXVCJ9.eyJmbiI6IndlanA3ZXg2b3JmbDMtRUNPU1lTVEVNIiwidyI6W3siZm4iOiJlbnZmcXFlMWF5NGsxLUFQTCIsInMiOiIxNiIsImEiOiIwIiwicCI6IjEwLC0xMCJ9XX0.7o4Ul-WFqYLGSeA1DaxR_BBxHUFk6KPM8_1Jsud6AOU/image;s=2048x1536;q=80,https://ireland.apollo.olxcdn.com/v1/files/eyJhbGciOiJIUzI1NiIsInR5cCI6IkpXVCJ9.eyJmbiI6Imx5cTE1cXVpNjFsYTMtRUNPU1lTVEVNIiwidyI6W3siZm4iOiJlbnZmcXFlMWF5NGsxLUFQTCIsInMiOiIxNiIsImEiOiIwIiwicCI6IjEwLC0xMCJ9XX0.ntZh8XWG3kRmBZz14CnePfGsPaiiElQxkUHZwVMlddc/image;s=2048x1536;q=80,https://ireland.apollo.olxcdn.com/v1/files/eyJhbGciOiJIUzI1NiIsInR5cCI6IkpXVCJ9.eyJmbiI6IjN2azJpMGR2bGFzYi1FQ09TWVNURU0iLCJ3IjpbeyJmbiI6ImVudmZxcWUxYXk0azEtQVBMIiwicyI6IjE2IiwiYSI6IjAiLCJwIjoiMTAsLTEwIn1dfQ.fHovIFc0trolKBnsCiNdX9QYIKVUO8tbHsQPGr2-A18/image;s=2048x1536;q=80",,,,,
96836075100067,mieszkanie,Balkon 16 m2❗️2 łazienki❗️Nowy etap inwestycji❗️,73.42,4,2,795000,10828,,Łacina,Poznań,,52.398522,16.960366,,,,https://www.otodom.pl/pl/oferta/balkon-16-m22-lazienkinowy-etap-inwestycji-ID4CPKL,"https://ireland.apollo.olxcdn.com/v1/files/eyJhbGciOiJIUzI1NiIsInR5cCI6IkpXVCJ9.eyJmbiI6ImhvOW1tbnVmcHZ1Zy1FQ09TWVNURU0iLCJ3IjpbeyJmbiI6ImVudmZxcWUxYXk0azEtQVBMIiwicyI6IjE2IiwiYSI6IjAiLCJwIjoiMTAsLTEwIn1dfQ.Og6vONl3TfNIJGvcDO2Im_8WNVcApWdH3bbefPyCpYE/image;s=2048x1536;q=80,https://ireland.apollo.olxcdn.com/v1/files/eyJhbGciOiJIUzI1NiIsInR5cCI6IkpXVCJ9.eyJmbiI6IjZocDYybGx1cDcyODMtRUNPU1lTVEVNIiwidyI6W3siZm4iOiJlbnZmcXFlMWF5NGsxLUFQTCIsInMiOiIxNiIsImEiOiIwIiwicCI6IjEwLC0xMCJ9XX0.S5toW-lu-jBm56KS0UGb7wg6YSHmMB5sJ2utczqY6yo/image;s=2048x1536;q=80,https://ireland.apollo.olxcdn.com/v1/files/eyJhbGciOiJIUzI1NiIsInR5cCI6IkpXVCJ9.eyJmbiI6IjVzemFheGdhanYwODItRUNPU1lTVEVNIiwidyI6W3siZm4iOiJlbnZmcXFlMWF5NGsxLUFQTCIsInMiOiIxNiIsImEiOiIwIiwicCI6IjEwLC0xMCJ9XX0.5MwhCE-Xv7xSfjmyLw88npeK4R3OO5qxUwxNUr34M0Q/image;s=2048x1536;q=80",,,,,
68227231,mieszkanie,4 pokoje | 2 łazienki | 2 balkony | Idealne dla rodziny | Rataje,73.42,4,2,795000,10828,ul. Wagrowska,Starołęka Mała,Poznań,,52.368462,16.93264,,,,https://www.otodom.pl/pl/oferta/4-pokoje-2-lazienki-2-balkony-idealne-dla-rodziny-rataje-ID4Ch1d,"https://ireland.apollo.olxcdn.com/v1/files/eyJhbGciOiJIUzI1NiIsInR5cCI6IkpXVCJ9.eyJmbiI6IjV3OWFqeWtvdTN0bTMtQVBMIiwidyI6W3siZm4iOiJlbnZmcXFlMWF5NGsxLUFQTCIsInMiOiIxNiIsImEiOiIwIiwicCI6IjEwLC0xMCJ9XX0.MIXfRalDKGNxTJcJYt4vnEYH8aZPkYdhTJianreU5zg/image;s=2048x1536;q=80,https://ireland.apollo.olxcdn.com/v1/files/eyJhbGciOiJIUzI1NiIsInR5cCI6IkpXVCJ9.eyJmbiI6InF2bnQ4aWZoMHQ2NS1BUEwiLCJ3IjpbeyJmbiI6ImVudmZxcWUxYXk0azEtQVBMIiwicyI6IjE2IiwiYSI6IjAiLCJwIjoiMTAsLTEwIn1dfQ.xT-0Fhgm5NW-QuqgUR-Nuglc3RS9oyecQIUsUbd_EcQ/image;s=2048x1536;q=80,https://ireland.apollo.olxcdn.com/v1/files/eyJhbGciOiJIUzI1NiIsInR5cCI6IkpXVCJ9.eyJmbiI6IjRmb3BpcWlqYjFtOC1BUEwiLCJ3IjpbeyJmbiI6ImVudmZxcWUxYXk0azEtQVBMIiwicyI6IjE2IiwiYSI6IjAiLCJwIjoiMTAsLTEwIn1dfQ.CGW5AHA0m9vP_GRQqFZGBk8_u9ey0YibqnngvQcY4QY/image;s=2048x1536;q=80",,,,,
68414427,mieszkanie,WPROWADŹ SIĘ SZYBKO - ZOBACZ NA ŻYWO - JASNE - DWUSTRONNE - PREMIUM,83,3,4,798000,9614,ul. Winogrady,Winogrady,Poznań,,52.425974,16.939207,,,,https://www.otodom.pl/pl/oferta/wprowadz-sie-szybko-zobacz-na-zywo-jasne-dwustronne-premium-ID4D3Iw,"https://ireland.apollo.olxcdn.com/v1/files/eyJhbGciOiJIUzI1NiIsInR5cCI6IkpXVCJ9.eyJmbiI6IjJ6bnRseWMxdnYyNzMtQVBMIiwidyI6W3siZm4iOiJlbnZmcXFlMWF5NGsxLUFQTCIsInMiOiIxNiIsImEiOiIwIiwicCI6IjEwLC0xMCJ9XX0.he_PBZ3Ykw10A8T3Po9anUesqN6aCfdxNlEQEimbI_4/image;s=2048x1536;q=80,https://ireland.apollo.olxcdn.com/v1/files/eyJhbGciOiJIUzI1NiIsInR5cCI6IkpXVCJ9.eyJmbiI6InFmczIyY2VtcmFsdTItQVBMIiwidyI6W3siZm4iOiJlbnZmcXFlMWF5NGsxLUFQTCIsInMiOiIxNiIsImEiOiIwIiwicCI6IjEwLC0xMCJ9XX0.jtzHnVx97SLBq6dl2gYxMIfeZ8PyckcerabU_K-SEdc/image;s=2048x1536;q=80,https://ireland.apollo.olxcdn.com/v1/files/eyJhbGciOiJIUzI1NiIsInR5cCI6IkpXVCJ9.eyJmbiI6IjNub3llaDJrYmRjcjEtQVBMIiwidyI6W3siZm4iOiJlbnZmcXFlMWF5NGsxLUFQTCIsInMiOiIxNiIsImEiOiIwIiwicCI6IjEwLC0xMCJ9XX0.bms-0GEr_6kcw2UEpHiyuHjZXxuZLhhVQxMJWvLJdSI/image;s=2048x1536;q=80",,,,,
66614331,dom,Domy Osiedle Makowe ul. Gnieźnieńska 16/17,130.18,4,,798000,6130,,Murowana Goślina,,,52.57181,17.02344,,,,https://www.otodom.pl/pl/oferta/domy-osiedle-makowe-ul-gnieznienska-16-17-ID4wwqH,"https://ireland.apollo.olxcdn.com/v1/files/eyJhbGciOiJIUzI1NiIsInR5cCI6IkpXVCJ9.eyJmbiI6InJ3ZnJsYm56dHEzajEtQVBMIiwidyI6W3siZm4iOiJlbnZmcXFlMWF5NGsxLUFQTCIsInMiOiIxNiIsImEiOiIwIiwicCI6IjEwLC0xMCJ9XX0.IpKqv-MNfY6pA7cAzGchiFT4v2WGHrOiXBODOajOzLQ/image;s=2048x1536;q=80,https://ireland.apollo.olxcdn.com/v1/files/eyJhbGciOiJIUzI1NiIsInR5cCI6IkpXVCJ9.eyJmbiI6Im04dHdmOGQycm4waTEtQVBMIiwidyI6W3siZm4iOiJlbnZmcXFlMWF5NGsxLUFQTCIsInMiOiIxNiIsImEiOiIwIiwicCI6IjEwLC0xMCJ9XX0.zF93bE-UDuJem8tnHWJajvvDZZfU9DjAfw7Fe4P_RFE/image;s=2048x1536;q=80,https://ireland.apollo.olxcdn.com/v1/files/eyJhbGciOiJIUzI1NiIsInR5cCI6IkpXVCJ9.eyJmbiI6IjJiYjRqZG15eHh0MS1BUEwiLCJ3IjpbeyJmbiI6ImVudmZxcWUxYXk0azEtQVBMIiwicyI6IjE2IiwiYSI6IjAiLCJwIjoiMTAsLTEwIn1dfQ.jjW5UNueD2OvaeqYZClAzGpZdYLLuH9uRsaydDRe-Nw/image;s=2048x1536;q=80",,,,,
68446074,dom,Dom w spokojnej Okolicy | 5 Pokoi + Garaż,122.21,5,,798000,6530,,Góra,Tarnowo Podgórne,,52.48746,16.64929,,,,https://www.otodom.pl/pl/oferta/dom-w-spokojnej-okolicy-5-pokoi-garaz-ID4DbVV,"https://ireland.apollo.olxcdn.com/v1/files/eyJhbGciOiJIUzI1NiIsInR5cCI6IkpXVCJ9.eyJmbiI6Inl4ZXhhMTViNnBtajEtQVBMIiwidyI6W3siZm4iOiJlbnZmcXFlMWF5NGsxLUFQTCIsInMiOiIxNiIsImEiOiIwIiwicCI6IjEwLC0xMCJ9XX0.7XpLlqUQJiljxYjhV-emdmPZd4PEHQRSU314NFudl68/image;s=2048x1536;q=80,https://ireland.apollo.olxcdn.com/v1/files/eyJhbGciOiJIUzI1NiIsInR5cCI6IkpXVCJ9.eyJmbiI6ImVrZnJia3Y3dHZjNzItQVBMIiwidyI6W3siZm4iOiJlbnZmcXFlMWF5NGsxLUFQTCIsInMiOiIxNiIsImEiOiIwIiwicCI6IjEwLC0xMCJ9XX0.XzgsY0ujZH2WoKy1MxPK6XoJkim3yhrosZ-Ziyenagc/image;s=2048x1536;q=80,https://ireland.apollo.olxcdn.com/v1/files/eyJhbGciOiJIUzI1NiIsInR5cCI6IkpXVCJ9.eyJmbiI6Im1hOGpvajhlYXNmajEtQVBMIiwidyI6W3siZm4iOiJlbnZmcXFlMWF5NGsxLUFQTCIsInMiOiIxNiIsImEiOiIwIiwicCI6IjEwLC0xMCJ9XX0.aefXD6zLzGYTZchhp4apc_LOFyFxcf9ro15fGDI1KVA/image;s=2048x1536;q=80",,,,,
68477367,mieszkanie,Wielki salon - 2 Łazienki - GOTOWE - Zobacz na żywo!  || Pełna oferta,82.83,3,4,798060,9635,ul. Naramowicka,Winogrady,Poznań,,52.4361,16.94736,,,,https://www.otodom.pl/pl/oferta/wielki-salon-2-lazienki-gotowe-zobacz-na-zywo-pelna-oferta-ID4Dk5F,"https://ireland.apollo.olxcdn.com/v1/files/eyJhbGciOiJIUzI1NiIsInR5cCI6IkpXVCJ9.eyJmbiI6IjNvZjI4djducmxrYzItQVBMIiwidyI6W3siZm4iOiJlbnZmcXFlMWF5NGsxLUFQTCIsInMiOiIxNiIsImEiOiIwIiwicCI6IjEwLC0xMCJ9XX0.Dj9qfcTwlQh62SpbTucQaMHmXIOFAdRnwDZX1EkE35k/image;s=2048x1536;q=80,https://ireland.apollo.olxcdn.com/v1/files/eyJhbGciOiJIUzI1NiIsInR5cCI6IkpXVCJ9.eyJmbiI6Ing1MXhiMThqNjJ0cDEtQVBMIiwidyI6W3siZm4iOiJlbnZmcXFlMWF5NGsxLUFQTCIsInMiOiIxNiIsImEiOiIwIiwicCI6IjEwLC0xMCJ9XX0.wjTd04K12mbUnXypjhX-ChFtiysWBTQk4o_r5SWmd8E/image;s=2048x1536;q=80,https://ireland.apollo.olxcdn.com/v1/files/eyJhbGciOiJIUzI1NiIsInR5cCI6IkpXVCJ9.eyJmbiI6IjlldTg4eDZvOXZ5NjEtQVBMIiwidyI6W3siZm4iOiJlbnZmcXFlMWF5NGsxLUFQTCIsInMiOiIxNiIsImEiOiIwIiwicCI6IjEwLC0xMCJ9XX0.Uwz1iTrJ2CCOrE2VngwgXFHGNtzXwNyhk7iJ_3W9QbU/image;s=2048x1536;q=80",,,,,
68465263,mieszkanie,Dwustronne i przestronne | Łazienka+WC+Garderoba | Umów się i obejrzyj,82.83,3,4,798060,9635,,Winogrady,Poznań,,52.434865,16.938353,,,,https://www.otodom.pl/pl/oferta/dwustronne-i-przestronne-lazienka-wc-garderoba-umow-sie-i-obejrzyj-ID4DgVr,"https://ireland.apollo.olxcdn.com/v1/files/eyJhbGciOiJIUzI1NiIsInR5cCI6IkpXVCJ9.eyJmbiI6Im5vbDE1aHA1ZG1zbTEtQVBMIiwidyI6W3siZm4iOiJlbnZmcXFlMWF5NGsxLUFQTCIsInMiOiIxNiIsImEiOiIwIiwicCI6IjEwLC0xMCJ9XX0.Gyq2iif7nQ7du-DgoKjc5uIZ3atP__vMG0hIYxwpca4/image;s=2048x1536;q=80,https://ireland.apollo.olxcdn.com/v1/files/eyJhbGciOiJIUzI1NiIsInR5cCI6IkpXVCJ9.eyJmbiI6InRjNTBzZGd1ZTZwdi1BUEwiLCJ3IjpbeyJmbiI6ImVudmZxcWUxYXk0azEtQVBMIiwicyI6IjE2IiwiYSI6IjAiLCJwIjoiMTAsLTEwIn1dfQ.zreh4B4RTSs9AJ2itnZ9jWBiWirrsajJijdS_EQb63Q/image;s=2048x1536;q=80,https://ireland.apollo.olxcdn.com/v1/files/eyJhbGciOiJIUzI1NiIsInR5cCI6IkpXVCJ9.eyJmbiI6InFwdDd3aWtrN3BtYjItQVBMIiwidyI6W3siZm4iOiJlbnZmcXFlMWF5NGsxLUFQTCIsInMiOiIxNiIsImEiOiIwIiwicCI6IjEwLC0xMCJ9XX0.QQi9AwK9gTedfkOQ3sL5fGbYZeiZ_5WDkRbvFFGhAWM/image;s=2048x1536;q=80",,,,,
68248975,mieszkanie,Dla Rodziny|3 Pokoje|Garderoba|Top Lokalizacja|Klucze Październik,82.83,3,4,798060,9635,Winogrady,Winogrady,Poznań,,52.43615,16.94832,,,,https://www.otodom.pl/pl/oferta/dla-rodziny-3-pokoje-garderoba-top-lokalizacja-klucze-pazdziernik-ID4CmFW,"https://ireland.apollo.olxcdn.com/v1/files/eyJhbGciOiJIUzI1NiIsInR5cCI6IkpXVCJ9.eyJmbiI6InNybm1waDN1YnBubzMtRUNPU1lTVEVNIiwidyI6W3siZm4iOiJlbnZmcXFlMWF5NGsxLUFQTCIsInMiOiIxNiIsImEiOiIwIiwicCI6IjEwLC0xMCJ9XX0.aPdvmqMuzQVi-J9H9CqNwrPREmBJ2R5StHfV_YZG_AA/image;s=2048x1536;q=80,https://ireland.apollo.olxcdn.com/v1/files/eyJhbGciOiJIUzI1NiIsInR5cCI6IkpXVCJ9.eyJmbiI6ImUybGs2ZGZ0dTVwOTItRUNPU1lTVEVNIiwidyI6W3siZm4iOiJlbnZmcXFlMWF5NGsxLUFQTCIsInMiOiIxNiIsImEiOiIwIiwicCI6IjEwLC0xMCJ9XX0.-PB1p_rqXv_SiYYt-9Z1IEe59t0tZJGWDJyRit8asEA/image;s=2048x1536;q=80,https://ireland.apollo.olxcdn.com/v1/files/eyJhbGciOiJIUzI1NiIsInR5cCI6IkpXVCJ9.eyJmbiI6ImxhbThiZnoyZnR6cDMtRUNPU1lTVEVNIiwidyI6W3siZm4iOiJlbnZmcXFlMWF5NGsxLUFQTCIsInMiOiIxNiIsImEiOiIwIiwicCI6IjEwLC0xMCJ9XX0.f5keJn4iXJzU2hztn-Wr94xzaWAVq-OlPwGsiYUWYRY/image;s=2048x1536;q=80",,,,,
68432991,mieszkanie,"RABAT 160 000 |3 POK  82,90 m2 | WINOGRADY",82.9,4,4,798780,9635,,Winogrady,Poznań,,52.4317,16.9432,,,,https://www.otodom.pl/pl/oferta/rabat-160-000-3-pok-82-90-m2-winogrady-ID4D8xW,"https://ireland.apollo.olxcdn.com/v1/files/eyJhbGciOiJIUzI1NiIsInR5cCI6IkpXVCJ9.eyJmbiI6Im05anFlNGl3MHVnNjEtRUNPU1lTVEVNIiwidyI6W3siZm4iOiJlbnZmcXFlMWF5NGsxLUFQTCIsInMiOiIxNiIsImEiOiIwIiwicCI6IjEwLC0xMCJ9XX0.ztQWjzQs0XL6Td78BK8afjhoywmuqy399le4x31fTJA/image;s=2048x1536;q=80,https://ireland.apollo.olxcdn.com/v1/files/eyJhbGciOiJIUzI1NiIsInR5cCI6IkpXVCJ9.eyJmbiI6ImMzcmhrZ3BzazZvMi1FQ09TWVNURU0iLCJ3IjpbeyJmbiI6ImVudmZxcWUxYXk0azEtQVBMIiwicyI6IjE2IiwiYSI6IjAiLCJwIjoiMTAsLTEwIn1dfQ.a4P2OQclcce8uAVuFnSx2HBawJSc62jGxrMpQxmZX44/image;s=2048x1536;q=80,https://ireland.apollo.olxcdn.com/v1/files/eyJhbGciOiJIUzI1NiIsInR5cCI6IkpXVCJ9.eyJmbiI6InVnYm51cWRyeHFrNTItRUNPU1lTVEVNIiwidyI6W3siZm4iOiJlbnZmcXFlMWF5NGsxLUFQTCIsInMiOiIxNiIsImEiOiIwIiwicCI6IjEwLC0xMCJ9XX0.5r7eMPRNkw0C1vZFqXimH_9IoA_wcU4Y0goX2QmlQC4/image;s=2048x1536;q=80",,,,,
68421872,mieszkanie,3 pokoje | Ogródek + loggia | Dwustronne | 74 m²,74,5,0,799000,10797,,Jeżyce,Poznań,,52.41706,16.89563,,,,https://www.otodom.pl/pl/oferta/3-pokoje-ogrodek-loggia-dwustronne-74-m-ID4D5EA,"https://ireland.apollo.olxcdn.com/v1/files/eyJhbGciOiJIUzI1NiIsInR5cCI6IkpXVCJ9.eyJmbiI6Im1vZ3BxejVzN2VvbTEtRUNPU1lTVEVNIiwidyI6W3siZm4iOiJlbnZmcXFlMWF5NGsxLUFQTCIsInMiOiIxNiIsImEiOiIwIiwicCI6IjEwLC0xMCJ9XX0.swCAvzTWPoligTbLohI1z6zP_X3YqJJ3qlXkraZ5ODc/image;s=2048x1536;q=80,https://ireland.apollo.olxcdn.com/v1/files/eyJhbGciOiJIUzI1NiIsInR5cCI6IkpXVCJ9.eyJmbiI6InJmOWVzc3hlZmY5ZzMtRUNPU1lTVEVNIiwidyI6W3siZm4iOiJlbnZmcXFlMWF5NGsxLUFQTCIsInMiOiIxNiIsImEiOiIwIiwicCI6IjEwLC0xMCJ9XX0.iRhGoyrjiCBNaerP91kYyMkBnury9D17d96gFHKt4pU/image;s=2048x1536;q=80,https://ireland.apollo.olxcdn.com/v1/files/eyJhbGciOiJIUzI1NiIsInR5cCI6IkpXVCJ9.eyJmbiI6ImEwY2RyY3dwdXZzMzEtRUNPU1lTVEVNIiwidyI6W3siZm4iOiJlbnZmcXFlMWF5NGsxLUFQTCIsInMiOiIxNiIsImEiOiIwIiwicCI6IjEwLC0xMCJ9XX0.mjVS3DgTi5iNeukwva41yAmwEJmpFN1efaYFPseZMWA/image;s=2048x1536;q=80",,,,,
68413661,mieszkanie,TOP oferta I 3 pokoje I Dwustronne I Ogródek I Balkon I Bez prowizji,73.89,3,0,799000,10813,ul. Klemensa Janickiego,Jeżyce,Poznań,,52.413479,16.902793,,,,https://www.otodom.pl/pl/oferta/top-oferta-i-3-pokoje-i-dwustronne-i-ogrodek-i-balkon-i-bez-prowizji-ID4D3v9,"https://ireland.apollo.olxcdn.com/v1/files/eyJhbGciOiJIUzI1NiIsInR5cCI6IkpXVCJ9.eyJmbiI6ImV0NXNzc3B5NXZzMS1BUEwiLCJ3IjpbeyJmbiI6ImVudmZxcWUxYXk0azEtQVBMIiwicyI6IjE2IiwiYSI6IjAiLCJwIjoiMTAsLTEwIn1dfQ.wCF3ytTR4umcVwALkoF2IWjQvB8H-noijc8PwPRR0rg/image;s=2048x1536;q=80,https://ireland.apollo.olxcdn.com/v1/files/eyJhbGciOiJIUzI1NiIsInR5cCI6IkpXVCJ9.eyJmbiI6Im00em1zZTFtbTRmOS1BUEwiLCJ3IjpbeyJmbiI6ImVudmZxcWUxYXk0azEtQVBMIiwicyI6IjE2IiwiYSI6IjAiLCJwIjoiMTAsLTEwIn1dfQ.wcKfZH20j6_20JhTbl1QQvCBw37_109G1InulnbXkFs/image;s=2048x1536;q=80,https://ireland.apollo.olxcdn.com/v1/files/eyJhbGciOiJIUzI1NiIsInR5cCI6IkpXVCJ9.eyJmbiI6InZ1cWFyMG91dmRjbTMtQVBMIiwidyI6W3siZm4iOiJlbnZmcXFlMWF5NGsxLUFQTCIsInMiOiIxNiIsImEiOiIwIiwicCI6IjEwLC0xMCJ9XX0.khjXd9pVhVxmAIUu2ut753UTPc0yKtYH3JeVN6nbHoI/image;s=2048x1536;q=80",,,,,
68419120,dom,Komfortowy | Ogródek | Szybki Dojazd,100,5,,799000,7990,,Grunwald Północ,Poznań,,52.41186,16.872603,,,,https://www.otodom.pl/pl/oferta/komfortowy-ogrodek-szybki-dojazd-ID4D4Vc,"https://ireland.apollo.olxcdn.com/v1/files/eyJhbGciOiJIUzI1NiIsInR5cCI6IkpXVCJ9.eyJmbiI6Im9pYTMxcXIwbzFjMDItQVBMIiwidyI6W3siZm4iOiJlbnZmcXFlMWF5NGsxLUFQTCIsInMiOiIxNiIsImEiOiIwIiwicCI6IjEwLC0xMCJ9XX0.eaBJIk4kfPVpjb7LdwioovghZQPZiqS4neV-TBTWQwA/image;s=2048x1536;q=80,https://ireland.apollo.olxcdn.com/v1/files/eyJhbGciOiJIUzI1NiIsInR5cCI6IkpXVCJ9.eyJmbiI6InV5bXFrN2dvNTBiMjItQVBMIiwidyI6W3siZm4iOiJlbnZmcXFlMWF5NGsxLUFQTCIsInMiOiIxNiIsImEiOiIwIiwicCI6IjEwLC0xMCJ9XX0.AX1gA57KISLgjAm5tBSzn5rm9LxhUvYsDJIP-adJEao/image;s=2048x1536;q=80,https://ireland.apollo.olxcdn.com/v1/files/eyJhbGciOiJIUzI1NiIsInR5cCI6IkpXVCJ9.eyJmbiI6IjY1dXo4cHh2bHNwZC1BUEwiLCJ3IjpbeyJmbiI6ImVudmZxcWUxYXk0azEtQVBMIiwicyI6IjE2IiwiYSI6IjAiLCJwIjoiMTAsLTEwIn1dfQ.IzJeASHRQaOJ4o_6wJv5zQ-sy03lh48TR9D-US8eovQ/image;s=2048x1536;q=80",,,,,
68486554,dom,"Nowoczesny bliźniak, bardzo atrakcyjna okolica",98,5,,799000,8153,,Ławica,Poznań,,52.41066,16.82059,,,,https://www.otodom.pl/pl/oferta/nowoczesny-blizniak-bardzo-atrakcyjna-okolica-ID4DmtQ,"https://ireland.apollo.olxcdn.com/v1/files/eyJhbGciOiJIUzI1NiIsInR5cCI6IkpXVCJ9.eyJmbiI6Im5ua3lrdzBkb2dwczEtQVBMIiwidyI6W3siZm4iOiJlbnZmcXFlMWF5NGsxLUFQTCIsInMiOiIxNiIsImEiOiIwIiwicCI6IjEwLC0xMCJ9XX0.x0EKrArfup829w12Q7V_UgLZU_gIqFE6HZNt6iQx_n0/image;s=2048x1536;q=80,https://ireland.apollo.olxcdn.com/v1/files/eyJhbGciOiJIUzI1NiIsInR5cCI6IkpXVCJ9.eyJmbiI6IjBqa3ZwZDVpNmU3bzItQVBMIiwidyI6W3siZm4iOiJlbnZmcXFlMWF5NGsxLUFQTCIsInMiOiIxNiIsImEiOiIwIiwicCI6IjEwLC0xMCJ9XX0.DvBACIaWSiF-gDfoz1GdXbXO7R3LEx2K-g8B9hBoCe4/image;s=2048x1536;q=80,https://ireland.apollo.olxcdn.com/v1/files/eyJhbGciOiJIUzI1NiIsInR5cCI6IkpXVCJ9.eyJmbiI6IjhuZm01YWswZXVsNDEtQVBMIiwidyI6W3siZm4iOiJlbnZmcXFlMWF5NGsxLUFQTCIsInMiOiIxNiIsImEiOiIwIiwicCI6IjEwLC0xMCJ9XX0.CqoOw0-mGgmEYeHVX_LHOj1Aga90rDViE_oAA_0OSKM/image;s=2048x1536;q=80",,,,,
68380424,dom,"Przytulny bliźniak z ogródkiem, świetna okolica",98,5,,799000,8153,,Ławica,Poznań,,52.41066,16.82059,,,,https://www.otodom.pl/pl/oferta/przytulny-blizniak-z-ogrodkiem-swietna-okolica-ID4CUS4,"https://ireland.apollo.olxcdn.com/v1/files/eyJhbGciOiJIUzI1NiIsInR5cCI6IkpXVCJ9.eyJmbiI6ImdnemN2Nnpoc2lyMzMtQVBMIiwidyI6W3siZm4iOiJlbnZmcXFlMWF5NGsxLUFQTCIsInMiOiIxNiIsImEiOiIwIiwicCI6IjEwLC0xMCJ9XX0.Pa580_u4MRv4XnYB-yPDrGPQb3OcIOT1fv-_BGa1cJQ/image;s=2048x1536;q=80,https://ireland.apollo.olxcdn.com/v1/files/eyJhbGciOiJIUzI1NiIsInR5cCI6IkpXVCJ9.eyJmbiI6ImtuNmkwaThtNGQ3ZjItQVBMIiwidyI6W3siZm4iOiJlbnZmcXFlMWF5NGsxLUFQTCIsInMiOiIxNiIsImEiOiIwIiwicCI6IjEwLC0xMCJ9XX0.EzecPe_6obUI7lWurbZaxqMmGLdSHpaIWohsYiYpqRc/image;s=2048x1536;q=80,https://ireland.apollo.olxcdn.com/v1/files/eyJhbGciOiJIUzI1NiIsInR5cCI6IkpXVCJ9.eyJmbiI6IjM3dXZjeTF4N2pnYTItQVBMIiwidyI6W3siZm4iOiJlbnZmcXFlMWF5NGsxLUFQTCIsInMiOiIxNiIsImEiOiIwIiwicCI6IjEwLC0xMCJ9XX0.HV7POMX8Aw4qQfR88y7mkbQl6OvX7IaNcZMI1UN9w34/image;s=2048x1536;q=80",,,,,
68219456,dom,Spokojne Osiedle | Szybki Dojazd | Blisko Las,100,5,,799000,7990,,Marcelin,Poznań,,52.39419,16.72483,,,,https://www.otodom.pl/pl/oferta/spokojne-osiedle-szybki-dojazd-blisko-las-ID4CeZO,"https://ireland.apollo.olxcdn.com/v1/files/eyJhbGciOiJIUzI1NiIsInR5cCI6IkpXVCJ9.eyJmbiI6IjV6MGM4ZWRuMTFwZi1BUEwiLCJ3IjpbeyJmbiI6ImVudmZxcWUxYXk0azEtQVBMIiwicyI6IjE2IiwiYSI6IjAiLCJwIjoiMTAsLTEwIn1dfQ.x96SjvkZbJTb631g8feC0odXPV4WgWg28vH1xuGvXsk/image;s=2048x1536;q=80,https://ireland.apollo.olxcdn.com/v1/files/eyJhbGciOiJIUzI1NiIsInR5cCI6IkpXVCJ9.eyJmbiI6IjdlYzJ2OHhzbTJicC1BUEwiLCJ3IjpbeyJmbiI6ImVudmZxcWUxYXk0azEtQVBMIiwicyI6IjE2IiwiYSI6IjAiLCJwIjoiMTAsLTEwIn1dfQ.XiUpzjoM4GQr057YDP--NikExrywP5UALXIf4mCbhek/image;s=2048x1536;q=80,https://ireland.apollo.olxcdn.com/v1/files/eyJhbGciOiJIUzI1NiIsInR5cCI6IkpXVCJ9.eyJmbiI6ImJ3cW5zZnV3ZnloaTEtQVBMIiwidyI6W3siZm4iOiJlbnZmcXFlMWF5NGsxLUFQTCIsInMiOiIxNiIsImEiOiIwIiwicCI6IjEwLC0xMCJ9XX0.r0DzIiwpjH-qIs7zRuTV71YaD0n7ZsxWWiR7lYnx7jM/image;s=2048x1536;q=80",,,,,
68488674,dom,"Komfortowy bliźniak, atrakcyjna lokalizacja",99,5,,799000,8071,,Skórzewo,Skórzewo,,52.3903,16.79074,,,,https://www.otodom.pl/pl/oferta/komfortowy-blizniak-atrakcyjna-lokalizacja-ID4Dn22,"https://ireland.apollo.olxcdn.com/v1/files/eyJhbGciOiJIUzI1NiIsInR5cCI6IkpXVCJ9.eyJmbiI6IjhlYzNnN2VxZmdidDItQVBMIiwidyI6W3siZm4iOiJlbnZmcXFlMWF5NGsxLUFQTCIsInMiOiIxNiIsImEiOiIwIiwicCI6IjEwLC0xMCJ9XX0.QnmJYawi89SgH-P83pDkehd3UkliAajLZutfXfd7sms/image;s=2048x1536;q=80,https://ireland.apollo.olxcdn.com/v1/files/eyJhbGciOiJIUzI1NiIsInR5cCI6IkpXVCJ9.eyJmbiI6InBodmZ6NGVvcnVvaDMtQVBMIiwidyI6W3siZm4iOiJlbnZmcXFlMWF5NGsxLUFQTCIsInMiOiIxNiIsImEiOiIwIiwicCI6IjEwLC0xMCJ9XX0.Q0R-9Mc5vo-28daH0COMYdWhjLK89xod6Q30yg94YKA/image;s=2048x1536;q=80,https://ireland.apollo.olxcdn.com/v1/files/eyJhbGciOiJIUzI1NiIsInR5cCI6IkpXVCJ9.eyJmbiI6Im1xenFraG9kZmVnZC1BUEwiLCJ3IjpbeyJmbiI6ImVudmZxcWUxYXk0azEtQVBMIiwicyI6IjE2IiwiYSI6IjAiLCJwIjoiMTAsLTEwIn1dfQ.ltyf8MOtqrMDtoBUjipEeI4emHLZMuuskAgBbA1gTyM/image;s=2048x1536;q=80",,,,,
64953554,dom,4-pokojowy dom w zabudowie bliźniaczej,103,4,,799000,7757,ul. Jodłowa,Kiekrz,Kiekrz,,52.49843,16.77144,,,,https://www.otodom.pl/pl/oferta/4-pokojowy-dom-w-zabudowie-blizniaczej-ID4oxnY,"https://ireland.apollo.olxcdn.com/v1/files/eyJhbGciOiJIUzI1NiIsInR5cCI6IkpXVCJ9.eyJmbiI6IjUwNW9icjA5NnF0MzMtQVBMIiwidyI6W3siZm4iOiJlbnZmcXFlMWF5NGsxLUFQTCIsInMiOiIxNiIsImEiOiIwIiwicCI6IjEwLC0xMCJ9XX0.IzA6ocexbH-3UI4o8g_dncYzToU8deeea88beBh9EHc/image;s=2048x1536;q=80,https://ireland.apollo.olxcdn.com/v1/files/eyJhbGciOiJIUzI1NiIsInR5cCI6IkpXVCJ9.eyJmbiI6Im4zbTNuMHkzcjd0YjMtQVBMIiwidyI6W3siZm4iOiJlbnZmcXFlMWF5NGsxLUFQTCIsInMiOiIxNiIsImEiOiIwIiwicCI6IjEwLC0xMCJ9XX0.kSBmqQvqfapmVfj436lyBYK9YiMkG0flMoNKhN_38V4/image;s=2048x1536;q=80,https://ireland.apollo.olxcdn.com/v1/files/eyJhbGciOiJIUzI1NiIsInR5cCI6IkpXVCJ9.eyJmbiI6IjB4eDIzOGdhbTNoNTEtQVBMIiwidyI6W3siZm4iOiJlbnZmcXFlMWF5NGsxLUFQTCIsInMiOiIxNiIsImEiOiIwIiwicCI6IjEwLC0xMCJ9XX0.D9xYiNhkkteP_TGTL_rS8BiQ8GuR00lRcI5BSXUGxfg/image;s=2048x1536;q=80",,,,,
67526139,dom,"Super położenie ,Wysoki standard. PROMOCJA - WYKOŃCZENIE W CENIE",121,6,,799000,6603,ul. Pogodna,Głuchowo,,,52.34841,16.77379,,,,https://www.otodom.pl/pl/oferta/super-polozenie-wysoki-standard-promocja-wykonczenie-w-cenie-ID4zkDh,"https://ireland.apollo.olxcdn.com/v1/files/eyJhbGciOiJIUzI1NiIsInR5cCI6IkpXVCJ9.eyJmbiI6ImE1d2VvZTNtZ3NieC1BUEwiLCJ3IjpbeyJmbiI6ImVudmZxcWUxYXk0azEtQVBMIiwicyI6IjE2IiwiYSI6IjAiLCJwIjoiMTAsLTEwIn1dfQ.3Q_hVZXuS1TK3M6Ykk4IAPl6CRJWCOzw5yMFa50YdSk/image;s=2048x1536;q=80,https://ireland.apollo.olxcdn.com/v1/files/eyJhbGciOiJIUzI1NiIsInR5cCI6IkpXVCJ9.eyJmbiI6Ijl4b2hua2Z1MWVuazEtQVBMIiwidyI6W3siZm4iOiJlbnZmcXFlMWF5NGsxLUFQTCIsInMiOiIxNiIsImEiOiIwIiwicCI6IjEwLC0xMCJ9XX0.bgPDeUyg1zOX8NiYetuS7kjKXjBTlnjVr0i_s1s2LRM/image;s=2048x1536;q=80,https://ireland.apollo.olxcdn.com/v1/files/eyJhbGciOiJIUzI1NiIsInR5cCI6IkpXVCJ9.eyJmbiI6InB4cnNlb2l5ODQ3bzMtQVBMIiwidyI6W3siZm4iOiJlbnZmcXFlMWF5NGsxLUFQTCIsInMiOiIxNiIsImEiOiIwIiwicCI6IjEwLC0xMCJ9XX0.YmYLGVbVPdRwLn4pPjrHEuspuwx5qoKvhxer0cSzmMU/image;s=2048x1536;q=80",,,,,
68374731,dom,Gotowy luty/ marzec 2027r./ dz. 514m2/ światłowód,103.32,4,,799000,7733,,Robakowo,,,52.29688,17.07484,,,,https://www.otodom.pl/pl/oferta/gotowy-luty-marzec-2027r-dz-514m2-swiatlowod-ID4CTof,"https://ireland.apollo.olxcdn.com/v1/files/eyJhbGciOiJIUzI1NiIsInR5cCI6IkpXVCJ9.eyJmbiI6Inp2aGh3OTA2b2szajEtRUNPU1lTVEVNIiwidyI6W3siZm4iOiJlbnZmcXFlMWF5NGsxLUFQTCIsInMiOiIxNiIsImEiOiIwIiwicCI6IjEwLC0xMCJ9XX0.ErZVkd8OxbKJ9qAVv3cWi_csHMezNXWeKZRITxYB4PE/image;s=2048x1536;q=80,https://ireland.apollo.olxcdn.com/v1/files/eyJhbGciOiJIUzI1NiIsInR5cCI6IkpXVCJ9.eyJmbiI6Imhnb2FhcGxpa2UybTItRUNPU1lTVEVNIiwidyI6W3siZm4iOiJlbnZmcXFlMWF5NGsxLUFQTCIsInMiOiIxNiIsImEiOiIwIiwicCI6IjEwLC0xMCJ9XX0.4DVqJQbxqLA7tscbKXd9C6_xd3pJqHqOwWRwoJMfDkE/image;s=2048x1536;q=80,https://ireland.apollo.olxcdn.com/v1/files/eyJhbGciOiJIUzI1NiIsInR5cCI6IkpXVCJ9.eyJmbiI6Indrdm1iNG1hcGF5eS1FQ09TWVNURU0iLCJ3IjpbeyJmbiI6ImVudmZxcWUxYXk0azEtQVBMIiwicyI6IjE2IiwiYSI6IjAiLCJwIjoiMTAsLTEwIn1dfQ.NJu94Q86WVC1IzjPPebFIcWEulXCYUsugOGLhLB8yg4/image;s=2048x1536;q=80",,,,,
68476246,dom,"Kompaktowy bliźniak z ogródkiem, blisko Poznania",98,5,,799000,8153,,Gołuski,,,52.35555,16.75349,,,,https://www.otodom.pl/pl/oferta/kompaktowy-blizniak-z-ogrodkiem-blisko-poznania-ID4DjNA,"https://ireland.apollo.olxcdn.com/v1/files/eyJhbGciOiJIUzI1NiIsInR5cCI6IkpXVCJ9.eyJmbiI6Inc5aXZzdnhqNjNzODItQVBMIiwidyI6W3siZm4iOiJlbnZmcXFlMWF5NGsxLUFQTCIsInMiOiIxNiIsImEiOiIwIiwicCI6IjEwLC0xMCJ9XX0.gAF1GQB--sRoXuJUYTPEzRf3reUVspbcth95qm2Cyt4/image;s=2048x1536;q=80,https://ireland.apollo.olxcdn.com/v1/files/eyJhbGciOiJIUzI1NiIsInR5cCI6IkpXVCJ9.eyJmbiI6IjRsaWExM3p1azhkeDItQVBMIiwidyI6W3siZm4iOiJlbnZmcXFlMWF5NGsxLUFQTCIsInMiOiIxNiIsImEiOiIwIiwicCI6IjEwLC0xMCJ9XX0.vNsJ7bYz1o7iLInUffNdgd5Qh9a26p9WjnPEoPJ6LKc/image;s=2048x1536;q=80,https://ireland.apollo.olxcdn.com/v1/files/eyJhbGciOiJIUzI1NiIsInR5cCI6IkpXVCJ9.eyJmbiI6ImNkZnZzODc2YXEyeDItQVBMIiwidyI6W3siZm4iOiJlbnZmcXFlMWF5NGsxLUFQTCIsInMiOiIxNiIsImEiOiIwIiwicCI6IjEwLC0xMCJ9XX0.vqO6wLV_8EcZEjeVhIygPdP-NkmcyaljIz-yjKawzZw/image;s=2048x1536;q=80",,,,,
68466418,dom,"Funkcjonalny bliźniak, dobry dojazd do Poznania",99,5,,799000,8071,,Tarnowo Podgórne,Tarnowo Podgórne,,52.44947,16.67143,,,,https://www.otodom.pl/pl/oferta/funkcjonalny-blizniak-dobry-dojazd-do-poznania-ID4Dhf4,"https://ireland.apollo.olxcdn.com/v1/files/eyJhbGciOiJIUzI1NiIsInR5cCI6IkpXVCJ9.eyJmbiI6IjcxMmdtcGs3NHRxcTMtQVBMIiwidyI6W3siZm4iOiJlbnZmcXFlMWF5NGsxLUFQTCIsInMiOiIxNiIsImEiOiIwIiwicCI6IjEwLC0xMCJ9XX0.gGvvFSWZt5HLvI9Yn2dbUKNVJhPc4q_gtjXLhDjL7vE/image;s=2048x1536;q=80,https://ireland.apollo.olxcdn.com/v1/files/eyJhbGciOiJIUzI1NiIsInR5cCI6IkpXVCJ9.eyJmbiI6IjNsajQydnoxaGkwbi1BUEwiLCJ3IjpbeyJmbiI6ImVudmZxcWUxYXk0azEtQVBMIiwicyI6IjE2IiwiYSI6IjAiLCJwIjoiMTAsLTEwIn1dfQ.nhwx6gQ12d35ies8SV6mKXlYeSbfNphP4gPukvE1ryk/image;s=2048x1536;q=80,https://ireland.apollo.olxcdn.com/v1/files/eyJhbGciOiJIUzI1NiIsInR5cCI6IkpXVCJ9.eyJmbiI6ImZocGZudTU4MGY3NC1BUEwiLCJ3IjpbeyJmbiI6ImVudmZxcWUxYXk0azEtQVBMIiwicyI6IjE2IiwiYSI6IjAiLCJwIjoiMTAsLTEwIn1dfQ.vGw1CMlFdYlhLL7-O9_sC_TkuNgpw-QR5wvB48EE5XU/image;s=2048x1536;q=80",,,,,
68420717,dom,"Dom parterowy 112 m2 z poddaszem KOBYLNIKI, ODBIERZ KLUCZE W TYM ROKU!",112.9,4,,799000,7077,ul. Urocza,Kobylniki,Kobylniki,,52.47128,16.72334,,,,https://www.otodom.pl/pl/oferta/dom-parterowy-112-m2-z-poddaszem-kobylniki-odbierz-klucze-w-tym-roku-ID4D5lX,"https://ireland.apollo.olxcdn.com/v1/files/eyJhbGciOiJIUzI1NiIsInR5cCI6IkpXVCJ9.eyJmbiI6InQ2Z3prdTlqd3dubzEtQVBMIiwidyI6W3siZm4iOiJlbnZmcXFlMWF5NGsxLUFQTCIsInMiOiIxNiIsImEiOiIwIiwicCI6IjEwLC0xMCJ9XX0.OtXES1sQfsfbKUetTJvczEa9rdVyRpzbQVtHNo1GH1k/image;s=2048x1536;q=80,https://ireland.apollo.olxcdn.com/v1/files/eyJhbGciOiJIUzI1NiIsInR5cCI6IkpXVCJ9.eyJmbiI6ImU4OXdyc2p5aHNhZi1BUEwiLCJ3IjpbeyJmbiI6ImVudmZxcWUxYXk0azEtQVBMIiwicyI6IjE2IiwiYSI6IjAiLCJwIjoiMTAsLTEwIn1dfQ.0G6d-oRMiCnNhp1zJKa4JriYtFgvXrd5s3W7mW1Pk34/image;s=2048x1536;q=80,https://ireland.apollo.olxcdn.com/v1/files/eyJhbGciOiJIUzI1NiIsInR5cCI6IkpXVCJ9.eyJmbiI6ImliaW83cGN6dThzcjItQVBMIiwidyI6W3siZm4iOiJlbnZmcXFlMWF5NGsxLUFQTCIsInMiOiIxNiIsImEiOiIwIiwicCI6IjEwLC0xMCJ9XX0.lKPH7wDXf3D4CW2Qu85_sGPyXsgdqVglnJ2tj3yIQVw/image;s=2048x1536;q=80",,,,,
67792775,dom,"Dom połowa bliźniaka Komorniki gm. Kleszczewo, 5 pokoi",119.6,5,,799000,6681,Bylin,Komorniki,Komorniki,,52.319873,17.121215,,,,https://www.otodom.pl/pl/oferta/dom-polowa-blizniaka-komorniki-gm-kleszczewo-5-pokoi-ID4ArZR,"https://ireland.apollo.olxcdn.com/v1/files/eyJhbGciOiJIUzI1NiIsInR5cCI6IkpXVCJ9.eyJmbiI6IncxMTd2cGJsaWh1bC1BUEwiLCJ3IjpbeyJmbiI6ImVudmZxcWUxYXk0azEtQVBMIiwicyI6IjE2IiwiYSI6IjAiLCJwIjoiMTAsLTEwIn1dfQ.QIrKFoO7l6WdfVZOMiDbW2LMpVqc1YS3wyKwV3BScgo/image;s=2048x1536;q=80,https://ireland.apollo.olxcdn.com/v1/files/eyJhbGciOiJIUzI1NiIsInR5cCI6IkpXVCJ9.eyJmbiI6ImhpcnpndHlwcGV4eDEtQVBMIiwidyI6W3siZm4iOiJlbnZmcXFlMWF5NGsxLUFQTCIsInMiOiIxNiIsImEiOiIwIiwicCI6IjEwLC0xMCJ9XX0.Kq56xop6_4RCjT5p5VyKe5DXwF84tI6GTGyUB54nXR8/image;s=2048x1536;q=80,https://ireland.apollo.olxcdn.com/v1/files/eyJhbGciOiJIUzI1NiIsInR5cCI6IkpXVCJ9.eyJmbiI6Im14dzVmdDhubmpmNDItQVBMIiwidyI6W3siZm4iOiJlbnZmcXFlMWF5NGsxLUFQTCIsInMiOiIxNiIsImEiOiIwIiwicCI6IjEwLC0xMCJ9XX0.dEyPtLvPWXvIh9JoBCjDWsu5tlNMWA7tgyGLNSPrJrc/image;s=2048x1536;q=80",,,,,
67792937,dom,"Dom połowa bliźniaka Kleszczewo ul. Owocowa, 5 pokoi",104.8,5,,799000,7624,ul. Owocowa,Kleszczewo,Kleszczewo,,52.33544,17.16995,,,,https://www.otodom.pl/pl/oferta/dom-polowa-blizniaka-kleszczewo-ul-owocowa-5-pokoi-ID4As2t,"https://ireland.apollo.olxcdn.com/v1/files/eyJhbGciOiJIUzI1NiIsInR5cCI6IkpXVCJ9.eyJmbiI6InRnbnFrbng1bjFjei1BUEwiLCJ3IjpbeyJmbiI6ImVudmZxcWUxYXk0azEtQVBMIiwicyI6IjE2IiwiYSI6IjAiLCJwIjoiMTAsLTEwIn1dfQ.vWqTvQmkjSYjB-SQ6TIFSxwJ7sH2qyNE0SopDta2Ypo/image;s=2048x1536;q=80,https://ireland.apollo.olxcdn.com/v1/files/eyJhbGciOiJIUzI1NiIsInR5cCI6IkpXVCJ9.eyJmbiI6InJnenpsYnRnd2t1djItQVBMIiwidyI6W3siZm4iOiJlbnZmcXFlMWF5NGsxLUFQTCIsInMiOiIxNiIsImEiOiIwIiwicCI6IjEwLC0xMCJ9XX0.MWMRPg-HWaHShNexLZZkhFKrWxZDKJzq7CSBEKvNXTo/image;s=2048x1536;q=80,https://ireland.apollo.olxcdn.com/v1/files/eyJhbGciOiJIUzI1NiIsInR5cCI6IkpXVCJ9.eyJmbiI6InAzMmp2ajZ1cXF1aTMtQVBMIiwidyI6W3siZm4iOiJlbnZmcXFlMWF5NGsxLUFQTCIsInMiOiIxNiIsImEiOiIwIiwicCI6IjEwLC0xMCJ9XX0.Lw_mwIowq-p3JqBvHMvt19bEYrCNNHkokUlUx3qNDt0/image;s=2048x1536;q=80",,,,,
68463377,dom,"Rodzinny dom z ogródkiem, atrakcyjna lokalizacja",100,5,,799000,7990,,Dąbrowa,Dąbrowa,,52.40492,16.74679,,,,https://www.otodom.pl/pl/oferta/rodzinny-dom-z-ogrodkiem-atrakcyjna-lokalizacja-ID4Dgs1,"https://ireland.apollo.olxcdn.com/v1/files/eyJhbGciOiJIUzI1NiIsInR5cCI6IkpXVCJ9.eyJmbiI6IjczZnJhN2Frb3l0MS1BUEwiLCJ3IjpbeyJmbiI6ImVudmZxcWUxYXk0azEtQVBMIiwicyI6IjE2IiwiYSI6IjAiLCJwIjoiMTAsLTEwIn1dfQ.jXauCFMOJcDYLUduKPj83KXCZR1vE5puaFJ9FWUVJXc/image;s=2048x1536;q=80,https://ireland.apollo.olxcdn.com/v1/files/eyJhbGciOiJIUzI1NiIsInR5cCI6IkpXVCJ9.eyJmbiI6InhzcDQxMTlqOG44bjEtQVBMIiwidyI6W3siZm4iOiJlbnZmcXFlMWF5NGsxLUFQTCIsInMiOiIxNiIsImEiOiIwIiwicCI6IjEwLC0xMCJ9XX0.wnDQXvT6zRUV8f6wYxHaVgs-XqG_SIpUlfsk-bMRM_Q/image;s=2048x1536;q=80,https://ireland.apollo.olxcdn.com/v1/files/eyJhbGciOiJIUzI1NiIsInR5cCI6IkpXVCJ9.eyJmbiI6ImxzMDFiMzloenpuZTMtQVBMIiwidyI6W3siZm4iOiJlbnZmcXFlMWF5NGsxLUFQTCIsInMiOiIxNiIsImEiOiIwIiwicCI6IjEwLC0xMCJ9XX0.-KrbmYDVJM6N2PM_jkHgr1OBUCZrUXn4Pkm80S630MM/image;s=2048x1536;q=80",,,,,
68353210,dom,"Funkcjonalny, atrakcyjne osiedle, blisko las",100,5,,799000,7990,,Rokietnica,Rokietnica,,52.51359,16.74704,,,,https://www.otodom.pl/pl/oferta/funkcjonalny-atrakcyjne-osiedle-blisko-las-ID4CNN8,"https://ireland.apollo.olxcdn.com/v1/files/eyJhbGciOiJIUzI1NiIsInR5cCI6IkpXVCJ9.eyJmbiI6InB1MTR5cnVmcTI2NS1BUEwiLCJ3IjpbeyJmbiI6ImVudmZxcWUxYXk0azEtQVBMIiwicyI6IjE2IiwiYSI6IjAiLCJwIjoiMTAsLTEwIn1dfQ.RtRjgOtrS4QtUtXuHeNEIkWTZIuaHkFvlZ5pk0Tr3Y4/image;s=2048x1536;q=80,https://ireland.apollo.olxcdn.com/v1/files/eyJhbGciOiJIUzI1NiIsInR5cCI6IkpXVCJ9.eyJmbiI6InBqdnNiYWtodHc0Zi1BUEwiLCJ3IjpbeyJmbiI6ImVudmZxcWUxYXk0azEtQVBMIiwicyI6IjE2IiwiYSI6IjAiLCJwIjoiMTAsLTEwIn1dfQ.fN6e1QTv5Z3ep6kgzuDLXdq1zwxpc7hij3PJiB3nbxw/image;s=2048x1536;q=80,https://ireland.apollo.olxcdn.com/v1/files/eyJhbGciOiJIUzI1NiIsInR5cCI6IkpXVCJ9.eyJmbiI6InQxdWFhNjBka21ubC1BUEwiLCJ3IjpbeyJmbiI6ImVudmZxcWUxYXk0azEtQVBMIiwicyI6IjE2IiwiYSI6IjAiLCJwIjoiMTAsLTEwIn1dfQ.fXHL30_IKW8ub9_vMVZBXYvlD9Rqq5t5-VNCOedze8A/image;s=2048x1536;q=80",,,,,
67859695,dom,"Dom Bliźniak, taras, ogród, garaż - wszystkie media Swarzędz Gortatowo",105.81,5,,799000,7551,,Swarzędz,Swarzędz,,52.4076,17.07351,,,,https://www.otodom.pl/pl/oferta/dom-blizniak-taras-ogrod-garaz-wszystkie-media-swarzedz-gortatowo-ID4AJpd,"https://ireland.apollo.olxcdn.com/v1/files/eyJhbGciOiJIUzI1NiIsInR5cCI6IkpXVCJ9.eyJmbiI6InY4ZXF4OWZiNDZtZzEtQVBMIiwidyI6W3siZm4iOiJlbnZmcXFlMWF5NGsxLUFQTCIsInMiOiIxNiIsImEiOiIwIiwicCI6IjEwLC0xMCJ9XX0.vrvBGdw9wXn0SdZiE52cJiHxNqrsleRcTGgUaQr2x0g/image;s=2048x1536;q=80,https://ireland.apollo.olxcdn.com/v1/files/eyJhbGciOiJIUzI1NiIsInR5cCI6IkpXVCJ9.eyJmbiI6InZyZzZ5dWIxNWxwMDItQVBMIiwidyI6W3siZm4iOiJlbnZmcXFlMWF5NGsxLUFQTCIsInMiOiIxNiIsImEiOiIwIiwicCI6IjEwLC0xMCJ9XX0.k2-kfbB3fTQum9F4cN7NlRpnEDl-A5fs0ztAjqdMjA0/image;s=2048x1536;q=80,https://ireland.apollo.olxcdn.com/v1/files/eyJhbGciOiJIUzI1NiIsInR5cCI6IkpXVCJ9.eyJmbiI6ImF1OTVnbGkwcTUwZzEtQVBMIiwidyI6W3siZm4iOiJlbnZmcXFlMWF5NGsxLUFQTCIsInMiOiIxNiIsImEiOiIwIiwicCI6IjEwLC0xMCJ9XX0.hr2H11vOmwuGFtUyh_q8WwNHsaJ1on60V8MTkyQSZ7A/image;s=2048x1536;q=80",,,,,
67879229,dom,Bezpośrednio | bliźniak 115 m² | działka 512 m² | 15 min do Poznania,115,4,,799000,6948,Olszynowa,Rokietnica,Rokietnica,,52.515148,16.761269,,,,https://www.otodom.pl/pl/oferta/bezposrednio-blizniak-115-m-dzialka-512-m-15-min-do-poznania-ID4AOuh,"https://ireland.apollo.olxcdn.com/v1/files/eyJhbGciOiJIUzI1NiIsInR5cCI6IkpXVCJ9.eyJmbiI6IjBmOXNsb3dhMmdlcDEtQVBMIiwidyI6W3siZm4iOiJlbnZmcXFlMWF5NGsxLUFQTCIsInMiOiIxNiIsImEiOiIwIiwicCI6IjEwLC0xMCJ9XX0.QunLeq5gqc-gIF8Bflw89wzsL6uDPZGS4VhVykE-k-E/image;s=2048x1536;q=80,https://ireland.apollo.olxcdn.com/v1/files/eyJhbGciOiJIUzI1NiIsInR5cCI6IkpXVCJ9.eyJmbiI6InljYXcycG12NTg2ZDItQVBMIiwidyI6W3siZm4iOiJlbnZmcXFlMWF5NGsxLUFQTCIsInMiOiIxNiIsImEiOiIwIiwicCI6IjEwLC0xMCJ9XX0.klzV8a2d39Wx7PfhaAQje8RUmeB3fLy2HkpX4HlRhf4/image;s=2048x1536;q=80,https://ireland.apollo.olxcdn.com/v1/files/eyJhbGciOiJIUzI1NiIsInR5cCI6IkpXVCJ9.eyJmbiI6ImdqdmFrNGk1NjhkeC1BUEwiLCJ3IjpbeyJmbiI6ImVudmZxcWUxYXk0azEtQVBMIiwicyI6IjE2IiwiYSI6IjAiLCJwIjoiMTAsLTEwIn1dfQ.w1GiTjnHb3nNmSG6j3VZbD3joMI6C4XpQpfj77oVj-U/image;s=2048x1536;q=80",,,,,
96779277500067,dom,"Dom połowa bliźniaka Komorniki gm. Kleszczewo, 5 pokoi",119.6,5,,799000,6681,Bylin,Komorniki,Komorniki,,52.319873,17.121215,,,,https://www.otodom.pl/pl/oferta/dom-polowa-blizniaka-komorniki-gm-kleszczewo-5-pokoi-ID4ArZR,"https://ireland.apollo.olxcdn.com/v1/files/eyJhbGciOiJIUzI1NiIsInR5cCI6IkpXVCJ9.eyJmbiI6IncxMTd2cGJsaWh1bC1BUEwiLCJ3IjpbeyJmbiI6ImVudmZxcWUxYXk0azEtQVBMIiwicyI6IjE2IiwiYSI6IjAiLCJwIjoiMTAsLTEwIn1dfQ.QIrKFoO7l6WdfVZOMiDbW2LMpVqc1YS3wyKwV3BScgo/image;s=2048x1536;q=80,https://ireland.apollo.olxcdn.com/v1/files/eyJhbGciOiJIUzI1NiIsInR5cCI6IkpXVCJ9.eyJmbiI6ImhpcnpndHlwcGV4eDEtQVBMIiwidyI6W3siZm4iOiJlbnZmcXFlMWF5NGsxLUFQTCIsInMiOiIxNiIsImEiOiIwIiwicCI6IjEwLC0xMCJ9XX0.Kq56xop6_4RCjT5p5VyKe5DXwF84tI6GTGyUB54nXR8/image;s=2048x1536;q=80,https://ireland.apollo.olxcdn.com/v1/files/eyJhbGciOiJIUzI1NiIsInR5cCI6IkpXVCJ9.eyJmbiI6Im14dzVmdDhubmpmNDItQVBMIiwidyI6W3siZm4iOiJlbnZmcXFlMWF5NGsxLUFQTCIsInMiOiIxNiIsImEiOiIwIiwicCI6IjEwLC0xMCJ9XX0.dEyPtLvPWXvIh9JoBCjDWsu5tlNMWA7tgyGLNSPrJrc/image;s=2048x1536;q=80",,,,,
68439283,dom,"Połówka bliźniaka, dobra lokalizacja, spory ogród",99,5,,799000,8071,,Lusowo,,,52.43279,16.70535,,,,https://www.otodom.pl/pl/oferta/polowka-blizniaka-dobra-lokalizacja-spory-ogrod-ID4Dabp,"https://ireland.apollo.olxcdn.com/v1/files/eyJhbGciOiJIUzI1NiIsInR5cCI6IkpXVCJ9.eyJmbiI6InA2azlld2puOWJsMjMtQVBMIiwidyI6W3siZm4iOiJlbnZmcXFlMWF5NGsxLUFQTCIsInMiOiIxNiIsImEiOiIwIiwicCI6IjEwLC0xMCJ9XX0.o4Hfa7rWB5mDeAyUqy5wZlg2AgJe1sM9n3gweaXqWxQ/image;s=2048x1536;q=80,https://ireland.apollo.olxcdn.com/v1/files/eyJhbGciOiJIUzI1NiIsInR5cCI6IkpXVCJ9.eyJmbiI6InhxOHhxN3B4b2VoZTMtQVBMIiwidyI6W3siZm4iOiJlbnZmcXFlMWF5NGsxLUFQTCIsInMiOiIxNiIsImEiOiIwIiwicCI6IjEwLC0xMCJ9XX0.Exvdjtu83fuW0kTr4IVhKXJ-LPMhz0b_HWaxmXcxO6c/image;s=2048x1536;q=80,https://ireland.apollo.olxcdn.com/v1/files/eyJhbGciOiJIUzI1NiIsInR5cCI6IkpXVCJ9.eyJmbiI6ImlxZDYzdzFmOHo1MzEtQVBMIiwidyI6W3siZm4iOiJlbnZmcXFlMWF5NGsxLUFQTCIsInMiOiIxNiIsImEiOiIwIiwicCI6IjEwLC0xMCJ9XX0.LgYEx5Ppea9rAcR8liTY2sv0LQHMnR8Xf-e7Xcaac6o/image;s=2048x1536;q=80",,,,,
68375783,dom,"Funkcjonalny z ogródkiem, dobry dojazd do centrum",100,5,,799000,7990,,Dąbrówka,,,52.38372,16.7451,,,,https://www.otodom.pl/pl/oferta/funkcjonalny-z-ogrodkiem-dobry-dojazd-do-centrum-ID4CTFd,"https://ireland.apollo.olxcdn.com/v1/files/eyJhbGciOiJIUzI1NiIsInR5cCI6IkpXVCJ9.eyJmbiI6ImQ0ZTN0dm8zNjZibjItQVBMIiwidyI6W3siZm4iOiJlbnZmcXFlMWF5NGsxLUFQTCIsInMiOiIxNiIsImEiOiIwIiwicCI6IjEwLC0xMCJ9XX0.jJ-BpQZ8OakIBF773NrSEtUFqNwQxyk3QBUVNvKNITY/image;s=2048x1536;q=80,https://ireland.apollo.olxcdn.com/v1/files/eyJhbGciOiJIUzI1NiIsInR5cCI6IkpXVCJ9.eyJmbiI6Im5qeWg0N3MxODFjejEtQVBMIiwidyI6W3siZm4iOiJlbnZmcXFlMWF5NGsxLUFQTCIsInMiOiIxNiIsImEiOiIwIiwicCI6IjEwLC0xMCJ9XX0.wveM6gkEgqSFEGjwszQqEuZe1_SQRkmHOQr5UKOYyy4/image;s=2048x1536;q=80,https://ireland.apollo.olxcdn.com/v1/files/eyJhbGciOiJIUzI1NiIsInR5cCI6IkpXVCJ9.eyJmbiI6InloN21xMTM5NzF6MTItQVBMIiwidyI6W3siZm4iOiJlbnZmcXFlMWF5NGsxLUFQTCIsInMiOiIxNiIsImEiOiIwIiwicCI6IjEwLC0xMCJ9XX0.j4t4BKSneWLVcXvA9tPCK_xbbRSHnyMcfbLXJUo50zk/image;s=2048x1536;q=80",,,,,
68435759,dom,"Funkcjonalny, atrakcyjne osiedle, blisko las",100,5,,799000,7990,,Skórzewo,,,52.3903,16.79074,,,,https://www.otodom.pl/pl/oferta/funkcjonalny-atrakcyjne-osiedle-blisko-las-ID4D9gz,"https://ireland.apollo.olxcdn.com/v1/files/eyJhbGciOiJIUzI1NiIsInR5cCI6IkpXVCJ9.eyJmbiI6IjY5cjBlbGFjYzQwYi1BUEwiLCJ3IjpbeyJmbiI6ImVudmZxcWUxYXk0azEtQVBMIiwicyI6IjE2IiwiYSI6IjAiLCJwIjoiMTAsLTEwIn1dfQ.lOFu20Olr8aRAIaoXgc_ZbpVGfUfNseh5FwJ8CjNADU/image;s=2048x1536;q=80,https://ireland.apollo.olxcdn.com/v1/files/eyJhbGciOiJIUzI1NiIsInR5cCI6IkpXVCJ9.eyJmbiI6ImUxb2d2dm96azgwNjEtQVBMIiwidyI6W3siZm4iOiJlbnZmcXFlMWF5NGsxLUFQTCIsInMiOiIxNiIsImEiOiIwIiwicCI6IjEwLC0xMCJ9XX0.HyKb4cWnKGEB-vRQxgpNAnOb8hUrvb3-uGhP3sDdfiE/image;s=2048x1536;q=80,https://ireland.apollo.olxcdn.com/v1/files/eyJhbGciOiJIUzI1NiIsInR5cCI6IkpXVCJ9.eyJmbiI6ImtrcnU4YzNwMmUzai1BUEwiLCJ3IjpbeyJmbiI6ImVudmZxcWUxYXk0azEtQVBMIiwicyI6IjE2IiwiYSI6IjAiLCJwIjoiMTAsLTEwIn1dfQ.F5nqdtf1YrKpUkDUHCcerlJEfZXZSqxHNQ7wJjppLUQ/image;s=2048x1536;q=80",,,,,
68340797,dom,"Nowoczesny bliźniak, bardzo atrakcyjna okolica",99,5,,799000,8071,,Zakrzewo,,,52.39419,16.72483,,,,https://www.otodom.pl/pl/oferta/nowoczesny-blizniak-bardzo-atrakcyjna-okolica-ID4CKyW,"https://ireland.apollo.olxcdn.com/v1/files/eyJhbGciOiJIUzI1NiIsInR5cCI6IkpXVCJ9.eyJmbiI6InV4bmo4aGJ6aDJ1azEtQVBMIiwidyI6W3siZm4iOiJlbnZmcXFlMWF5NGsxLUFQTCIsInMiOiIxNiIsImEiOiIwIiwicCI6IjEwLC0xMCJ9XX0.tStosaTlQFPhE-3Ixb-7rqIK91IhCsV2J7LXIUnkx_k/image;s=2048x1536;q=80,https://ireland.apollo.olxcdn.com/v1/files/eyJhbGciOiJIUzI1NiIsInR5cCI6IkpXVCJ9.eyJmbiI6InZha2FvaGd5dnkwMTEtQVBMIiwidyI6W3siZm4iOiJlbnZmcXFlMWF5NGsxLUFQTCIsInMiOiIxNiIsImEiOiIwIiwicCI6IjEwLC0xMCJ9XX0.mtMU7WU_KYkZvgrF8rLiOUUURECQP265c_dSEEiMC98/image;s=2048x1536;q=80,https://ireland.apollo.olxcdn.com/v1/files/eyJhbGciOiJIUzI1NiIsInR5cCI6IkpXVCJ9.eyJmbiI6IjRtd3JseHd3dXg2di1BUEwiLCJ3IjpbeyJmbiI6ImVudmZxcWUxYXk0azEtQVBMIiwicyI6IjE2IiwiYSI6IjAiLCJwIjoiMTAsLTEwIn1dfQ.qhrF7EdlpKO8-zgvMMXIIr1us92QjbdKg-d7Vwotsw4/image;s=2048x1536;q=80",,,,,
67545233,dom,Dom pod Poznaniem. Wysoki Standard budowy! PIERWSZY LOKAL TANIEJ !,121,6,,799000,6603,ul. Pogodna,Głuchowo,,,52.34841,16.77379,,,,https://www.otodom.pl/pl/oferta/dom-pod-poznaniem-wysoki-standard-budowy-pierwszy-lokal-taniej-ID4zpBf,"https://ireland.apollo.olxcdn.com/v1/files/eyJhbGciOiJIUzI1NiIsInR5cCI6IkpXVCJ9.eyJmbiI6InBsYnNjMXZlc21pcDItQVBMIiwidyI6W3siZm4iOiJlbnZmcXFlMWF5NGsxLUFQTCIsInMiOiIxNiIsImEiOiIwIiwicCI6IjEwLC0xMCJ9XX0.FBcyBQNo5s4RXZGKfbngBCqZg83ZzXIhAdvoMn_ae-M/image;s=2048x1536;q=80,https://ireland.apollo.olxcdn.com/v1/files/eyJhbGciOiJIUzI1NiIsInR5cCI6IkpXVCJ9.eyJmbiI6IjF6cGcxeHIyeHQ2MjItQVBMIiwidyI6W3siZm4iOiJlbnZmcXFlMWF5NGsxLUFQTCIsInMiOiIxNiIsImEiOiIwIiwicCI6IjEwLC0xMCJ9XX0.ifXV8pX8nVJVZSqDoZFKL7w7B8AJZueZEM3gOQwDk8k/image;s=2048x1536;q=80,https://ireland.apollo.olxcdn.com/v1/files/eyJhbGciOiJIUzI1NiIsInR5cCI6IkpXVCJ9.eyJmbiI6ImJzY2ltamszMTE0Yi1BUEwiLCJ3IjpbeyJmbiI6ImVudmZxcWUxYXk0azEtQVBMIiwicyI6IjE2IiwiYSI6IjAiLCJwIjoiMTAsLTEwIn1dfQ.HP5qjbYFdSCq7JPPIJGXDx8pvPb-EwSjU1-k7eyJBMI/image;s=2048x1536;q=80",,,,,
66256968,dom,Dom blisko Poznania odbiór _I_Q_2027,118,4,,799000,6771,,Sapowice,Sapowice,,52.29473,16.629835,,,,https://www.otodom.pl/pl/oferta/dom-blisko-poznania-odbior-i-q-2027-ID4u0sM,"https://ireland.apollo.olxcdn.com/v1/files/eyJhbGciOiJIUzI1NiIsInR5cCI6IkpXVCJ9.eyJmbiI6InpudnZvencwcWtkbjItQVBMIiwidyI6W3siZm4iOiJlbnZmcXFlMWF5NGsxLUFQTCIsInMiOiIxNiIsImEiOiIwIiwicCI6IjEwLC0xMCJ9XX0.C04TrPp7ITS1NeA4RXu0YjFZ70NCAxvXSh_FdNTPkPk/image;s=2048x1536;q=80,https://ireland.apollo.olxcdn.com/v1/files/eyJhbGciOiJIUzI1NiIsInR5cCI6IkpXVCJ9.eyJmbiI6Inh2ZWZrMGRreXFidzEtQVBMIiwidyI6W3siZm4iOiJlbnZmcXFlMWF5NGsxLUFQTCIsInMiOiIxNiIsImEiOiIwIiwicCI6IjEwLC0xMCJ9XX0.nzAZGuq-h8otUbG-hWeMrIGOK6d_XmyG9SAKu2bGrUg/image;s=2048x1536;q=80,https://ireland.apollo.olxcdn.com/v1/files/eyJhbGciOiJIUzI1NiIsInR5cCI6IkpXVCJ9.eyJmbiI6IjByaHdsaHExb3RkaDEtQVBMIiwidyI6W3siZm4iOiJlbnZmcXFlMWF5NGsxLUFQTCIsInMiOiIxNiIsImEiOiIwIiwicCI6IjEwLC0xMCJ9XX0.5z8QEQKmKQ_kbCwy4aNE6oZvwTYN5TdwpjNLXASPVK4/image;s=2048x1536;q=80",,,,,
68416569,dom,Funkcjonalny bliźniak w doskonałej lokalizacji,99,5,,799000,8071,,Dąbrówka,,,52.36435,16.70384,,,,https://www.otodom.pl/pl/oferta/funkcjonalny-blizniak-w-doskonalej-lokalizacji-ID4D4h3,"https://ireland.apollo.olxcdn.com/v1/files/eyJhbGciOiJIUzI1NiIsInR5cCI6IkpXVCJ9.eyJmbiI6Imhja3RyN2JjODFyMS1BUEwiLCJ3IjpbeyJmbiI6ImVudmZxcWUxYXk0azEtQVBMIiwicyI6IjE2IiwiYSI6IjAiLCJwIjoiMTAsLTEwIn1dfQ.SFSN8Mao6JP-IKJE85tzWe1L3Y140AxNZxeU5MFNAQE/image;s=2048x1536;q=80,https://ireland.apollo.olxcdn.com/v1/files/eyJhbGciOiJIUzI1NiIsInR5cCI6IkpXVCJ9.eyJmbiI6IjBic3YzcXkwamQ1djItQVBMIiwidyI6W3siZm4iOiJlbnZmcXFlMWF5NGsxLUFQTCIsInMiOiIxNiIsImEiOiIwIiwicCI6IjEwLC0xMCJ9XX0.HpCzRDT5tSf1WbXhnRqKkemUaTaNTsxuzLr_X3Ov8ls/image;s=2048x1536;q=80,https://ireland.apollo.olxcdn.com/v1/files/eyJhbGciOiJIUzI1NiIsInR5cCI6IkpXVCJ9.eyJmbiI6ImxkbDJ0b2FsZGdmYjEtQVBMIiwidyI6W3siZm4iOiJlbnZmcXFlMWF5NGsxLUFQTCIsInMiOiIxNiIsImEiOiIwIiwicCI6IjEwLC0xMCJ9XX0.L0xGUp9P3s9Wm3ll0oyTlJbZJ5KHKRsI2dcohO62AB4/image;s=2048x1536;q=80",,,,,
68411247,dom,"Atrakcyjny z dużym ogródekiem, dobra lokalizacja",100,5,,799000,7990,,Palędzie,Palędzie,,52.37054,16.74283,,,,https://www.otodom.pl/pl/oferta/atrakcyjny-z-duzym-ogrodekiem-dobra-lokalizacja-ID4D2Td,"https://ireland.apollo.olxcdn.com/v1/files/eyJhbGciOiJIUzI1NiIsInR5cCI6IkpXVCJ9.eyJmbiI6ImxjZWM4ZjhkaWxlOTMtQVBMIiwidyI6W3siZm4iOiJlbnZmcXFlMWF5NGsxLUFQTCIsInMiOiIxNiIsImEiOiIwIiwicCI6IjEwLC0xMCJ9XX0.gXGLIGo5fu73MY0VghE3FdbSHPCaR1unOiHp65-BOmE/image;s=2048x1536;q=80,https://ireland.apollo.olxcdn.com/v1/files/eyJhbGciOiJIUzI1NiIsInR5cCI6IkpXVCJ9.eyJmbiI6ImJndWlpMmhhZjZiNzEtQVBMIiwidyI6W3siZm4iOiJlbnZmcXFlMWF5NGsxLUFQTCIsInMiOiIxNiIsImEiOiIwIiwicCI6IjEwLC0xMCJ9XX0.lFnsMj0zW4-jMQbuGuCwtJ0uhTd_cWcUM0PreH2G5WA/image;s=2048x1536;q=80,https://ireland.apollo.olxcdn.com/v1/files/eyJhbGciOiJIUzI1NiIsInR5cCI6IkpXVCJ9.eyJmbiI6ImY2OGJieDY5Zjg2cTItQVBMIiwidyI6W3siZm4iOiJlbnZmcXFlMWF5NGsxLUFQTCIsInMiOiIxNiIsImEiOiIwIiwicCI6IjEwLC0xMCJ9XX0.C7Iz1lIY2wGnC28bQEM9xoROwWBbk-cA6lYKUDrfZ9Q/image;s=2048x1536;q=80",,,,,
68407669,dom,"Nowoczesny dom parterowy z dużym ogrodem | Trzcielin, gm. Dopiewo",86.24,4,,799000,9265,,Dopiewo,Dopiewo,,52.35646,16.67792,,,,https://www.otodom.pl/pl/oferta/nowoczesny-dom-parterowy-z-duzym-ogrodem-trzcielin-gm-dopiewo-ID4D1Xw,"https://ireland.apollo.olxcdn.com/v1/files/eyJhbGciOiJIUzI1NiIsInR5cCI6IkpXVCJ9.eyJmbiI6ImRwaW0xMHV3a3BnNTEtQVBMIiwidyI6W3siZm4iOiJlbnZmcXFlMWF5NGsxLUFQTCIsInMiOiIxNiIsImEiOiIwIiwicCI6IjEwLC0xMCJ9XX0.IBarnzMfiu4V3Xgr2znc3cwssEMjfkwel74wu-Cx7Mg/image;s=2048x1536;q=80,https://ireland.apollo.olxcdn.com/v1/files/eyJhbGciOiJIUzI1NiIsInR5cCI6IkpXVCJ9.eyJmbiI6ImlzeDJ5Z3l2OHd6OTMtQVBMIiwidyI6W3siZm4iOiJlbnZmcXFlMWF5NGsxLUFQTCIsInMiOiIxNiIsImEiOiIwIiwicCI6IjEwLC0xMCJ9XX0.l6ztfefas696jV9nosusXmW2edWJeEPRYi8Lc-RmGrg/image;s=2048x1536;q=80,https://ireland.apollo.olxcdn.com/v1/files/eyJhbGciOiJIUzI1NiIsInR5cCI6IkpXVCJ9.eyJmbiI6Imc0aTNmbzF0ejE1cDMtQVBMIiwidyI6W3siZm4iOiJlbnZmcXFlMWF5NGsxLUFQTCIsInMiOiIxNiIsImEiOiIwIiwicCI6IjEwLC0xMCJ9XX0.iEmmiodPQF7VNatb5O3O3ivn-ezzQWx2dGpV_Yv6raE/image;s=2048x1536;q=80",,,,,
68405801,dom,Komfortowy Funkcjonalny| Szybki Dojazd |Blisko Las,98,5,,799000,8153,,Zakrzewo,Zakrzewo,,52.39419,16.72483,,,,https://www.otodom.pl/pl/oferta/komfortowy-funkcjonalny-szybki-dojazd-blisko-las-ID4D1tn,"https://ireland.apollo.olxcdn.com/v1/files/eyJhbGciOiJIUzI1NiIsInR5cCI6IkpXVCJ9.eyJmbiI6Inc0NXdjZnZmdzF1Ni1BUEwiLCJ3IjpbeyJmbiI6ImVudmZxcWUxYXk0azEtQVBMIiwicyI6IjE2IiwiYSI6IjAiLCJwIjoiMTAsLTEwIn1dfQ.3_SFNvigyM170pRo8sg5BVMmIiWfrAx0DpqzT7__sRU/image;s=2048x1536;q=80,https://ireland.apollo.olxcdn.com/v1/files/eyJhbGciOiJIUzI1NiIsInR5cCI6IkpXVCJ9.eyJmbiI6Im9ycHdoajl5emprcjItQVBMIiwidyI6W3siZm4iOiJlbnZmcXFlMWF5NGsxLUFQTCIsInMiOiIxNiIsImEiOiIwIiwicCI6IjEwLC0xMCJ9XX0._FUl39Ul6a1Kz3Zsqb3_el2LtcJLMQ2Cn8hE41Ke-sg/image;s=2048x1536;q=80,https://ireland.apollo.olxcdn.com/v1/files/eyJhbGciOiJIUzI1NiIsInR5cCI6IkpXVCJ9.eyJmbiI6IjNqMWxrNDJzazZsdDEtQVBMIiwidyI6W3siZm4iOiJlbnZmcXFlMWF5NGsxLUFQTCIsInMiOiIxNiIsImEiOiIwIiwicCI6IjEwLC0xMCJ9XX0.SPYKyrnIkFE8w73Mgr_gQjWRlf1VgzvIWT01j03O8TY/image;s=2048x1536;q=80",,,,,
68401777,dom,"Przytulny dom z ogródkiem, atrakcyjna okolica",99,5,,799000,8071,,Przeźmierowo,Przeźmierowo,,52.42452,16.78829,,,,https://www.otodom.pl/pl/oferta/przytulny-dom-z-ogrodkiem-atrakcyjna-okolica-ID4D0qt,"https://ireland.apollo.olxcdn.com/v1/files/eyJhbGciOiJIUzI1NiIsInR5cCI6IkpXVCJ9.eyJmbiI6IjRtOWh2dHh4amF5ZjItQVBMIiwidyI6W3siZm4iOiJlbnZmcXFlMWF5NGsxLUFQTCIsInMiOiIxNiIsImEiOiIwIiwicCI6IjEwLC0xMCJ9XX0.zmJvBLwvr5WQlRPoguUaDU2mmH37iRLBVGiYW4Zg8P0/image;s=2048x1536;q=80,https://ireland.apollo.olxcdn.com/v1/files/eyJhbGciOiJIUzI1NiIsInR5cCI6IkpXVCJ9.eyJmbiI6IjIxdWF0cnY2ZWd2bi1BUEwiLCJ3IjpbeyJmbiI6ImVudmZxcWUxYXk0azEtQVBMIiwicyI6IjE2IiwiYSI6IjAiLCJwIjoiMTAsLTEwIn1dfQ.JFzc5nY6GfUvods3xwnYnPnyinGH1CVBubXNYxgLAjc/image;s=2048x1536;q=80,https://ireland.apollo.olxcdn.com/v1/files/eyJhbGciOiJIUzI1NiIsInR5cCI6IkpXVCJ9.eyJmbiI6IjVxZWJiY2QweXdqajItQVBMIiwidyI6W3siZm4iOiJlbnZmcXFlMWF5NGsxLUFQTCIsInMiOiIxNiIsImEiOiIwIiwicCI6IjEwLC0xMCJ9XX0.rZSi3a6FtDuKifLGUt73y-_0wQv2FnwhGWtc4_4chTQ/image;s=2048x1536;q=80",,,,,
68392361,dom,Funkcjonalny | Ogródek | Szybki dojazd do centrum,100,5,,799000,7990,,Sady,Sady,,52.45015,16.72851,,,,https://www.otodom.pl/pl/oferta/funkcjonalny-ogrodek-szybki-dojazd-do-centrum-ID4CXYB,"https://ireland.apollo.olxcdn.com/v1/files/eyJhbGciOiJIUzI1NiIsInR5cCI6IkpXVCJ9.eyJmbiI6IjhrZzZqdHFiajhhbjMtQVBMIiwidyI6W3siZm4iOiJlbnZmcXFlMWF5NGsxLUFQTCIsInMiOiIxNiIsImEiOiIwIiwicCI6IjEwLC0xMCJ9XX0.BxpxHsjUFty2MX1nbm-laFP8yTBxyShB6qnwMOPrQBo/image;s=2048x1536;q=80,https://ireland.apollo.olxcdn.com/v1/files/eyJhbGciOiJIUzI1NiIsInR5cCI6IkpXVCJ9.eyJmbiI6InIzZ2h5NnhtN3Vnby1BUEwiLCJ3IjpbeyJmbiI6ImVudmZxcWUxYXk0azEtQVBMIiwicyI6IjE2IiwiYSI6IjAiLCJwIjoiMTAsLTEwIn1dfQ.o1o-AIRwmHWQyhemkrG01WZXj2yY_3ug0o_yGi9Oam8/image;s=2048x1536;q=80,https://ireland.apollo.olxcdn.com/v1/files/eyJhbGciOiJIUzI1NiIsInR5cCI6IkpXVCJ9.eyJmbiI6IjJoaHp6dHUzcXJzNDEtQVBMIiwidyI6W3siZm4iOiJlbnZmcXFlMWF5NGsxLUFQTCIsInMiOiIxNiIsImEiOiIwIiwicCI6IjEwLC0xMCJ9XX0.hCH6uJ1wnSpbNKT9L8mzK8oeG-F9ux4KemJsnDeClzI/image;s=2048x1536;q=80",,,,,
68391870,dom,✅Gołuski/Dom Na Końcu Ulicy/Ostatni Wolny Lokal ✅,105.02,5,,799000,7608,,Gołuski,Gołuski,,52.360665,16.745623,,,,https://www.otodom.pl/pl/oferta/goluski-dom-na-koncu-ulicy-ostatni-wolny-lokal-ID4CXQG,"https://ireland.apollo.olxcdn.com/v1/files/eyJhbGciOiJIUzI1NiIsInR5cCI6IkpXVCJ9.eyJmbiI6ImJxeGt6dm11dHYzZDMtRUNPU1lTVEVNIiwidyI6W3siZm4iOiJlbnZmcXFlMWF5NGsxLUFQTCIsInMiOiIxNiIsImEiOiIwIiwicCI6IjEwLC0xMCJ9XX0.ivefaPXVWr1lJP2g7J5KXJ-M75qwbP7aJIP4wTdI0yA/image;s=2048x1536;q=80,https://ireland.apollo.olxcdn.com/v1/files/eyJhbGciOiJIUzI1NiIsInR5cCI6IkpXVCJ9.eyJmbiI6ImY0cDlrb2ExdjRyaTEtRUNPU1lTVEVNIiwidyI6W3siZm4iOiJlbnZmcXFlMWF5NGsxLUFQTCIsInMiOiIxNiIsImEiOiIwIiwicCI6IjEwLC0xMCJ9XX0.5-HPCIkf5D4ejFRI9aIgjuFRPbz9oLjpGrpqfXCTBJM/image;s=2048x1536;q=80,https://ireland.apollo.olxcdn.com/v1/files/eyJhbGciOiJIUzI1NiIsInR5cCI6IkpXVCJ9.eyJmbiI6ImxzNnpkdzAweWE4YzItRUNPU1lTVEVNIiwidyI6W3siZm4iOiJlbnZmcXFlMWF5NGsxLUFQTCIsInMiOiIxNiIsImEiOiIwIiwicCI6IjEwLC0xMCJ9XX0.yByM4GoXQtIEavt6iy9rl-ZqiYyngsZFLhIqFkTEapE/image;s=2048x1536;q=80",,,,,
68391008,dom,✅Kleszczewo / Na 12.2026 / Blisko Szkoła ✅,110.1,5,,799000,7257,,Kleszczewo,,,52.33343,17.17231,,,,https://www.otodom.pl/pl/oferta/white-check-markkleszczewo-na-12-2026-blisko-szkola-white-check-mark-ID4CXCM,"https://ireland.apollo.olxcdn.com/v1/files/eyJhbGciOiJIUzI1NiIsInR5cCI6IkpXVCJ9.eyJmbiI6InZ5Zjc3emRhcHp1cC1FQ09TWVNURU0iLCJ3IjpbeyJmbiI6ImVudmZxcWUxYXk0azEtQVBMIiwicyI6IjE2IiwiYSI6IjAiLCJwIjoiMTAsLTEwIn1dfQ.rZ_zfle2E2rfTXlrdMH4j5mtMoJtLmADnaGw9eXcKOE/image;s=2048x1536;q=80,https://ireland.apollo.olxcdn.com/v1/files/eyJhbGciOiJIUzI1NiIsInR5cCI6IkpXVCJ9.eyJmbiI6IjdvaHFjeXNqZzJhYTItRUNPU1lTVEVNIiwidyI6W3siZm4iOiJlbnZmcXFlMWF5NGsxLUFQTCIsInMiOiIxNiIsImEiOiIwIiwicCI6IjEwLC0xMCJ9XX0.ZVO6RZbhlN79j4iIGovGrFlH3FODyz15Jos-UHpyI_M/image;s=2048x1536;q=80,https://ireland.apollo.olxcdn.com/v1/files/eyJhbGciOiJIUzI1NiIsInR5cCI6IkpXVCJ9.eyJmbiI6InF2Z3QwbWtjNDR3NzMtRUNPU1lTVEVNIiwidyI6W3siZm4iOiJlbnZmcXFlMWF5NGsxLUFQTCIsInMiOiIxNiIsImEiOiIwIiwicCI6IjEwLC0xMCJ9XX0.eCPiw_jSuVHQqFVGwXgLjdh0OEuyrB54brTiji2gnx4/image;s=2048x1536;q=80",,,,,
68390998,dom,"✅Komorniki - Bylin /  Lokal 126,05 m ✅",126.05,5,,799000,6339,ul. Boczna,Tulce,,,52.33292,17.1015,,,,https://www.otodom.pl/pl/oferta/white-check-markkomorniki-bylin-lokal-126-05-m-white-check-mark-ID4CXCC,"https://ireland.apollo.olxcdn.com/v1/files/eyJhbGciOiJIUzI1NiIsInR5cCI6IkpXVCJ9.eyJmbiI6IjdoeGJ5aGJoMGVuZTMtRUNPU1lTVEVNIiwidyI6W3siZm4iOiJlbnZmcXFlMWF5NGsxLUFQTCIsInMiOiIxNiIsImEiOiIwIiwicCI6IjEwLC0xMCJ9XX0.LdNk_H03ifk1w8B-p8FAI-t_KJoHQZfaNSPfSz1AH_o/image;s=2048x1536;q=80,https://ireland.apollo.olxcdn.com/v1/files/eyJhbGciOiJIUzI1NiIsInR5cCI6IkpXVCJ9.eyJmbiI6ImVqbW1nYjF5OHgzcDEtRUNPU1lTVEVNIiwidyI6W3siZm4iOiJlbnZmcXFlMWF5NGsxLUFQTCIsInMiOiIxNiIsImEiOiIwIiwicCI6IjEwLC0xMCJ9XX0.I8WPgXU0t8Xd4PxsU5WC5W95e7Y78gaQhK6mby3iMew/image;s=2048x1536;q=80,https://ireland.apollo.olxcdn.com/v1/files/eyJhbGciOiJIUzI1NiIsInR5cCI6IkpXVCJ9.eyJmbiI6ImppdzB4aGxhOWNlNjEtRUNPU1lTVEVNIiwidyI6W3siZm4iOiJlbnZmcXFlMWF5NGsxLUFQTCIsInMiOiIxNiIsImEiOiIwIiwicCI6IjEwLC0xMCJ9XX0.Hc-LHUH0pymQCCcB-u-0bjs842VM6mUhJ_kY4p_iCwo/image;s=2048x1536;q=80",,,,,
65892647,dom,Dom z ogrodem od południa! Ogrzewanie podłogowe na parterze i piętrze!,85.45,3,,799000,9350,,Swarzędz,Jasin,,52.416782,17.10164,,,,https://www.otodom.pl/pl/oferta/dom-z-ogrodem-od-poludnia-ogrzewanie-podlogowe-na-parterze-i-pietrze-ID4stGD,"https://ireland.apollo.olxcdn.com/v1/files/eyJhbGciOiJIUzI1NiIsInR5cCI6IkpXVCJ9.eyJmbiI6IjFjODZwNDE3emlvaS1BUEwiLCJ3IjpbeyJmbiI6ImVudmZxcWUxYXk0azEtQVBMIiwicyI6IjE2IiwiYSI6IjAiLCJwIjoiMTAsLTEwIn1dfQ.boqdXCoKsrH9hzhfFayAcu3M3iA33TxPF7bf90tIA9I/image;s=2048x1536;q=80,https://ireland.apollo.olxcdn.com/v1/files/eyJhbGciOiJIUzI1NiIsInR5cCI6IkpXVCJ9.eyJmbiI6Ino2cmlpbG50bzNxZjItQVBMIiwidyI6W3siZm4iOiJlbnZmcXFlMWF5NGsxLUFQTCIsInMiOiIxNiIsImEiOiIwIiwicCI6IjEwLC0xMCJ9XX0.nlJz5ITMAVC637M7a7S0lQKrEWOBikzOhVeOF-vp1Fs/image;s=2048x1536;q=80,https://ireland.apollo.olxcdn.com/v1/files/eyJhbGciOiJIUzI1NiIsInR5cCI6IkpXVCJ9.eyJmbiI6ImR3bndsOGh6M21nNy1BUEwiLCJ3IjpbeyJmbiI6ImVudmZxcWUxYXk0azEtQVBMIiwicyI6IjE2IiwiYSI6IjAiLCJwIjoiMTAsLTEwIn1dfQ.VbOmrPKgCBcX8e_bU2TOe9g33gDJCz1D5x3P8eLLTrE/image;s=2048x1536;q=80",,,,,
68387266,dom,"Przytulny dom, ogródek, las, dobra lokalizacja",99,5,,799000,8071,,Sierosław,,,52.40277,16.67953,,,,https://www.otodom.pl/pl/oferta/przytulny-dom-ogrodek-las-dobra-lokalizacja-ID4CVEq,"https://ireland.apollo.olxcdn.com/v1/files/eyJhbGciOiJIUzI1NiIsInR5cCI6IkpXVCJ9.eyJmbiI6Im80NXZqanh5dHU4YTMtQVBMIiwidyI6W3siZm4iOiJlbnZmcXFlMWF5NGsxLUFQTCIsInMiOiIxNiIsImEiOiIwIiwicCI6IjEwLC0xMCJ9XX0.iKZMtmf96aIDov1BvHNVEArnY7B5t2TUoRFdAccLmQ8/image;s=2048x1536;q=80,https://ireland.apollo.olxcdn.com/v1/files/eyJhbGciOiJIUzI1NiIsInR5cCI6IkpXVCJ9.eyJmbiI6IjBlaGd2ZXFkd3BjOTEtQVBMIiwidyI6W3siZm4iOiJlbnZmcXFlMWF5NGsxLUFQTCIsInMiOiIxNiIsImEiOiIwIiwicCI6IjEwLC0xMCJ9XX0.v83rPM2x09f8sXtuKziqEwjVjEjQY97fEIDfXToub6s/image;s=2048x1536;q=80,https://ireland.apollo.olxcdn.com/v1/files/eyJhbGciOiJIUzI1NiIsInR5cCI6IkpXVCJ9.eyJmbiI6ImVlcTlobnkxYWczbS1BUEwiLCJ3IjpbeyJmbiI6ImVudmZxcWUxYXk0azEtQVBMIiwicyI6IjE2IiwiYSI6IjAiLCJwIjoiMTAsLTEwIn1dfQ.IHhsFPl-Wa9cr0i1LubeVhgJi-OkD6879sspPTIkVcM/image;s=2048x1536;q=80",,,,,
68369196,dom,"Dom w zabudowie dwulokalowej 112,0m, 2 km Kórnik, przy drodze gminnej.",112,5,,799000,7134,,Borówiec,Czołowo,,52.26411,17.05437,,,,https://www.otodom.pl/pl/oferta/dom-w-zabudowie-dwulokalowej-112-0m-2-km-kornik-przy-drodze-gminnej-ID4CRVY,"https://ireland.apollo.olxcdn.com/v1/files/eyJhbGciOiJIUzI1NiIsInR5cCI6IkpXVCJ9.eyJmbiI6ImR0eGZrZzBwMWVzajItQVBMIiwidyI6W3siZm4iOiJlbnZmcXFlMWF5NGsxLUFQTCIsInMiOiIxNiIsImEiOiIwIiwicCI6IjEwLC0xMCJ9XX0.LIIP9ri0IcAzVMRQwocf6_Cj4SgjoshWk8D9M4MvE_g/image;s=2048x1536;q=80,https://ireland.apollo.olxcdn.com/v1/files/eyJhbGciOiJIUzI1NiIsInR5cCI6IkpXVCJ9.eyJmbiI6ImY5M3J1N2d5MDFjcjMtQVBMIiwidyI6W3siZm4iOiJlbnZmcXFlMWF5NGsxLUFQTCIsInMiOiIxNiIsImEiOiIwIiwicCI6IjEwLC0xMCJ9XX0.ZuIp6CEsAvDJBfupAIiuLbIl2Whpmt_iXRudSNsP0RQ/image;s=2048x1536;q=80,https://ireland.apollo.olxcdn.com/v1/files/eyJhbGciOiJIUzI1NiIsInR5cCI6IkpXVCJ9.eyJmbiI6InlicHBxc3k4d2Q3MjMtQVBMIiwidyI6W3siZm4iOiJlbnZmcXFlMWF5NGsxLUFQTCIsInMiOiIxNiIsImEiOiIwIiwicCI6IjEwLC0xMCJ9XX0.4Bh6SOuG33u3-RH8KtHPRJige_GPivQogX5B6XzYdq0/image;s=2048x1536;q=80",,,,,
68368751,dom,"Dom w zabudowie dwulokalowej 112,0m, 2 km Kórnik, przy drodze gminnej.",112,4,,799000,7134,,Kórnik,Kórnik,,52.24811,17.08378,,,,https://www.otodom.pl/pl/oferta/dom-w-zabudowie-dwulokalowej-112-0m-2-km-kornik-przy-drodze-gminnej-ID4CRPN,"https://ireland.apollo.olxcdn.com/v1/files/eyJhbGciOiJIUzI1NiIsInR5cCI6IkpXVCJ9.eyJmbiI6IjM3NzcxYXE5aDdqZS1BUEwiLCJ3IjpbeyJmbiI6ImVudmZxcWUxYXk0azEtQVBMIiwicyI6IjE2IiwiYSI6IjAiLCJwIjoiMTAsLTEwIn1dfQ.8iiw0KKS6f0WXdOiAArb-rB1-6T8V1dgBwhrWHzbZv4/image;s=2048x1536;q=80,https://ireland.apollo.olxcdn.com/v1/files/eyJhbGciOiJIUzI1NiIsInR5cCI6IkpXVCJ9.eyJmbiI6IndsYmlqZzFmZGl2bjEtQVBMIiwidyI6W3siZm4iOiJlbnZmcXFlMWF5NGsxLUFQTCIsInMiOiIxNiIsImEiOiIwIiwicCI6IjEwLC0xMCJ9XX0.rM_237O-ZQ8IiPdig2DLbpqzIGjo8Ge_qFJu_Vf99G4/image;s=2048x1536;q=80,https://ireland.apollo.olxcdn.com/v1/files/eyJhbGciOiJIUzI1NiIsInR5cCI6IkpXVCJ9.eyJmbiI6IjQ1cDR4cm00Z3NzOTMtQVBMIiwidyI6W3siZm4iOiJlbnZmcXFlMWF5NGsxLUFQTCIsInMiOiIxNiIsImEiOiIwIiwicCI6IjEwLC0xMCJ9XX0.sCdurZ5cTOMjA-1GWZ6dWXsVFkFIUyPW_Bo5bFrgGv0/image;s=2048x1536;q=80",,,,,
68309157,dom,"Solidny dom, wszystkie media, blisko las",100,5,,799000,7990,,Dopiewiec,Dopiewiec,,52.36134,16.70748,,,,https://www.otodom.pl/pl/oferta/solidny-dom-wszystkie-media-blisko-las-ID4CCkB,"https://ireland.apollo.olxcdn.com/v1/files/eyJhbGciOiJIUzI1NiIsInR5cCI6IkpXVCJ9.eyJmbiI6IjFqM3lnZXV0NzBzczItQVBMIiwidyI6W3siZm4iOiJlbnZmcXFlMWF5NGsxLUFQTCIsInMiOiIxNiIsImEiOiIwIiwicCI6IjEwLC0xMCJ9XX0.pKtqN-5wtgHyP9wGzz985JOcU9cfeikblwXQu2Vckcg/image;s=2048x1536;q=80,https://ireland.apollo.olxcdn.com/v1/files/eyJhbGciOiJIUzI1NiIsInR5cCI6IkpXVCJ9.eyJmbiI6InViZ3o0aHR4aTYyZzEtQVBMIiwidyI6W3siZm4iOiJlbnZmcXFlMWF5NGsxLUFQTCIsInMiOiIxNiIsImEiOiIwIiwicCI6IjEwLC0xMCJ9XX0.WV2-UEmMfMEzj8zBNzifJmt8Bcp4Wls9QlRIARIDq4k/image;s=2048x1536;q=80,https://ireland.apollo.olxcdn.com/v1/files/eyJhbGciOiJIUzI1NiIsInR5cCI6IkpXVCJ9.eyJmbiI6Imt2M3gxYzlvdzUwMi1BUEwiLCJ3IjpbeyJmbiI6ImVudmZxcWUxYXk0azEtQVBMIiwicyI6IjE2IiwiYSI6IjAiLCJwIjoiMTAsLTEwIn1dfQ._6aBEy0NkUCadYSsMsaPicYShy5YLwCBUX7bAPUV5yA/image;s=2048x1536;q=80",,,,,
68290488,dom,Dom ostatni lokal do zakupu /światłowód/gaz/5 pok.,105.02,5,,799000,7608,,Gołuski,Gołuski,,52.35997,16.74547,,,,https://www.otodom.pl/pl/oferta/dom-ostatni-lokal-do-zakupu-swiatlowod-gaz-5-pok-ID4Cxtu,"https://ireland.apollo.olxcdn.com/v1/files/eyJhbGciOiJIUzI1NiIsInR5cCI6IkpXVCJ9.eyJmbiI6ImE0bnh5N3d1emQ5ZTMtRUNPU1lTVEVNIiwidyI6W3siZm4iOiJlbnZmcXFlMWF5NGsxLUFQTCIsInMiOiIxNiIsImEiOiIwIiwicCI6IjEwLC0xMCJ9XX0.aKrxFoz3x079vIltgAWuVF5Qi-fgtv_EO86vOIyLT40/image;s=2048x1536;q=80,https://ireland.apollo.olxcdn.com/v1/files/eyJhbGciOiJIUzI1NiIsInR5cCI6IkpXVCJ9.eyJmbiI6IjN6bnBsMTVlcTNjdjEtRUNPU1lTVEVNIiwidyI6W3siZm4iOiJlbnZmcXFlMWF5NGsxLUFQTCIsInMiOiIxNiIsImEiOiIwIiwicCI6IjEwLC0xMCJ9XX0.GAuiaMKyRTKjKaH8ZRJyANKYau4PXXElo_akQNAkXKE/image;s=2048x1536;q=80,https://ireland.apollo.olxcdn.com/v1/files/eyJhbGciOiJIUzI1NiIsInR5cCI6IkpXVCJ9.eyJmbiI6ImlsdGIzMHVka3ZwdjItRUNPU1lTVEVNIiwidyI6W3siZm4iOiJlbnZmcXFlMWF5NGsxLUFQTCIsInMiOiIxNiIsImEiOiIwIiwicCI6IjEwLC0xMCJ9XX0.8VctG7Np8IGlfrfLNEmWPwVelfaBrJMZnXk9ti6HDoc/image;s=2048x1536;q=80",,,,,
68069266,dom,Nowa kameralna inwestycja | bliźniaki tuż przy PKP,106.2,5,,799000,7524,ul. Ogrodowa,Dopiewiec,Dopiewiec,,52.36157,16.70803,,,,https://www.otodom.pl/pl/oferta/nowa-kameralna-inwestycja-blizniaki-tuz-przy-pkp-ID4BBWo,"https://ireland.apollo.olxcdn.com/v1/files/eyJhbGciOiJIUzI1NiIsInR5cCI6IkpXVCJ9.eyJmbiI6InMyMWtwa3U4YzNhcjItRUNPU1lTVEVNIiwidyI6W3siZm4iOiJlbnZmcXFlMWF5NGsxLUFQTCIsInMiOiIxNiIsImEiOiIwIiwicCI6IjEwLC0xMCJ9XX0.v6Te8eI90o6OZFZ8KDFMihsBBpJHKsEbZsCW8G6jYDE/image;s=2048x1536;q=80,https://ireland.apollo.olxcdn.com/v1/files/eyJhbGciOiJIUzI1NiIsInR5cCI6IkpXVCJ9.eyJmbiI6IndvZHlmaWI2NGl2YzItRUNPU1lTVEVNIiwidyI6W3siZm4iOiJlbnZmcXFlMWF5NGsxLUFQTCIsInMiOiIxNiIsImEiOiIwIiwicCI6IjEwLC0xMCJ9XX0.7inJaQmw-TL7LTLZGWUlokJis4gtfS4ChCoiWu-FFKI/image;s=2048x1536;q=80,https://ireland.apollo.olxcdn.com/v1/files/eyJhbGciOiJIUzI1NiIsInR5cCI6IkpXVCJ9.eyJmbiI6ImI5N2Y0YTRxZHY3ZzMtRUNPU1lTVEVNIiwidyI6W3siZm4iOiJlbnZmcXFlMWF5NGsxLUFQTCIsInMiOiIxNiIsImEiOiIwIiwicCI6IjEwLC0xMCJ9XX0.zWNlXGgeAr3dS6Pod-0RNFXoX7cFhTdxKa8NRAp1eBY/image;s=2048x1536;q=80",,,,,
68002971,mieszkanie,4-pokojowe mieszkanie 80m2 + 3 balkony,80.3,4,1,799405,9955,Mateckiego,Piątkowo,Poznań,Osiedle Mateckiego 4all,52.46281,16.8983,,,,https://www.otodom.pl/pl/oferta/4-pokojowe-mieszkanie-80m2-3-balkony-ID4BkG7,"https://ireland.apollo.olxcdn.com/v1/files/eyJhbGciOiJIUzI1NiIsInR5cCI6IkpXVCJ9.eyJmbiI6InB1YnZxZjVkbDdzYzEtRUNPU1lTVEVNIiwidyI6W3siZm4iOiJlbnZmcXFlMWF5NGsxLUFQTCIsInMiOiIxNiIsImEiOiIwIiwicCI6IjEwLC0xMCJ9XX0.nIEaltsKeQs3hjcOICcvYbOLebavyEiOqOF1NO6X94g/image;s=2048x1536;q=80,https://ireland.apollo.olxcdn.com/v1/files/eyJhbGciOiJIUzI1NiIsInR5cCI6IkpXVCJ9.eyJmbiI6InRqb3FqbGczOGVqdTMtRUNPU1lTVEVNIiwidyI6W3siZm4iOiJlbnZmcXFlMWF5NGsxLUFQTCIsInMiOiIxNiIsImEiOiIwIiwicCI6IjEwLC0xMCJ9XX0.PSxIW2jVCF0ojlcKUx4ty_6sGOwyQVaWFyqM3U92zXc/image;s=2048x1536;q=80,https://ireland.apollo.olxcdn.com/v1/files/eyJhbGciOiJIUzI1NiIsInR5cCI6IkpXVCJ9.eyJmbiI6Ijh2ZTdnc3c3NXE5ajEtRUNPU1lTVEVNIiwidyI6W3siZm4iOiJlbnZmcXFlMWF5NGsxLUFQTCIsInMiOiIxNiIsImEiOiIwIiwicCI6IjEwLC0xMCJ9XX0.JOOhCukYHm_27rbi0irORl9qsOuEoc0ME3v57yrzcKA/image;s=2048x1536;q=80",,,,,
68466296,mieszkanie,CENTRUM JEŻYC - JASNE - DUŻY BALKON - WYSOKI STANDARD - DOSTOSUJ UKŁAD,81,3,1,800000,9877,ul. św. Wawrzyńca,Jeżyce,Poznań,,52.413479,16.902793,,,,https://www.otodom.pl/pl/oferta/centrum-jezyc-jasne-duzy-balkon-wysoki-standard-dostosuj-uklad-ID4Dhd6,"https://ireland.apollo.olxcdn.com/v1/files/eyJhbGciOiJIUzI1NiIsInR5cCI6IkpXVCJ9.eyJmbiI6ImhteHc0b2s4aWV3ai1BUEwiLCJ3IjpbeyJmbiI6ImVudmZxcWUxYXk0azEtQVBMIiwicyI6IjE2IiwiYSI6IjAiLCJwIjoiMTAsLTEwIn1dfQ.xOrW3057Mp1O_v6R5i3sG-BtzTRPqCDlvkMoabgZIP8/image;s=2048x1536;q=80,https://ireland.apollo.olxcdn.com/v1/files/eyJhbGciOiJIUzI1NiIsInR5cCI6IkpXVCJ9.eyJmbiI6IjJnOHZsZ3RsanB1MDMtQVBMIiwidyI6W3siZm4iOiJlbnZmcXFlMWF5NGsxLUFQTCIsInMiOiIxNiIsImEiOiIwIiwicCI6IjEwLC0xMCJ9XX0.f3mG4pClPsXQlHr6nPzbyCErc9uE9rMVuAOGqjG4RKA/image;s=2048x1536;q=80,https://ireland.apollo.olxcdn.com/v1/files/eyJhbGciOiJIUzI1NiIsInR5cCI6IkpXVCJ9.eyJmbiI6Img0eGtxcDlsbXhqcTMtQVBMIiwidyI6W3siZm4iOiJlbnZmcXFlMWF5NGsxLUFQTCIsInMiOiIxNiIsImEiOiIwIiwicCI6IjEwLC0xMCJ9XX0.rTK2fsLdpo_15FO3FKCz50AnUESmLe1WCkP2gpUqLH8/image;s=2048x1536;q=80",,,,,
68403095,mieszkanie,CENTRUM JEŻYC - POŁUDNIOWE OKNA - JASNE - WYSOKI STANDARD - TRAMWAJ,81,3,2,800000,9877,ul. św. Wawrzyńca,Jeżyce,Poznań,,52.413479,16.902793,,,,https://www.otodom.pl/pl/oferta/centrum-jezyc-poludniowe-okna-jasne-wysoki-standard-tramwaj-ID4D0LJ,"https://ireland.apollo.olxcdn.com/v1/files/eyJhbGciOiJIUzI1NiIsInR5cCI6IkpXVCJ9.eyJmbiI6IjBsd3kxcW85OHBmZTEtQVBMIiwidyI6W3siZm4iOiJlbnZmcXFlMWF5NGsxLUFQTCIsInMiOiIxNiIsImEiOiIwIiwicCI6IjEwLC0xMCJ9XX0.o8Euke_dn6CjN2yzq4icwwUOaNe7uw7FMzNkD0IabBg/image;s=2048x1536;q=80,https://ireland.apollo.olxcdn.com/v1/files/eyJhbGciOiJIUzI1NiIsInR5cCI6IkpXVCJ9.eyJmbiI6InZrM21leHhzNzl1bS1BUEwiLCJ3IjpbeyJmbiI6ImVudmZxcWUxYXk0azEtQVBMIiwicyI6IjE2IiwiYSI6IjAiLCJwIjoiMTAsLTEwIn1dfQ.Sn574xm7BOyfqSwLxB5mDQmsTwTIzzMnbfLnBKoK0jA/image;s=2048x1536;q=80,https://ireland.apollo.olxcdn.com/v1/files/eyJhbGciOiJIUzI1NiIsInR5cCI6IkpXVCJ9.eyJmbiI6IjY3cDRlNDgya3piZDItQVBMIiwidyI6W3siZm4iOiJlbnZmcXFlMWF5NGsxLUFQTCIsInMiOiIxNiIsImEiOiIwIiwicCI6IjEwLC0xMCJ9XX0.8NNlH6uW83vuvzV9Q9FsVKdR_5Ox2al3mlGaB_fKtzk/image;s=2048x1536;q=80",,,,,
68445872,mieszkanie,CENTRUM JEŻYC - JASNE - DUŻY BALKON - DOSTOSUJ UKŁAD DO SWOICH POTRZEB,81,3,2,800000,9877,ul. św. Wawrzyńca,Winogrady,Poznań,,52.425974,16.939207,,,,https://www.otodom.pl/pl/oferta/centrum-jezyc-jasne-duzy-balkon-dostosuj-uklad-do-swoich-potrzeb-ID4DbTG,"https://ireland.apollo.olxcdn.com/v1/files/eyJhbGciOiJIUzI1NiIsInR5cCI6IkpXVCJ9.eyJmbiI6IjVlaWhwYWZwM3VzNTEtQVBMIiwidyI6W3siZm4iOiJlbnZmcXFlMWF5NGsxLUFQTCIsInMiOiIxNiIsImEiOiIwIiwicCI6IjEwLC0xMCJ9XX0.asj1SC0Upg7NJkPHGgGGg9TXMzk_BlFUzY86tPiO0mw/image;s=2048x1536;q=80,https://ireland.apollo.olxcdn.com/v1/files/eyJhbGciOiJIUzI1NiIsInR5cCI6IkpXVCJ9.eyJmbiI6InRrZnB0MXhwdzVhYzEtQVBMIiwidyI6W3siZm4iOiJlbnZmcXFlMWF5NGsxLUFQTCIsInMiOiIxNiIsImEiOiIwIiwicCI6IjEwLC0xMCJ9XX0.whr3emMQ5wMnOju0VYjjW0n1Vew0KE1UAM4N_SphMWQ/image;s=2048x1536;q=80,https://ireland.apollo.olxcdn.com/v1/files/eyJhbGciOiJIUzI1NiIsInR5cCI6IkpXVCJ9.eyJmbiI6IjZ5MDgxNTloY2R4bDMtQVBMIiwidyI6W3siZm4iOiJlbnZmcXFlMWF5NGsxLUFQTCIsInMiOiIxNiIsImEiOiIwIiwicCI6IjEwLC0xMCJ9XX0.tRMk60Vp6K5JCgaj6U3d7g8FKup3DT5uNg_dVwRbLi0/image;s=2048x1536;q=80",,,,,
68445869,mieszkanie,CENTRUM JEŻYC - JASNE - POŁUDNIOWE OKNA - WYSOKI STANDARD - SMART HOME,81,4,1,800000,9877,ul. św. Wawrzyńca,Winogrady,Poznań,,52.425974,16.939207,,,,https://www.otodom.pl/pl/oferta/centrum-jezyc-jasne-poludniowe-okna-wysoki-standard-smart-home-ID4DbTD,"https://ireland.apollo.olxcdn.com/v1/files/eyJhbGciOiJIUzI1NiIsInR5cCI6IkpXVCJ9.eyJmbiI6InJ6M2d3OGU1ODdtZC1BUEwiLCJ3IjpbeyJmbiI6ImVudmZxcWUxYXk0azEtQVBMIiwicyI6IjE2IiwiYSI6IjAiLCJwIjoiMTAsLTEwIn1dfQ.O4i8sUhuQ0yW19vHEsR-3mRDtKs29jg_eZq-kx4vPzI/image;s=2048x1536;q=80,https://ireland.apollo.olxcdn.com/v1/files/eyJhbGciOiJIUzI1NiIsInR5cCI6IkpXVCJ9.eyJmbiI6Im54aWlsb2FuY201aDMtQVBMIiwidyI6W3siZm4iOiJlbnZmcXFlMWF5NGsxLUFQTCIsInMiOiIxNiIsImEiOiIwIiwicCI6IjEwLC0xMCJ9XX0.ZzALd8IJ7zXDMlvX9Mz9m_FuEXOC7sFrMLoVlkkkQ5M/image;s=2048x1536;q=80,https://ireland.apollo.olxcdn.com/v1/files/eyJhbGciOiJIUzI1NiIsInR5cCI6IkpXVCJ9.eyJmbiI6ImR5dXZxamhnYmJ0Zy1BUEwiLCJ3IjpbeyJmbiI6ImVudmZxcWUxYXk0azEtQVBMIiwicyI6IjE2IiwiYSI6IjAiLCJwIjoiMTAsLTEwIn1dfQ.tuQM4D5LALkNjaqE35m_xpMQT7oyqlpb9daLEE1_MBc/image;s=2048x1536;q=80",,,,,
68430202,mieszkanie,Funkcjonalne 4 pokoje w promocyjenje cenie,81,4,2,800000,9877,,Jeżyce,Poznań,,52.413479,16.902793,,,,https://www.otodom.pl/pl/oferta/funkcjonalne-4-pokoje-w-promocyjenje-cenie-ID4D7OV,"https://ireland.apollo.olxcdn.com/v1/files/eyJhbGciOiJIUzI1NiIsInR5cCI6IkpXVCJ9.eyJmbiI6IjUxZnlibG5hcHpuZzItRUNPU1lTVEVNIiwidyI6W3siZm4iOiJlbnZmcXFlMWF5NGsxLUFQTCIsInMiOiIxNiIsImEiOiIwIiwicCI6IjEwLC0xMCJ9XX0.U0PDS8qgpKRoYuJjx-up4Rqh-NKM9vg-upVAnuOgqp8/image;s=2048x1536;q=80,https://ireland.apollo.olxcdn.com/v1/files/eyJhbGciOiJIUzI1NiIsInR5cCI6IkpXVCJ9.eyJmbiI6ImxpZXo1aHFydWR3eDItRUNPU1lTVEVNIiwidyI6W3siZm4iOiJlbnZmcXFlMWF5NGsxLUFQTCIsInMiOiIxNiIsImEiOiIwIiwicCI6IjEwLC0xMCJ9XX0.ONtGczb-c0iHIwHPuEsIl09_TuSTlaidAVWE2DoenPw/image;s=2048x1536;q=80,https://ireland.apollo.olxcdn.com/v1/files/eyJhbGciOiJIUzI1NiIsInR5cCI6IkpXVCJ9.eyJmbiI6ImtrNm1rYzJ3cmsxajMtRUNPU1lTVEVNIiwidyI6W3siZm4iOiJlbnZmcXFlMWF5NGsxLUFQTCIsInMiOiIxNiIsImEiOiIwIiwicCI6IjEwLC0xMCJ9XX0.rFr9yn132j9SsbvTk2kVupmxr2D2hFLpQ_JgvDc_MV0/image;s=2048x1536;q=80",,,,,
68408090,mieszkanie,Komfortowe 4 pok. jedynie 1 km od centrum,81,4,2,800000,9877,,Jeżyce,Poznań,,52.415045,16.910038,,,,https://www.otodom.pl/pl/oferta/komfortowe-4-pok-jedynie-1-km-od-centrum-ID4D24i,"https://ireland.apollo.olxcdn.com/v1/files/eyJhbGciOiJIUzI1NiIsInR5cCI6IkpXVCJ9.eyJmbiI6IjRtY2txN2Uxa3l6ZS1FQ09TWVNURU0iLCJ3IjpbeyJmbiI6ImVudmZxcWUxYXk0azEtQVBMIiwicyI6IjE2IiwiYSI6IjAiLCJwIjoiMTAsLTEwIn1dfQ.UEnXV8AOjcab3WaCrWLqbWkmkQRqmb8BsddblUpGi_4/image;s=2048x1536;q=80,https://ireland.apollo.olxcdn.com/v1/files/eyJhbGciOiJIUzI1NiIsInR5cCI6IkpXVCJ9.eyJmbiI6Ijk5MmlkcDMxeG1lYzEtRUNPU1lTVEVNIiwidyI6W3siZm4iOiJlbnZmcXFlMWF5NGsxLUFQTCIsInMiOiIxNiIsImEiOiIwIiwicCI6IjEwLC0xMCJ9XX0.Okvjt1YvrWG00iRhnSpPwON_5fJcm77phxCaWri6K1U/image;s=2048x1536;q=80,https://ireland.apollo.olxcdn.com/v1/files/eyJhbGciOiJIUzI1NiIsInR5cCI6IkpXVCJ9.eyJmbiI6InF0aXJpNWRzMzY4by1FQ09TWVNURU0iLCJ3IjpbeyJmbiI6ImVudmZxcWUxYXk0azEtQVBMIiwicyI6IjE2IiwiYSI6IjAiLCJwIjoiMTAsLTEwIn1dfQ.Vp38_pWyYdSm0vHBdWLeJMDdbZY0-zcvtrIMyTACXLI/image;s=2048x1536;q=80",,,,,
68400434,mieszkanie,POŁUDNIOWE OKNA - DUŻY BALKON - WYSOKI STANDARD - BLISKO TRAMWAJ,81,4,2,800000,9877,ul. św. Wawrzyńca,Jeżyce,Poznań,,52.413479,16.902793,,,,https://www.otodom.pl/pl/oferta/poludniowe-okna-duzy-balkon-wysoki-standard-blisko-tramwaj-ID4D04O,"https://ireland.apollo.olxcdn.com/v1/files/eyJhbGciOiJIUzI1NiIsInR5cCI6IkpXVCJ9.eyJmbiI6IjBkYjdldjJ1cGhiMy1BUEwiLCJ3IjpbeyJmbiI6ImVudmZxcWUxYXk0azEtQVBMIiwicyI6IjE2IiwiYSI6IjAiLCJwIjoiMTAsLTEwIn1dfQ.mki2PKGbhDCvfvwaNkptt8oC81AG4hqiZj1hXeSQ6O0/image;s=2048x1536;q=80,https://ireland.apollo.olxcdn.com/v1/files/eyJhbGciOiJIUzI1NiIsInR5cCI6IkpXVCJ9.eyJmbiI6Ijlsd2NjdzlwemU2ZjItQVBMIiwidyI6W3siZm4iOiJlbnZmcXFlMWF5NGsxLUFQTCIsInMiOiIxNiIsImEiOiIwIiwicCI6IjEwLC0xMCJ9XX0.ehvHHQrIMonVXrgCYlN30qHYNvG4c7uTsYKjtmg3jEo/image;s=2048x1536;q=80,https://ireland.apollo.olxcdn.com/v1/files/eyJhbGciOiJIUzI1NiIsInR5cCI6IkpXVCJ9.eyJmbiI6InNnc3VqMnM5cDlwMDMtQVBMIiwidyI6W3siZm4iOiJlbnZmcXFlMWF5NGsxLUFQTCIsInMiOiIxNiIsImEiOiIwIiwicCI6IjEwLC0xMCJ9XX0.BRG4bDgjRTz-mWTk-nh2fHtgLTyJEubc0mnHbNpIGfk/image;s=2048x1536;q=80",,,,,
68340796,dom,"Blisko lasu, atrakcyjna okolica, szybki dojazd",100,5,,800000,8000,,Ławica,Poznań,,52.41066,16.82059,,,,https://www.otodom.pl/pl/oferta/blisko-lasu-atrakcyjna-okolica-szybki-dojazd-ID4CKyU,"https://ireland.apollo.olxcdn.com/v1/files/eyJhbGciOiJIUzI1NiIsInR5cCI6IkpXVCJ9.eyJmbiI6Imw0aG5ibXd0N2JmYTMtQVBMIiwidyI6W3siZm4iOiJlbnZmcXFlMWF5NGsxLUFQTCIsInMiOiIxNiIsImEiOiIwIiwicCI6IjEwLC0xMCJ9XX0.yMp4MH8dMumv3ukJ4nmxGEt4kVFYbKkkPwYTbRrweNc/image;s=2048x1536;q=80,https://ireland.apollo.olxcdn.com/v1/files/eyJhbGciOiJIUzI1NiIsInR5cCI6IkpXVCJ9.eyJmbiI6IjFwZWFwa3lobzh0ODMtQVBMIiwidyI6W3siZm4iOiJlbnZmcXFlMWF5NGsxLUFQTCIsInMiOiIxNiIsImEiOiIwIiwicCI6IjEwLC0xMCJ9XX0.yk7YxRnjMnAyONzY4aZqtwDyoFpMikfbUTeEU4nobH8/image;s=2048x1536;q=80,https://ireland.apollo.olxcdn.com/v1/files/eyJhbGciOiJIUzI1NiIsInR5cCI6IkpXVCJ9.eyJmbiI6InAwcXk2Z3B2N2w4dDItQVBMIiwidyI6W3siZm4iOiJlbnZmcXFlMWF5NGsxLUFQTCIsInMiOiIxNiIsImEiOiIwIiwicCI6IjEwLC0xMCJ9XX0.hWE5AHWn8HuUosu7qYmPvXRkeXuVRtnuRuza4gCxpgQ/image;s=2048x1536;q=80",,,,,
68341449,dom,Szybki dojazd | Blisko lasu | Bliźniak,98,5,,800000,8163,,Dąbrówka,Dąbrówka,,52.38464,16.74459,,,,https://www.otodom.pl/pl/oferta/szybki-dojazd-blisko-lasu-blizniak-ID4CKJr,"https://ireland.apollo.olxcdn.com/v1/files/eyJhbGciOiJIUzI1NiIsInR5cCI6IkpXVCJ9.eyJmbiI6IjFvZnNtdGxoNTNrdTItQVBMIiwidyI6W3siZm4iOiJlbnZmcXFlMWF5NGsxLUFQTCIsInMiOiIxNiIsImEiOiIwIiwicCI6IjEwLC0xMCJ9XX0.zz1IvQof-e_t-CvKigBWRsMoOIbWHJQg9g-fo1UXz3I/image;s=2048x1536;q=80,https://ireland.apollo.olxcdn.com/v1/files/eyJhbGciOiJIUzI1NiIsInR5cCI6IkpXVCJ9.eyJmbiI6IjJpMGEzYjYzNXByMTMtQVBMIiwidyI6W3siZm4iOiJlbnZmcXFlMWF5NGsxLUFQTCIsInMiOiIxNiIsImEiOiIwIiwicCI6IjEwLC0xMCJ9XX0.2wH-TwY1nGqe5CEl87v9hGb3IB_NLHqE9UiCWNA03w0/image;s=2048x1536;q=80,https://ireland.apollo.olxcdn.com/v1/files/eyJhbGciOiJIUzI1NiIsInR5cCI6IkpXVCJ9.eyJmbiI6InY0MjMzY3g4cWphejEtQVBMIiwidyI6W3siZm4iOiJlbnZmcXFlMWF5NGsxLUFQTCIsInMiOiIxNiIsImEiOiIwIiwicCI6IjEwLC0xMCJ9XX0.k6MXwMSAl6LaCWEapf9RoZcXA0qxZOtBy1B_YLAq-tg/image;s=2048x1536;q=80",,,,,
66332745,mieszkanie,4-pokojowe mieszkanie 79m2 + taras Bezpośrednio,79.81,4,4,800859,10035,Bielicowa,Naramowice,Poznań,Naramowice Odnova,52.44846,16.96199,,,,https://www.otodom.pl/pl/oferta/4-pokojowe-mieszkanie-79m2-taras-bezposrednio-ID4ukaZ,"https://ireland.apollo.olxcdn.com/v1/files/eyJhbGciOiJIUzI1NiIsInR5cCI6IkpXVCJ9.eyJmbiI6Im8xc3I5eGxjcTl4bDMtRUNPU1lTVEVNIiwidyI6W3siZm4iOiJlbnZmcXFlMWF5NGsxLUFQTCIsInMiOiIxNiIsImEiOiIwIiwicCI6IjEwLC0xMCJ9XX0.dHYAlgWlfhPT1FKksSrulPSZLrE4_mAZhLpRnzGpSH4/image;s=2048x1536;q=80,https://ireland.apollo.olxcdn.com/v1/files/eyJhbGciOiJIUzI1NiIsInR5cCI6IkpXVCJ9.eyJmbiI6ImRxNnpjemFibW5jMTMtRUNPU1lTVEVNIiwidyI6W3siZm4iOiJlbnZmcXFlMWF5NGsxLUFQTCIsInMiOiIxNiIsImEiOiIwIiwicCI6IjEwLC0xMCJ9XX0.C37RGvEXrAlwaJYg5r6cZBbfdaJyhyhTLdRoWDo2lxg/image;s=2048x1536;q=80,https://ireland.apollo.olxcdn.com/v1/files/eyJhbGciOiJIUzI1NiIsInR5cCI6IkpXVCJ9.eyJmbiI6IjI3MGkwd24yOWRpZzItRUNPU1lTVEVNIiwidyI6W3siZm4iOiJlbnZmcXFlMWF5NGsxLUFQTCIsInMiOiIxNiIsImEiOiIwIiwicCI6IjEwLC0xMCJ9XX0.UJjbTBUx3g2JXhzMbcSNDGXXVlbQw3RNI5guAldk7mk/image;s=2048x1536;q=80",,,,,
68445864,mieszkanie,ZOBACZ NA ŻYWO - DWA DUŻE BALKONY - OSTATNIE PIĘTRO - PIĘKNY WIDOK,76,3,6,802000,10553,ul. Winogrady,Winogrady,Poznań,,52.425974,16.939207,,,,https://www.otodom.pl/pl/oferta/zobacz-na-zywo-dwa-duze-balkony-ostatnie-pietro-piekny-widok-ID4DbTy,https://ireland.apollo.olxcdn.com/v1/files/eyJhbGciOiJIUzI1NiIsInR5cCI6IkpXVCJ9.eyJmbiI6ImwzMXJmeTUzcXNlNTItQVBMIiwidyI6W3siZm4iOiJlbnZmcXFlMWF5NGsxLUFQTCIsInMiOiIxNiIsImEiOiIwIiwicCI6IjEwLC0xMCJ9XX0.st10bPItU9ZlwNCePksPOx_A1YTUylbPmxBb8XGlAEU/image;s=2048x1536;q=80,,,,,
68354356,mieszkanie,DWUSTRONNE| 3 pok 76m2| NAJWYŻSZE PIĘTRO,75.92,3,6,802400,10569,,Winogrady,Poznań,,52.4317,16.9433,,,,https://www.otodom.pl/pl/oferta/dwustronne-3-pok-76m2-najwyzsze-pietro-ID4CO5C,"https://ireland.apollo.olxcdn.com/v1/files/eyJhbGciOiJIUzI1NiIsInR5cCI6IkpXVCJ9.eyJmbiI6ImpuNGo2NHRtam5kZjItRUNPU1lTVEVNIiwidyI6W3siZm4iOiJlbnZmcXFlMWF5NGsxLUFQTCIsInMiOiIxNiIsImEiOiIwIiwicCI6IjEwLC0xMCJ9XX0.Mbw4atZtaw7cCv6z7wAbNYkkkcTcyJNAL7OqzFXQkxQ/image;s=2048x1536;q=80,https://ireland.apollo.olxcdn.com/v1/files/eyJhbGciOiJIUzI1NiIsInR5cCI6IkpXVCJ9.eyJmbiI6Imx6ZnJ4dWQ1Y2pmdy1FQ09TWVNURU0iLCJ3IjpbeyJmbiI6ImVudmZxcWUxYXk0azEtQVBMIiwicyI6IjE2IiwiYSI6IjAiLCJwIjoiMTAsLTEwIn1dfQ.rgzj0WQ9XQ01HflCccxAnNqmAVEc7uBxgVBXb7scPx8/image;s=2048x1536;q=80,https://ireland.apollo.olxcdn.com/v1/files/eyJhbGciOiJIUzI1NiIsInR5cCI6IkpXVCJ9.eyJmbiI6InQ0M3BuZHd5dWF6dC1FQ09TWVNURU0iLCJ3IjpbeyJmbiI6ImVudmZxcWUxYXk0azEtQVBMIiwicyI6IjE2IiwiYSI6IjAiLCJwIjoiMTAsLTEwIn1dfQ.hJId1lLKYE9E_S1cHvptsKBu4N5gcEFPydY-Z-0kR0E/image;s=2048x1536;q=80",,,,,
68389906,mieszkanie,> TOP miejsce < 3 pokoje + 2 Balkony | Osobne WC |,75.92,3,6,802504,10570,,Winogrady,Poznań,,52.43637,16.94518,,,,https://www.otodom.pl/pl/oferta/top-miejsce-3-pokoje-2-balkony-osobne-wc-ID4CXl0,"https://ireland.apollo.olxcdn.com/v1/files/eyJhbGciOiJIUzI1NiIsInR5cCI6IkpXVCJ9.eyJmbiI6ImR0djF0MWRja3VhcTEtQVBMIiwidyI6W3siZm4iOiJlbnZmcXFlMWF5NGsxLUFQTCIsInMiOiIxNiIsImEiOiIwIiwicCI6IjEwLC0xMCJ9XX0.8d2IK_7l75JHLYurUVbB9-Kly8v12T5nqNgKbOgBlto/image;s=2048x1536;q=80,https://ireland.apollo.olxcdn.com/v1/files/eyJhbGciOiJIUzI1NiIsInR5cCI6IkpXVCJ9.eyJmbiI6InU1d3NvOGFmcmtwcjEtQVBMIiwidyI6W3siZm4iOiJlbnZmcXFlMWF5NGsxLUFQTCIsInMiOiIxNiIsImEiOiIwIiwicCI6IjEwLC0xMCJ9XX0.4yRyxVmaAmgV27itgW5koAg43itRUTbD5vs1MzdVSQo/image;s=2048x1536;q=80,https://ireland.apollo.olxcdn.com/v1/files/eyJhbGciOiJIUzI1NiIsInR5cCI6IkpXVCJ9.eyJmbiI6IjQ5Y2xybnl1cHRlNzItQVBMIiwidyI6W3siZm4iOiJlbnZmcXFlMWF5NGsxLUFQTCIsInMiOiIxNiIsImEiOiIwIiwicCI6IjEwLC0xMCJ9XX0.RVoGkmKqaXDYMZnAvZQr87TH-MN7AqsbNk69i_TOnBo/image;s=2048x1536;q=80",,,,,
68385051,mieszkanie,Jasne 2-stronne mieszkanie 3 Pok - KLUCZE  11.2026 - Rabat 110 tys.!!!,76,3,6,802504,10559,ul. Naramowicka,Winogrady,Poznań,,52.43785,16.94772,,,,https://www.otodom.pl/pl/oferta/jasne-2-stronne-mieszkanie-3-pok-klucze-11-2026-rabat-110-tys-ID4CV4H,"https://ireland.apollo.olxcdn.com/v1/files/eyJhbGciOiJIUzI1NiIsInR5cCI6IkpXVCJ9.eyJmbiI6ImkzYjZiNHFvdzNnaDItQVBMIiwidyI6W3siZm4iOiJlbnZmcXFlMWF5NGsxLUFQTCIsInMiOiIxNiIsImEiOiIwIiwicCI6IjEwLC0xMCJ9XX0.0d1rnu0ILVrConZ1iG6iGOHUpyZqYKI63rvcUPDVGis/image;s=2048x1536;q=80,https://ireland.apollo.olxcdn.com/v1/files/eyJhbGciOiJIUzI1NiIsInR5cCI6IkpXVCJ9.eyJmbiI6InU2M3BmdjNzeHdibzItQVBMIiwidyI6W3siZm4iOiJlbnZmcXFlMWF5NGsxLUFQTCIsInMiOiIxNiIsImEiOiIwIiwicCI6IjEwLC0xMCJ9XX0.CSPAag55e1d6EiPx5KzAy-lya-L5LSdVe3B3FJ98oCA/image;s=2048x1536;q=80,https://ireland.apollo.olxcdn.com/v1/files/eyJhbGciOiJIUzI1NiIsInR5cCI6IkpXVCJ9.eyJmbiI6ImwzdTE0aWYzczRjNjMtQVBMIiwidyI6W3siZm4iOiJlbnZmcXFlMWF5NGsxLUFQTCIsInMiOiIxNiIsImEiOiIwIiwicCI6IjEwLC0xMCJ9XX0.unPnHP4mYvrLbPnTlwhQE2oaZclORHSVKs0MglxnJ0Q/image;s=2048x1536;q=80",,,,,
66332232,mieszkanie,4-pokojowe mieszkanie 79m2 + taras Bez Prowizji,79.57,4,4,802713,10088,Bielicowa,Naramowice,Poznań,Naramowice Odnova,52.449503,16.957893,,,,https://www.otodom.pl/pl/oferta/4-pokojowe-mieszkanie-79m2-taras-bez-prowizji-ID4uk2I,"https://ireland.apollo.olxcdn.com/v1/files/eyJhbGciOiJIUzI1NiIsInR5cCI6IkpXVCJ9.eyJmbiI6InhtcGppY2gyd2hpZy1FQ09TWVNURU0iLCJ3IjpbeyJmbiI6ImVudmZxcWUxYXk0azEtQVBMIiwicyI6IjE2IiwiYSI6IjAiLCJwIjoiMTAsLTEwIn1dfQ.P7XBxvtzwHql83zXmeGP22Jnq2PQp8LYkasjswByats/image;s=2048x1536;q=80,https://ireland.apollo.olxcdn.com/v1/files/eyJhbGciOiJIUzI1NiIsInR5cCI6IkpXVCJ9.eyJmbiI6Im4zeHNqejk4emNhcDItRUNPU1lTVEVNIiwidyI6W3siZm4iOiJlbnZmcXFlMWF5NGsxLUFQTCIsInMiOiIxNiIsImEiOiIwIiwicCI6IjEwLC0xMCJ9XX0.tQrWXdF4G_8UOUWG4rybG8JzhjLBjJ83YRECrRjx5Ak/image;s=2048x1536;q=80,https://ireland.apollo.olxcdn.com/v1/files/eyJhbGciOiJIUzI1NiIsInR5cCI6IkpXVCJ9.eyJmbiI6IjI3MGkwd24yOWRpZzItRUNPU1lTVEVNIiwidyI6W3siZm4iOiJlbnZmcXFlMWF5NGsxLUFQTCIsInMiOiIxNiIsImEiOiIwIiwicCI6IjEwLC0xMCJ9XX0.UJjbTBUx3g2JXhzMbcSNDGXXVlbQw3RNI5guAldk7mk/image;s=2048x1536;q=80",,,,,
66436713,dom,"Błażejewko pod lasem, urządzony ogród, w.standard",95.26,4,,805000,8451,Błażejewo,Kórnik,Kórnik,,52.24811,17.08378,,,,https://www.otodom.pl/pl/oferta/blazejewko-pod-lasem-urzadzony-ogrod-w-standard-ID4uLdT,"https://ireland.apollo.olxcdn.com/v1/files/eyJhbGciOiJIUzI1NiIsInR5cCI6IkpXVCJ9.eyJmbiI6ImZxMjltcWRlbGkyYjEtQVBMIiwidyI6W3siZm4iOiJlbnZmcXFlMWF5NGsxLUFQTCIsInMiOiIxNiIsImEiOiIwIiwicCI6IjEwLC0xMCJ9XX0.ByOsSMqZdwkcxEjNSchuFEik44TtbmbGXNArADCIKfc/image;s=2048x1536;q=80,https://ireland.apollo.olxcdn.com/v1/files/eyJhbGciOiJIUzI1NiIsInR5cCI6IkpXVCJ9.eyJmbiI6Ijh4dXZ2cjFma2hwcjMtQVBMIiwidyI6W3siZm4iOiJlbnZmcXFlMWF5NGsxLUFQTCIsInMiOiIxNiIsImEiOiIwIiwicCI6IjEwLC0xMCJ9XX0.1D5QAcEYgM0JTzOh-DSdCWLtVdPdSMDmmQv8vTmbTMo/image;s=2048x1536;q=80,https://ireland.apollo.olxcdn.com/v1/files/eyJhbGciOiJIUzI1NiIsInR5cCI6IkpXVCJ9.eyJmbiI6ImdqamZqcm9nYzVxNS1BUEwiLCJ3IjpbeyJmbiI6ImVudmZxcWUxYXk0azEtQVBMIiwicyI6IjE2IiwiYSI6IjAiLCJwIjoiMTAsLTEwIn1dfQ.Otvjx_wNkogeQXIH_nTg2QI0ZiOyB2gLElEgmNUBf4U/image;s=2048x1536;q=80",,,,,
66476834,dom,"Błażejewko pod lasem, urządzony ogród, w.standard",95.26,4,,805000,8451,,Błażejewo,Błażejewo,,52.20185,17.10062,,,,https://www.otodom.pl/pl/oferta/blazejewko-pod-lasem-urzadzony-ogrod-w-standard-ID4uWF0,"https://ireland.apollo.olxcdn.com/v1/files/eyJhbGciOiJIUzI1NiIsInR5cCI6IkpXVCJ9.eyJmbiI6ImcycXdncjIzNW9mYi1BUEwiLCJ3IjpbeyJmbiI6ImVudmZxcWUxYXk0azEtQVBMIiwicyI6IjE2IiwiYSI6IjAiLCJwIjoiMTAsLTEwIn1dfQ.gesKy1QkaTRbjhmTCtX3Agk9uTQuaRsTJcorx39Argc/image;s=2048x1536;q=80,https://ireland.apollo.olxcdn.com/v1/files/eyJhbGciOiJIUzI1NiIsInR5cCI6IkpXVCJ9.eyJmbiI6Ijlucjltb3JkbXc3aTEtQVBMIiwidyI6W3siZm4iOiJlbnZmcXFlMWF5NGsxLUFQTCIsInMiOiIxNiIsImEiOiIwIiwicCI6IjEwLC0xMCJ9XX0.2RsWLOwDAobkS7eiMCZ3qC3doknWiffv2EldT4Hx79I/image;s=2048x1536;q=80,https://ireland.apollo.olxcdn.com/v1/files/eyJhbGciOiJIUzI1NiIsInR5cCI6IkpXVCJ9.eyJmbiI6Inlndm94dnd5dTVvZTMtQVBMIiwidyI6W3siZm4iOiJlbnZmcXFlMWF5NGsxLUFQTCIsInMiOiIxNiIsImEiOiIwIiwicCI6IjEwLC0xMCJ9XX0.b_kAhA_PR7WdICkN-H-Iq_9Bl3hVGv5r82iOGXTrJKM/image;s=2048x1536;q=80",,,,,
67003140,dom,DOMY pomiędzy Lasem a Jeziorem ! Wysoki STANDARD,95.26,4,,805000,8451,,Kórnik,Kórnik,,52.24811,17.08378,,,,https://www.otodom.pl/pl/oferta/domy-pomiedzy-lasem-a-jeziorem-wysoki-standard-ID4x8zO,"https://ireland.apollo.olxcdn.com/v1/files/eyJhbGciOiJIUzI1NiIsInR5cCI6IkpXVCJ9.eyJmbiI6InE3emV3bDR4aWl4Zi1BUEwiLCJ3IjpbeyJmbiI6ImVudmZxcWUxYXk0azEtQVBMIiwicyI6IjE2IiwiYSI6IjAiLCJwIjoiMTAsLTEwIn1dfQ.RNXyQ3w4Wazmr2v9GI2UIY9-oNn1Qhjic3YGD38T1tE/image;s=2048x1536;q=80,https://ireland.apollo.olxcdn.com/v1/files/eyJhbGciOiJIUzI1NiIsInR5cCI6IkpXVCJ9.eyJmbiI6ImFla3NjNHZzbng4YTMtQVBMIiwidyI6W3siZm4iOiJlbnZmcXFlMWF5NGsxLUFQTCIsInMiOiIxNiIsImEiOiIwIiwicCI6IjEwLC0xMCJ9XX0.6RuSyN1GXUoNiCC4l_a1dSknVYKPXrYoluCU1lbg8T0/image;s=2048x1536;q=80,https://ireland.apollo.olxcdn.com/v1/files/eyJhbGciOiJIUzI1NiIsInR5cCI6IkpXVCJ9.eyJmbiI6IjJ6a3JxNDV5a2JnZDMtQVBMIiwidyI6W3siZm4iOiJlbnZmcXFlMWF5NGsxLUFQTCIsInMiOiIxNiIsImEiOiIwIiwicCI6IjEwLC0xMCJ9XX0.3oOEmtmFIb4eYzzXgbC3uyd9FqHZjFN7jaXYLZsfHIA/image;s=2048x1536;q=80",,,,,
67465180,mieszkanie,4-pokojowe mieszkanie 76m2 + balkon Bez Prowizji,76.02,4,2,806700,10612,ul. Jasielska,Podolany,Poznań,Sielskie Podolany,52.442458,16.893541,,,,https://www.otodom.pl/pl/oferta/4-pokojowe-mieszkanie-76m2-balkon-bez-prowizji-ID4z4M4,"https://ireland.apollo.olxcdn.com/v1/files/eyJhbGciOiJIUzI1NiIsInR5cCI6IkpXVCJ9.eyJmbiI6InlvbXJncHI1bm54dzItRUNPU1lTVEVNIiwidyI6W3siZm4iOiJlbnZmcXFlMWF5NGsxLUFQTCIsInMiOiIxNiIsImEiOiIwIiwicCI6IjEwLC0xMCJ9XX0.KdodXo4LYqksRNEI8ZYtNWea-rqmfrsKUZRkuNpLBcU/image;s=2048x1536;q=80,https://ireland.apollo.olxcdn.com/v1/files/eyJhbGciOiJIUzI1NiIsInR5cCI6IkpXVCJ9.eyJmbiI6InZwYThiaWZydjlyMS1FQ09TWVNURU0iLCJ3IjpbeyJmbiI6ImVudmZxcWUxYXk0azEtQVBMIiwicyI6IjE2IiwiYSI6IjAiLCJwIjoiMTAsLTEwIn1dfQ.cbgN0QxZ_tuvr6e3tK8yMLcNn9-x7p_jHEPTJ-zyfLU/image;s=2048x1536;q=80,https://ireland.apollo.olxcdn.com/v1/files/eyJhbGciOiJIUzI1NiIsInR5cCI6IkpXVCJ9.eyJmbiI6ImJnMm9icTV1ZTQ2NDEtRUNPU1lTVEVNIiwidyI6W3siZm4iOiJlbnZmcXFlMWF5NGsxLUFQTCIsInMiOiIxNiIsImEiOiIwIiwicCI6IjEwLC0xMCJ9XX0.085Y9W90OZ0-hB25pXyRYUdjodJ1nwxyldn89mkeDEg/image;s=2048x1536;q=80",,,,,
68037598,mieszkanie,Duże Rodzinne 4pok 73m2|Spokoja okolica| MP w hali,73.8,4,1,809000,10962,Jasielska,Podolany,Poznań,,52.456781,16.887939,,,,https://www.otodom.pl/pl/oferta/duze-rodzinne-4pok-73m2-spokoja-okolica-mp-w-hali-ID4BtGC,"https://ireland.apollo.olxcdn.com/v1/files/eyJhbGciOiJIUzI1NiIsInR5cCI6IkpXVCJ9.eyJmbiI6IjMzdTQyYXQxbDlzei1FQ09TWVNURU0iLCJ3IjpbeyJmbiI6ImVudmZxcWUxYXk0azEtQVBMIiwicyI6IjE2IiwiYSI6IjAiLCJwIjoiMTAsLTEwIn1dfQ.y9qfuY0fc4srrsES2PKzq9zZwUz9MkIdQmDy6eBZcec/image;s=2048x1536;q=80,https://ireland.apollo.olxcdn.com/v1/files/eyJhbGciOiJIUzI1NiIsInR5cCI6IkpXVCJ9.eyJmbiI6ImZ3ajZhNGJ5amZtOTEtRUNPU1lTVEVNIiwidyI6W3siZm4iOiJlbnZmcXFlMWF5NGsxLUFQTCIsInMiOiIxNiIsImEiOiIwIiwicCI6IjEwLC0xMCJ9XX0.YC9GuqAwKvt2SAsN8_xi__bEUxwX4Ox3rNmLejM09bE/image;s=2048x1536;q=80,https://ireland.apollo.olxcdn.com/v1/files/eyJhbGciOiJIUzI1NiIsInR5cCI6IkpXVCJ9.eyJmbiI6IjY4NW5xbmt3ZDA3cy1FQ09TWVNURU0iLCJ3IjpbeyJmbiI6ImVudmZxcWUxYXk0azEtQVBMIiwicyI6IjE2IiwiYSI6IjAiLCJwIjoiMTAsLTEwIn1dfQ.dcNO0dKYFNuGhp19T67R9mf7mWf9zhaSXkxCESY-LEw/image;s=2048x1536;q=80",,,,,
67266097,mieszkanie,"Literacka Skwer C | M3, 75,63 m² na 1. piętrze",75.63,4,1,809241,10700,Zdzisława Dworzeckiego 2D,Strzeszyn,Poznań,,52.450589,16.869863,,,,https://www.otodom.pl/pl/oferta/literacka-skwer-c-m3-75-63-m-na-1-pietrze-ID4yeZ3,"https://ireland.apollo.olxcdn.com/v1/files/eyJhbGciOiJIUzI1NiIsInR5cCI6IkpXVCJ9.eyJmbiI6ImJ2N2l2NzdmZWc4MjMtQVBMIiwidyI6W3siZm4iOiJlbnZmcXFlMWF5NGsxLUFQTCIsInMiOiIxNiIsImEiOiIwIiwicCI6IjEwLC0xMCJ9XX0.cnzydXlDoN-FAogisSqJwRUkAOGH41CRuF_ZnstPOj0/image;s=2048x1536;q=80,https://ireland.apollo.olxcdn.com/v1/files/eyJhbGciOiJIUzI1NiIsInR5cCI6IkpXVCJ9.eyJmbiI6InR4dDFlcGVyaWx3ZzItQVBMIiwidyI6W3siZm4iOiJlbnZmcXFlMWF5NGsxLUFQTCIsInMiOiIxNiIsImEiOiIwIiwicCI6IjEwLC0xMCJ9XX0.VQySjXM1nPwXjj4g8bCqRxWGmSED-YHgaHU0fIuKC0Q/image;s=2048x1536;q=80,https://ireland.apollo.olxcdn.com/v1/files/eyJhbGciOiJIUzI1NiIsInR5cCI6IkpXVCJ9.eyJmbiI6InN1Y3BraDhsMjFkbjMtQVBMIiwidyI6W3siZm4iOiJlbnZmcXFlMWF5NGsxLUFQTCIsInMiOiIxNiIsImEiOiIwIiwicCI6IjEwLC0xMCJ9XX0.s7aOjGNlM9htE_0UNNI_oQAXNmrhF-0F92zhtRpZJ-w/image;s=2048x1536;q=80",,,,,
68442911,mieszkanie,4-pok dla Rodziny | GOTOWE do odbioru | 2x Balkon | Zielona Dzielnica,73.71,4,1,809760,10986,Jasielska,Podolany,Poznań,,52.44412,16.89438,,,,https://www.otodom.pl/pl/oferta/4-pok-dla-rodziny-gotowe-do-odbioru-2x-balkon-zielona-dzielnica-ID4Db7W,"https://ireland.apollo.olxcdn.com/v1/files/eyJhbGciOiJIUzI1NiIsInR5cCI6IkpXVCJ9.eyJmbiI6ImJlMnpkM3h3eG54dS1FQ09TWVNURU0iLCJ3IjpbeyJmbiI6ImVudmZxcWUxYXk0azEtQVBMIiwicyI6IjE2IiwiYSI6IjAiLCJwIjoiMTAsLTEwIn1dfQ.DhGhiqrbR3uvIexn59tXNaFIL77iD0_3TiJ8GhY1H-E/image;s=2048x1536;q=80,https://ireland.apollo.olxcdn.com/v1/files/eyJhbGciOiJIUzI1NiIsInR5cCI6IkpXVCJ9.eyJmbiI6IjR6Mjhtdno4YTd0djItRUNPU1lTVEVNIiwidyI6W3siZm4iOiJlbnZmcXFlMWF5NGsxLUFQTCIsInMiOiIxNiIsImEiOiIwIiwicCI6IjEwLC0xMCJ9XX0.TRkhlQX0YI-T0IabubUxyPlWY5ZGz6q4th1xmf0M9fg/image;s=2048x1536;q=80,https://ireland.apollo.olxcdn.com/v1/files/eyJhbGciOiJIUzI1NiIsInR5cCI6IkpXVCJ9.eyJmbiI6Imk2YWl2NHkyMWNwNTEtRUNPU1lTVEVNIiwidyI6W3siZm4iOiJlbnZmcXFlMWF5NGsxLUFQTCIsInMiOiIxNiIsImEiOiIwIiwicCI6IjEwLC0xMCJ9XX0.KLfhmYb1pG0iPndfmS9-J3g-sMfAfQIFTpOckS8OrH0/image;s=2048x1536;q=80",,,,,
68463518,dom,Bliźniak 106m2/15min PKP do Poznania,99.69,5,,810000,8125,ul. Leśnych Skrzatów,Dopiewiec,Dopiewiec,,52.37489,16.67797,,,,https://www.otodom.pl/pl/oferta/blizniak-106m2-15min-pkp-do-poznania-ID4Dgui,"https://ireland.apollo.olxcdn.com/v1/files/eyJhbGciOiJIUzI1NiIsInR5cCI6IkpXVCJ9.eyJmbiI6InA4YjdjaWNic2ZrdjEtQVBMIiwidyI6W3siZm4iOiJlbnZmcXFlMWF5NGsxLUFQTCIsInMiOiIxNiIsImEiOiIwIiwicCI6IjEwLC0xMCJ9XX0.ZVxNzZ1Kl7QoFEA8hPof3Us_6iFhzjl4MaTS7ztSJm0/image;s=2048x1536;q=80,https://ireland.apollo.olxcdn.com/v1/files/eyJhbGciOiJIUzI1NiIsInR5cCI6IkpXVCJ9.eyJmbiI6InZkamRkc2g0cWphNDEtQVBMIiwidyI6W3siZm4iOiJlbnZmcXFlMWF5NGsxLUFQTCIsInMiOiIxNiIsImEiOiIwIiwicCI6IjEwLC0xMCJ9XX0.8VL3H3WFLqhZd-w4Q0bJ_nsVpKiSt-3WzB2Wo9PeiAE/image;s=2048x1536;q=80,https://ireland.apollo.olxcdn.com/v1/files/eyJhbGciOiJIUzI1NiIsInR5cCI6IkpXVCJ9.eyJmbiI6IjZyNGsxc2xjNzduaC1BUEwiLCJ3IjpbeyJmbiI6ImVudmZxcWUxYXk0azEtQVBMIiwicyI6IjE2IiwiYSI6IjAiLCJwIjoiMTAsLTEwIn1dfQ.G9HHN4uFQ1pgWWfSez30EEwJ0YgA5jKO3Ja5NPe3oAc/image;s=2048x1536;q=80",,,,,
68404835,dom,"Bliźniak 106,6 m2 w Mrowinie-działka 500 m2 - garderoba - Strych-",106.6,4,,810000,7598,,Rokietnica,Rokietnica,,52.51359,16.74704,,,,https://www.otodom.pl/pl/oferta/blizniak-106-6-m2-w-mrowinie-dzialka-500-m2-garderoba-strych-ID4D1dN,"https://ireland.apollo.olxcdn.com/v1/files/eyJhbGciOiJIUzI1NiIsInR5cCI6IkpXVCJ9.eyJmbiI6IjQ3ejJtYWJ2NzdhdTEtQVBMIiwidyI6W3siZm4iOiJlbnZmcXFlMWF5NGsxLUFQTCIsInMiOiIxNiIsImEiOiIwIiwicCI6IjEwLC0xMCJ9XX0.T4O8h8oFQoTfaV4mFdNmg6hqAknrXqw1o8Jp4N11imI/image;s=2048x1536;q=80,https://ireland.apollo.olxcdn.com/v1/files/eyJhbGciOiJIUzI1NiIsInR5cCI6IkpXVCJ9.eyJmbiI6InI5cm91YXd1OWxjZzEtQVBMIiwidyI6W3siZm4iOiJlbnZmcXFlMWF5NGsxLUFQTCIsInMiOiIxNiIsImEiOiIwIiwicCI6IjEwLC0xMCJ9XX0.9CzNOvaALnfacZ00fApwoaJfd696zoVwjIedFqcSpaU/image;s=2048x1536;q=80,https://ireland.apollo.olxcdn.com/v1/files/eyJhbGciOiJIUzI1NiIsInR5cCI6IkpXVCJ9.eyJmbiI6Ink1c2FrMjdpYzJmMy1BUEwiLCJ3IjpbeyJmbiI6ImVudmZxcWUxYXk0azEtQVBMIiwicyI6IjE2IiwiYSI6IjAiLCJwIjoiMTAsLTEwIn1dfQ.1Xp7I-4Bx-L1bx-q2rTlUU9RZzwKK9Npwq5OEU1HW_o/image;s=2048x1536;q=80",,,,,
68351879,mieszkanie,Apartament z dużym tarasem✔ Nowoczesne osiedle!,74,4,2,811224,10962,Wagrowska,Starołęka Mała,Poznań,,52.3765,16.95215,,,,https://www.otodom.pl/pl/oferta/apartament-z-duzym-tarasem-nowoczesne-osiedle-ID4CNrF,"https://ireland.apollo.olxcdn.com/v1/files/eyJhbGciOiJIUzI1NiIsInR5cCI6IkpXVCJ9.eyJmbiI6ImkyeHQ0eTVucDg5dTMtRUNPU1lTVEVNIiwidyI6W3siZm4iOiJlbnZmcXFlMWF5NGsxLUFQTCIsInMiOiIxNiIsImEiOiIwIiwicCI6IjEwLC0xMCJ9XX0.JZg6D5LEfBW7GcJ5ZDqXcQ9ahr9SqsP6NOjIMjNHKws/image;s=2048x1536;q=80,https://ireland.apollo.olxcdn.com/v1/files/eyJhbGciOiJIUzI1NiIsInR5cCI6IkpXVCJ9.eyJmbiI6InB1MHM1eHdzNXRwbDItRUNPU1lTVEVNIiwidyI6W3siZm4iOiJlbnZmcXFlMWF5NGsxLUFQTCIsInMiOiIxNiIsImEiOiIwIiwicCI6IjEwLC0xMCJ9XX0.W8ycGjgO9G5y2uNIePczZmVP4gF-JDcQUca9UvqwGx0/image;s=2048x1536;q=80,https://ireland.apollo.olxcdn.com/v1/files/eyJhbGciOiJIUzI1NiIsInR5cCI6IkpXVCJ9.eyJmbiI6Im11MjJzanJianI1MzMtRUNPU1lTVEVNIiwidyI6W3siZm4iOiJlbnZmcXFlMWF5NGsxLUFQTCIsInMiOiIxNiIsImEiOiIwIiwicCI6IjEwLC0xMCJ9XX0.cwIokiHTbmArSxuJcNhKTY7nJbtYa21MAdkzakbNNj4/image;s=2048x1536;q=80",,,,,
68438651,mieszkanie,3 sypialnie | Loggia 16m2 | Super komunikacja | Zaplanuj przyszłość,73.4,4,2,811224,11052,,Rataje,Poznań,,52.38356,16.9408,,,,https://www.otodom.pl/pl/oferta/3-sypialnie-loggia-16m2-super-komunikacja-zaplanuj-przyszlosc-ID4Da1d,"https://ireland.apollo.olxcdn.com/v1/files/eyJhbGciOiJIUzI1NiIsInR5cCI6IkpXVCJ9.eyJmbiI6InZsazV2a3lkOTFqeDEtQVBMIiwidyI6W3siZm4iOiJlbnZmcXFlMWF5NGsxLUFQTCIsInMiOiIxNiIsImEiOiIwIiwicCI6IjEwLC0xMCJ9XX0.HqlPq3CW-MJhi_3pfi1JIgI1-mdUASLZkEWhOQ0gM-0/image;s=2048x1536;q=80,https://ireland.apollo.olxcdn.com/v1/files/eyJhbGciOiJIUzI1NiIsInR5cCI6IkpXVCJ9.eyJmbiI6IjZycWZ4MzE2N2lpcTItQVBMIiwidyI6W3siZm4iOiJlbnZmcXFlMWF5NGsxLUFQTCIsInMiOiIxNiIsImEiOiIwIiwicCI6IjEwLC0xMCJ9XX0.2bWzTmQONfYQTcyENrM-IO7mes-R1wV6XGiPaJJB16o/image;s=2048x1536;q=80,https://ireland.apollo.olxcdn.com/v1/files/eyJhbGciOiJIUzI1NiIsInR5cCI6IkpXVCJ9.eyJmbiI6ImVxdm56cTE5OXR1aTMtQVBMIiwidyI6W3siZm4iOiJlbnZmcXFlMWF5NGsxLUFQTCIsInMiOiIxNiIsImEiOiIwIiwicCI6IjEwLC0xMCJ9XX0.hBAqVqPrCMZZmYEfaFOyjAtoAbzT5547Ns4GyJjCc_k/image;s=2048x1536;q=80",,,,,
67701074,mieszkanie,4-pokojowe mieszkanie 73m2 + 2 balkony,73.75,4,2,817567,11086,ul. Jasielska,Podolany,Poznań,Jasielska 8C,52.44365,16.8932,,,,https://www.otodom.pl/pl/oferta/4-pokojowe-mieszkanie-73m2-2-balkony-ID4A48O,"https://ireland.apollo.olxcdn.com/v1/files/eyJhbGciOiJIUzI1NiIsInR5cCI6IkpXVCJ9.eyJmbiI6InN0MnQ3YzYxa2ZobTItRUNPU1lTVEVNIiwidyI6W3siZm4iOiJlbnZmcXFlMWF5NGsxLUFQTCIsInMiOiIxNiIsImEiOiIwIiwicCI6IjEwLC0xMCJ9XX0.GYLEey7QKbhrpcyN6I8u4S9mpRTiqVyvKvaXpttAWEw/image;s=2048x1536;q=80,https://ireland.apollo.olxcdn.com/v1/files/eyJhbGciOiJIUzI1NiIsInR5cCI6IkpXVCJ9.eyJmbiI6Im5hNmlpbHAzMWlpazItRUNPU1lTVEVNIiwidyI6W3siZm4iOiJlbnZmcXFlMWF5NGsxLUFQTCIsInMiOiIxNiIsImEiOiIwIiwicCI6IjEwLC0xMCJ9XX0.TfjRqCrEdT6Pl5hYixiPXftDtTvVMfvmq4frXEWBIB8/image;s=2048x1536;q=80,https://ireland.apollo.olxcdn.com/v1/files/eyJhbGciOiJIUzI1NiIsInR5cCI6IkpXVCJ9.eyJmbiI6IjY5M3hraTY3enM2aTMtRUNPU1lTVEVNIiwidyI6W3siZm4iOiJlbnZmcXFlMWF5NGsxLUFQTCIsInMiOiIxNiIsImEiOiIwIiwicCI6IjEwLC0xMCJ9XX0.sWF-zpzPNfl0W6ZeXcMTNTS5p4aSmLYJornKgbMRktY/image;s=2048x1536;q=80",,,,,
68094244,mieszkanie,OSTATNI GOTOWY Apartament w Suchym Lesie ul. Kubackiego 16B/2,96.47,4,,819000,8490,ul. Kubackiego 16B/2,Suchy Las,Suchy Las,,52.47578,16.8837,,,,https://www.otodom.pl/pl/oferta/ostatni-gotowy-apartament-w-suchym-lesie-ul-kubackiego-16b-2-ID4BIqg,"https://ireland.apollo.olxcdn.com/v1/files/eyJhbGciOiJIUzI1NiIsInR5cCI6IkpXVCJ9.eyJmbiI6IjVwbWFlOXlxbXlmajEtQVBMIiwidyI6W3siZm4iOiJlbnZmcXFlMWF5NGsxLUFQTCIsInMiOiIxNiIsImEiOiIwIiwicCI6IjEwLC0xMCJ9XX0.LY2Pg_LCyaMwa3sr48e8tIxirnFPTolQEfQbSiXTqG0/image;s=2048x1536;q=80,https://ireland.apollo.olxcdn.com/v1/files/eyJhbGciOiJIUzI1NiIsInR5cCI6IkpXVCJ9.eyJmbiI6Ijk3bXo5NjY0MmxscS1BUEwiLCJ3IjpbeyJmbiI6ImVudmZxcWUxYXk0azEtQVBMIiwicyI6IjE2IiwiYSI6IjAiLCJwIjoiMTAsLTEwIn1dfQ.r5Si65I1rHe7UJsaH2MGOtyJROVmIjcB7KEd1l2Ff_s/image;s=2048x1536;q=80,https://ireland.apollo.olxcdn.com/v1/files/eyJhbGciOiJIUzI1NiIsInR5cCI6IkpXVCJ9.eyJmbiI6InVlZmM3MGY2ejI1ai1BUEwiLCJ3IjpbeyJmbiI6ImVudmZxcWUxYXk0azEtQVBMIiwicyI6IjE2IiwiYSI6IjAiLCJwIjoiMTAsLTEwIn1dfQ.9iXLw44PIukY34kBmUkoGhCuuHPWW8uVwywv_D46lCs/image;s=2048x1536;q=80",,,,,
67968397,dom,OSTATNI Dom 125m² | DZIAŁKA OK. 600 m² | Nad Jeziorem/ W lesie,127,4,,819000,6449,Diamentowa 17,Jerzykowo,Jerzykowo,,52.47901,17.18268,,,,https://www.otodom.pl/pl/oferta/ostatni-dom-125m-dzialka-ok-600-m-nad-jeziorem-w-lesie-ID4BbGt,"https://ireland.apollo.olxcdn.com/v1/files/eyJhbGciOiJIUzI1NiIsInR5cCI6IkpXVCJ9.eyJmbiI6InZuY29pMzV2aW84aDEtQVBMIiwidyI6W3siZm4iOiJlbnZmcXFlMWF5NGsxLUFQTCIsInMiOiIxNiIsImEiOiIwIiwicCI6IjEwLC0xMCJ9XX0.68Jrx9cWOZyUCIJoH8iTievTrh52pq5_ndu6GEfJqh0/image;s=2048x1536;q=80,https://ireland.apollo.olxcdn.com/v1/files/eyJhbGciOiJIUzI1NiIsInR5cCI6IkpXVCJ9.eyJmbiI6ImttY2N3M2ZvamF4bDEtQVBMIiwidyI6W3siZm4iOiJlbnZmcXFlMWF5NGsxLUFQTCIsInMiOiIxNiIsImEiOiIwIiwicCI6IjEwLC0xMCJ9XX0.eW7Nltqc-mKP8m678S7B9g0Y2LOmN-IH_PsQO_l2jj0/image;s=2048x1536;q=80,https://ireland.apollo.olxcdn.com/v1/files/eyJhbGciOiJIUzI1NiIsInR5cCI6IkpXVCJ9.eyJmbiI6Ino0cWI5enRkZzkybC1BUEwiLCJ3IjpbeyJmbiI6ImVudmZxcWUxYXk0azEtQVBMIiwicyI6IjE2IiwiYSI6IjAiLCJwIjoiMTAsLTEwIn1dfQ.zfk11MEjHzMjXWdZrN7v1yOB69_fYFbW7vi1C0A9aTA/image;s=2048x1536;q=80",,,,,
68047747,dom,Sierosław bliźniak 110 m2 działka 356 m2 gotowy na wrzesień 2026 roku!,110,4,,819000,7445,,Sierosław,Sierosław,,52.4039,16.67696,,,,https://www.otodom.pl/pl/oferta/sieroslaw-blizniak-110-m2-dzialka-356-m2-gotowy-na-wrzesien-2026-roku-ID4Bvkj,"https://ireland.apollo.olxcdn.com/v1/files/eyJhbGciOiJIUzI1NiIsInR5cCI6IkpXVCJ9.eyJmbiI6IjhjOTc0Mmh2YmM1cDMtQVBMIiwidyI6W3siZm4iOiJlbnZmcXFlMWF5NGsxLUFQTCIsInMiOiIxNiIsImEiOiIwIiwicCI6IjEwLC0xMCJ9XX0.Q5O9dLubNERyXDIcR_pV-6hgjReOyV2_I5wf36D01j8/image;s=2048x1536;q=80,https://ireland.apollo.olxcdn.com/v1/files/eyJhbGciOiJIUzI1NiIsInR5cCI6IkpXVCJ9.eyJmbiI6ImZtZnBxN2dpcDNsai1BUEwiLCJ3IjpbeyJmbiI6ImVudmZxcWUxYXk0azEtQVBMIiwicyI6IjE2IiwiYSI6IjAiLCJwIjoiMTAsLTEwIn1dfQ.ToorlHDwB06qPyPo2-knl6X4GpgroCH12z_Gr5lwa00/image;s=2048x1536;q=80,https://ireland.apollo.olxcdn.com/v1/files/eyJhbGciOiJIUzI1NiIsInR5cCI6IkpXVCJ9.eyJmbiI6IjNja21vdm1kOHllajEtQVBMIiwidyI6W3siZm4iOiJlbnZmcXFlMWF5NGsxLUFQTCIsInMiOiIxNiIsImEiOiIwIiwicCI6IjEwLC0xMCJ9XX0.VGOyr-NgF8qvEVXHE7dGcZJbN6QTWpreRf7gELv740w/image;s=2048x1536;q=80",,,,,
68455730,dom,✅W  Centrum Plewisk/ Etap Trzeci ✅,99,5,,820000,8283,Bursztynowa,Aniołowo,Plewiska,,52.366348,16.818122,,,,https://www.otodom.pl/pl/oferta/w-centrum-plewisk-etap-trzeci-ID4DesG,"https://ireland.apollo.olxcdn.com/v1/files/eyJhbGciOiJIUzI1NiIsInR5cCI6IkpXVCJ9.eyJmbiI6IngxMzdqOXBoYTRqdC1FQ09TWVNURU0iLCJ3IjpbeyJmbiI6ImVudmZxcWUxYXk0azEtQVBMIiwicyI6IjE2IiwiYSI6IjAiLCJwIjoiMTAsLTEwIn1dfQ.vO-WAfzroCdnEziAhxNzwqbUT0Bs0du1A5_7QZyL4js/image;s=2048x1536;q=80,https://ireland.apollo.olxcdn.com/v1/files/eyJhbGciOiJIUzI1NiIsInR5cCI6IkpXVCJ9.eyJmbiI6IjJuYzFoeXBuamo1cTEtRUNPU1lTVEVNIiwidyI6W3siZm4iOiJlbnZmcXFlMWF5NGsxLUFQTCIsInMiOiIxNiIsImEiOiIwIiwicCI6IjEwLC0xMCJ9XX0.aLJjQSyuwAo38SitIDIyI6bG34uF3YiK_ABCXuSC6L8/image;s=2048x1536;q=80,https://ireland.apollo.olxcdn.com/v1/files/eyJhbGciOiJIUzI1NiIsInR5cCI6IkpXVCJ9.eyJmbiI6IjdxMWQ5ZzBlOHMxdDMtRUNPU1lTVEVNIiwidyI6W3siZm4iOiJlbnZmcXFlMWF5NGsxLUFQTCIsInMiOiIxNiIsImEiOiIwIiwicCI6IjEwLC0xMCJ9XX0.DLfZUPR_bLuqjjqcwux-vwiheXdZYtc5wqlUQ6o3xjo/image;s=2048x1536;q=80",,,,,
68391003,dom,✅W  Centrum Plewisk/ Etap Trzeci ✅,99,5,,820000,8283,Bursztynowa,Aniołowo,Plewiska,,52.366348,16.818122,,,,https://www.otodom.pl/pl/oferta/w-centrum-plewisk-etap-trzeci-ID4CXCH,"https://ireland.apollo.olxcdn.com/v1/files/eyJhbGciOiJIUzI1NiIsInR5cCI6IkpXVCJ9.eyJmbiI6ImN6OXFuN3UxMGF1bTMtRUNPU1lTVEVNIiwidyI6W3siZm4iOiJlbnZmcXFlMWF5NGsxLUFQTCIsInMiOiIxNiIsImEiOiIwIiwicCI6IjEwLC0xMCJ9XX0.7zXOG8LFhFn1Fud5Kyx4lLSR7qurYxwRbejkNRaLpwM/image;s=2048x1536;q=80,https://ireland.apollo.olxcdn.com/v1/files/eyJhbGciOiJIUzI1NiIsInR5cCI6IkpXVCJ9.eyJmbiI6ImxnOXh4MDU0bTQ3by1FQ09TWVNURU0iLCJ3IjpbeyJmbiI6ImVudmZxcWUxYXk0azEtQVBMIiwicyI6IjE2IiwiYSI6IjAiLCJwIjoiMTAsLTEwIn1dfQ.r-NdC7Nv9cuS2IHWENlEJKioOGBri3eT-te-cr0tvHU/image;s=2048x1536;q=80,https://ireland.apollo.olxcdn.com/v1/files/eyJhbGciOiJIUzI1NiIsInR5cCI6IkpXVCJ9.eyJmbiI6ImRhYWVhcGs0ZzFucS1FQ09TWVNURU0iLCJ3IjpbeyJmbiI6ImVudmZxcWUxYXk0azEtQVBMIiwicyI6IjE2IiwiYSI6IjAiLCJwIjoiMTAsLTEwIn1dfQ.lG7NmNxewHn7_2OF5Flu0nwIxYYZ0UTsFIVHN0GQ-KA/image;s=2048x1536;q=80",,,,,
66605000,dom,Domy Osiedle Makowe ul. Krótka Murowana Goślina.,131.28,5,,820000,6246,ul. Krótka,Murowana Goślina,Murowana Goślina,,52.57463,17.00933,,,,https://www.otodom.pl/pl/oferta/domy-osiedle-makowe-ul-krotka-murowana-goslina-ID4wt0c,"https://ireland.apollo.olxcdn.com/v1/files/eyJhbGciOiJIUzI1NiIsInR5cCI6IkpXVCJ9.eyJmbiI6ImhlZGRjb3N6NmhqZTEtQVBMIiwidyI6W3siZm4iOiJlbnZmcXFlMWF5NGsxLUFQTCIsInMiOiIxNiIsImEiOiIwIiwicCI6IjEwLC0xMCJ9XX0.4uZEFVZomk9zj_5b_GKxDGQZdCpxqsQPaSojqRuA_E4/image;s=2048x1536;q=80,https://ireland.apollo.olxcdn.com/v1/files/eyJhbGciOiJIUzI1NiIsInR5cCI6IkpXVCJ9.eyJmbiI6InJxeDBiOWF6aGI3dDMtQVBMIiwidyI6W3siZm4iOiJlbnZmcXFlMWF5NGsxLUFQTCIsInMiOiIxNiIsImEiOiIwIiwicCI6IjEwLC0xMCJ9XX0.1Yekdsg8Xmz7x4Z_i9t2FZi2vf1KX8zaBNzSRGtZ0hI/image;s=2048x1536;q=80,https://ireland.apollo.olxcdn.com/v1/files/eyJhbGciOiJIUzI1NiIsInR5cCI6IkpXVCJ9.eyJmbiI6InlxY2x0dWZhbjlpZjItQVBMIiwidyI6W3siZm4iOiJlbnZmcXFlMWF5NGsxLUFQTCIsInMiOiIxNiIsImEiOiIwIiwicCI6IjEwLC0xMCJ9XX0.esq2sO_1N9jFof9KBN3qyzFgPLQKoFjUgWyhb9dBOX8/image;s=2048x1536;q=80",,,,,
67400479,dom,Dom 94 m2 z dużą działką,94.23,4,,820000,8702,Błyszcząca,Kamionki,Kamionki,,52.28148,16.99664,,,,https://www.otodom.pl/pl/oferta/dom-94-m2-z-duza-dzialka-ID4yNVw,"https://ireland.apollo.olxcdn.com/v1/files/eyJhbGciOiJIUzI1NiIsInR5cCI6IkpXVCJ9.eyJmbiI6IjhjNTBkdXZiMTNhMzMtQVBMIiwidyI6W3siZm4iOiJlbnZmcXFlMWF5NGsxLUFQTCIsInMiOiIxNiIsImEiOiIwIiwicCI6IjEwLC0xMCJ9XX0.M9z7VSIjUfhuFHTOfZptQc_R3-U4HejhQbJSO6AUoAU/image;s=2048x1536;q=80,https://ireland.apollo.olxcdn.com/v1/files/eyJhbGciOiJIUzI1NiIsInR5cCI6IkpXVCJ9.eyJmbiI6Ijk0MDMxYThieXozNzEtQVBMIiwidyI6W3siZm4iOiJlbnZmcXFlMWF5NGsxLUFQTCIsInMiOiIxNiIsImEiOiIwIiwicCI6IjEwLC0xMCJ9XX0.FrlVp6IEAcDsdQVa7spFP1RN-7xY6s9FWTEUyzGC1A8/image;s=2048x1536;q=80,https://ireland.apollo.olxcdn.com/v1/files/eyJhbGciOiJIUzI1NiIsInR5cCI6IkpXVCJ9.eyJmbiI6Inc0OGo1eTh6bTR1YTItQVBMIiwidyI6W3siZm4iOiJlbnZmcXFlMWF5NGsxLUFQTCIsInMiOiIxNiIsImEiOiIwIiwicCI6IjEwLC0xMCJ9XX0.np90K0KWGuQDdkYzeprUrnLq2OVVTSeKL1jvffXBks4/image;s=2048x1536;q=80",,,,,
68391000,dom,✅Tulce / Na Wrzesień 2026 /  Działka 307 m2 ✅,124.3,5,,820000,6597,Szafirowa,Tulce,,,52.34811,17.09943,,,,https://www.otodom.pl/pl/oferta/white-check-marktulce-na-wrzesien-2026-dzialka-307-m2-white-check-mark-ID4CXCE,"https://ireland.apollo.olxcdn.com/v1/files/eyJhbGciOiJIUzI1NiIsInR5cCI6IkpXVCJ9.eyJmbiI6IncyYzZiem14azdobzItRUNPU1lTVEVNIiwidyI6W3siZm4iOiJlbnZmcXFlMWF5NGsxLUFQTCIsInMiOiIxNiIsImEiOiIwIiwicCI6IjEwLC0xMCJ9XX0.VY4DxM_OZeNQXBmeuM0i8Feh_d6YivOh22PYvvkJ6uc/image;s=2048x1536;q=80,https://ireland.apollo.olxcdn.com/v1/files/eyJhbGciOiJIUzI1NiIsInR5cCI6IkpXVCJ9.eyJmbiI6IjgzdXllOTFsbHhyZi1FQ09TWVNURU0iLCJ3IjpbeyJmbiI6ImVudmZxcWUxYXk0azEtQVBMIiwicyI6IjE2IiwiYSI6IjAiLCJwIjoiMTAsLTEwIn1dfQ.NhHYDh317kgRHL_ligt5dUWV9O-6WGnQbVWhv6uU2yk/image;s=2048x1536;q=80,https://ireland.apollo.olxcdn.com/v1/files/eyJhbGciOiJIUzI1NiIsInR5cCI6IkpXVCJ9.eyJmbiI6InJpZHExbmZramN6NC1FQ09TWVNURU0iLCJ3IjpbeyJmbiI6ImVudmZxcWUxYXk0azEtQVBMIiwicyI6IjE2IiwiYSI6IjAiLCJwIjoiMTAsLTEwIn1dfQ.Gxun6UL1U1ZfMYPXH_0G6giz76oiztuLuVymXF10ToE/image;s=2048x1536;q=80",,,,,
67872211,dom,Nowoczesny dom 130 m² | Dopiewo | ogród | wysoki standard | 820 tys,130,5,,820000,6308,ul. Lipowa,Dopiewo,Dopiewo,,52.36129,16.66407,,,,https://www.otodom.pl/pl/oferta/nowoczesny-dom-130-m-dopiewo-ogrod-wysoki-standard-820-tys-ID4AMF5,"https://ireland.apollo.olxcdn.com/v1/files/eyJhbGciOiJIUzI1NiIsInR5cCI6IkpXVCJ9.eyJmbiI6IjJyYXJmY3ozMTF6eDItQVBMIiwidyI6W3siZm4iOiJlbnZmcXFlMWF5NGsxLUFQTCIsInMiOiIxNiIsImEiOiIwIiwicCI6IjEwLC0xMCJ9XX0.qzH8kOuRdQU_t03V3T-D54O7bvOuaiTA7w2YCLuOBOQ/image;s=2048x1536;q=80,https://ireland.apollo.olxcdn.com/v1/files/eyJhbGciOiJIUzI1NiIsInR5cCI6IkpXVCJ9.eyJmbiI6ImNkODhsdXoydTFlajMtQVBMIiwidyI6W3siZm4iOiJlbnZmcXFlMWF5NGsxLUFQTCIsInMiOiIxNiIsImEiOiIwIiwicCI6IjEwLC0xMCJ9XX0.0oIROl-P_-7CUYv256jIiy59T17pGfcHdXAJ5MRf1u4/image;s=2048x1536;q=80,https://ireland.apollo.olxcdn.com/v1/files/eyJhbGciOiJIUzI1NiIsInR5cCI6IkpXVCJ9.eyJmbiI6ImVyYmFuaHN2aXM2bzMtQVBMIiwidyI6W3siZm4iOiJlbnZmcXFlMWF5NGsxLUFQTCIsInMiOiIxNiIsImEiOiIwIiwicCI6IjEwLC0xMCJ9XX0.eM9OlDBsLojh2EroT4Apfq_dVNbKtLdE7bXw924QM5c/image;s=2048x1536;q=80",,,,,
67445556,mieszkanie,3-pokojowe mieszkanie 73m2 + balkon Bez Prowizji,73.31,3,4,821400,11204,ul. Strzeszyńska,Podolany,Poznań,Strzeszyńska 77,52.44888,16.89124,,,,https://www.otodom.pl/pl/oferta/3-pokojowe-mieszkanie-73m2-balkon-bez-prowizji-ID4yZFy,"https://ireland.apollo.olxcdn.com/v1/files/eyJhbGciOiJIUzI1NiIsInR5cCI6IkpXVCJ9.eyJmbiI6IjE4eXZmZDFuNW1uNTMtRUNPU1lTVEVNIiwidyI6W3siZm4iOiJlbnZmcXFlMWF5NGsxLUFQTCIsInMiOiIxNiIsImEiOiIwIiwicCI6IjEwLC0xMCJ9XX0.H269wm0G_IMCak2Q2FFhnBajFML9ZTZUFQuthnGWP64/image;s=2048x1536;q=80,https://ireland.apollo.olxcdn.com/v1/files/eyJhbGciOiJIUzI1NiIsInR5cCI6IkpXVCJ9.eyJmbiI6InlwbjdleDB2M3oxYTEtRUNPU1lTVEVNIiwidyI6W3siZm4iOiJlbnZmcXFlMWF5NGsxLUFQTCIsInMiOiIxNiIsImEiOiIwIiwicCI6IjEwLC0xMCJ9XX0.Ucsx-w7-SrUtcXg_Oqq5r01a6kCl-FUY235mBS3PiNo/image;s=2048x1536;q=80,https://ireland.apollo.olxcdn.com/v1/files/eyJhbGciOiJIUzI1NiIsInR5cCI6IkpXVCJ9.eyJmbiI6ImFoZHp3YzR1MmI4ei1FQ09TWVNURU0iLCJ3IjpbeyJmbiI6ImVudmZxcWUxYXk0azEtQVBMIiwicyI6IjE2IiwiYSI6IjAiLCJwIjoiMTAsLTEwIn1dfQ.YttVtvGt2u4LGIVk41OCu9TK-vcgbxlz0HREAONnRmE/image;s=2048x1536;q=80",,,,,
66332241,mieszkanie,4-pokojowe mieszkanie 80m2 + taras Bez Prowizji,80.74,4,4,821721,10177,Bielicowa,Naramowice,,Naramowice Odnova,52.44846,16.96199,,,,https://www.otodom.pl/pl/oferta/4-pokojowe-mieszkanie-80m2-taras-bez-prowizji-ID4uk2R,"https://ireland.apollo.olxcdn.com/v1/files/eyJhbGciOiJIUzI1NiIsInR5cCI6IkpXVCJ9.eyJmbiI6IjdiNzF3cHZnaWFiOC1FQ09TWVNURU0iLCJ3IjpbeyJmbiI6ImVudmZxcWUxYXk0azEtQVBMIiwicyI6IjE2IiwiYSI6IjAiLCJwIjoiMTAsLTEwIn1dfQ.2wxO6gypzWOHiotCYm_BbH0_Ti6UoPskuPGnoXiSZ1M/image;s=2048x1536;q=80,https://ireland.apollo.olxcdn.com/v1/files/eyJhbGciOiJIUzI1NiIsInR5cCI6IkpXVCJ9.eyJmbiI6Ink4eWhydW5qbmY1azItRUNPU1lTVEVNIiwidyI6W3siZm4iOiJlbnZmcXFlMWF5NGsxLUFQTCIsInMiOiIxNiIsImEiOiIwIiwicCI6IjEwLC0xMCJ9XX0.RSJo311CSY3sIKy1WqPQ0jgqUbMH13f8EMkDzZqJr2A/image;s=2048x1536;q=80,https://ireland.apollo.olxcdn.com/v1/files/eyJhbGciOiJIUzI1NiIsInR5cCI6IkpXVCJ9.eyJmbiI6IjI3MGkwd24yOWRpZzItRUNPU1lTVEVNIiwidyI6W3siZm4iOiJlbnZmcXFlMWF5NGsxLUFQTCIsInMiOiIxNiIsImEiOiIwIiwicCI6IjEwLC0xMCJ9XX0.UJjbTBUx3g2JXhzMbcSNDGXXVlbQw3RNI5guAldk7mk/image;s=2048x1536;q=80",,,,,
67701103,mieszkanie,4-pokojowe mieszkanie 73m2 + 2 balkony,73.69,4,3,824337,11187,ul. Jasielska,Podolany,Poznań,Jasielska 8C,52.44365,16.8932,,,,https://www.otodom.pl/pl/oferta/4-pokojowe-mieszkanie-73m2-2-balkony-ID4A49h,"https://ireland.apollo.olxcdn.com/v1/files/eyJhbGciOiJIUzI1NiIsInR5cCI6IkpXVCJ9.eyJmbiI6IjY1MnZ1bGdmYjR1cTEtRUNPU1lTVEVNIiwidyI6W3siZm4iOiJlbnZmcXFlMWF5NGsxLUFQTCIsInMiOiIxNiIsImEiOiIwIiwicCI6IjEwLC0xMCJ9XX0.YL4X9cqg3bU0ufiT2ZmVH1jLlz-nYmIu1_USZtBzdI8/image;s=2048x1536;q=80,https://ireland.apollo.olxcdn.com/v1/files/eyJhbGciOiJIUzI1NiIsInR5cCI6IkpXVCJ9.eyJmbiI6Im5hNmlpbHAzMWlpazItRUNPU1lTVEVNIiwidyI6W3siZm4iOiJlbnZmcXFlMWF5NGsxLUFQTCIsInMiOiIxNiIsImEiOiIwIiwicCI6IjEwLC0xMCJ9XX0.TfjRqCrEdT6Pl5hYixiPXftDtTvVMfvmq4frXEWBIB8/image;s=2048x1536;q=80,https://ireland.apollo.olxcdn.com/v1/files/eyJhbGciOiJIUzI1NiIsInR5cCI6IkpXVCJ9.eyJmbiI6IjY5M3hraTY3enM2aTMtRUNPU1lTVEVNIiwidyI6W3siZm4iOiJlbnZmcXFlMWF5NGsxLUFQTCIsInMiOiIxNiIsImEiOiIwIiwicCI6IjEwLC0xMCJ9XX0.sWF-zpzPNfl0W6ZeXcMTNTS5p4aSmLYJornKgbMRktY/image;s=2048x1536;q=80",,,,,
96770110300067,mieszkanie,4-pokojowe mieszkanie 73m2 + 2 balkony,73.69,4,3,824337,11187,ul. Jasielska,Podolany,Poznań,Jasielska 8C,52.44365,16.8932,,,,https://www.otodom.pl/pl/oferta/4-pokojowe-mieszkanie-73m2-2-balkony-ID4A49h,"https://ireland.apollo.olxcdn.com/v1/files/eyJhbGciOiJIUzI1NiIsInR5cCI6IkpXVCJ9.eyJmbiI6IjY1MnZ1bGdmYjR1cTEtRUNPU1lTVEVNIiwidyI6W3siZm4iOiJlbnZmcXFlMWF5NGsxLUFQTCIsInMiOiIxNiIsImEiOiIwIiwicCI6IjEwLC0xMCJ9XX0.YL4X9cqg3bU0ufiT2ZmVH1jLlz-nYmIu1_USZtBzdI8/image;s=2048x1536;q=80,https://ireland.apollo.olxcdn.com/v1/files/eyJhbGciOiJIUzI1NiIsInR5cCI6IkpXVCJ9.eyJmbiI6IjgycWNwYmwzMXhtZzMtRUNPU1lTVEVNIiwidyI6W3siZm4iOiJlbnZmcXFlMWF5NGsxLUFQTCIsInMiOiIxNiIsImEiOiIwIiwicCI6IjEwLC0xMCJ9XX0.DPNUGimNoMQCE6k8iH5kxnRgEcCMFmEken8oN2p1Nao/image;s=2048x1536;q=80,https://ireland.apollo.olxcdn.com/v1/files/eyJhbGciOiJIUzI1NiIsInR5cCI6IkpXVCJ9.eyJmbiI6InE2Z3pqeDR5cHJxbC1FQ09TWVNURU0iLCJ3IjpbeyJmbiI6ImVudmZxcWUxYXk0azEtQVBMIiwicyI6IjE2IiwiYSI6IjAiLCJwIjoiMTAsLTEwIn1dfQ.d4j7ge1PM5IBFhA1xWd6xjU6M-EeOsB7ZMhQawBbiDw/image;s=2048x1536;q=80",,,,,
68467303,mieszkanie,NOWE MIESZKANIE NA PIĄTKOWIE | 4 POKOJE| PROMOCJA – MATECKIEGO 4ALL,80.13,4,1,825000,10296,Teofila Mateckiego 4D,Piątkowo,Poznań,,52.463035,16.898115,,,,https://www.otodom.pl/pl/oferta/nowe-mieszkanie-na-piatkowie-4-pokoje-promocja-mateckiego-4all-ID4Dhtl,"https://ireland.apollo.olxcdn.com/v1/files/eyJhbGciOiJIUzI1NiIsInR5cCI6IkpXVCJ9.eyJmbiI6Inh1eGUzYm1wdG94OTItQVBMIiwidyI6W3siZm4iOiJlbnZmcXFlMWF5NGsxLUFQTCIsInMiOiIxNiIsImEiOiIwIiwicCI6IjEwLC0xMCJ9XX0.1Q4tHV53MNERI2Udns02Abw9J80YYKHbeRykAc8JztU/image;s=2048x1536;q=80,https://ireland.apollo.olxcdn.com/v1/files/eyJhbGciOiJIUzI1NiIsInR5cCI6IkpXVCJ9.eyJmbiI6Im5oZ2owN29mZGp4aTItQVBMIiwidyI6W3siZm4iOiJlbnZmcXFlMWF5NGsxLUFQTCIsInMiOiIxNiIsImEiOiIwIiwicCI6IjEwLC0xMCJ9XX0.mseAN7GKCfCygeF0j0INTa4fHmrJ1F0co62IZN_HW0g/image;s=2048x1536;q=80,https://ireland.apollo.olxcdn.com/v1/files/eyJhbGciOiJIUzI1NiIsInR5cCI6IkpXVCJ9.eyJmbiI6InZxcHcxaDE5OWxyZTItQVBMIiwidyI6W3siZm4iOiJlbnZmcXFlMWF5NGsxLUFQTCIsInMiOiIxNiIsImEiOiIwIiwicCI6IjEwLC0xMCJ9XX0.cw5xjIPLU2A-fMThf0t12KO2H6C7AKkvTMn2dXyuX0s/image;s=2048x1536;q=80",,,,,
68269577,mieszkanie,Dwupoziomowe 5 pokoi z ogródkiem | 83 m²,83,5,0,825000,9940,,Podolany,Poznań,,52.44412,16.89438,,,,https://www.otodom.pl/pl/oferta/dwupoziomowe-5-pokoi-z-ogrodkiem-83-m-ID4Cs2d,"https://ireland.apollo.olxcdn.com/v1/files/eyJhbGciOiJIUzI1NiIsInR5cCI6IkpXVCJ9.eyJmbiI6ImIwOGZycnRxaG05YTMtRUNPU1lTVEVNIiwidyI6W3siZm4iOiJlbnZmcXFlMWF5NGsxLUFQTCIsInMiOiIxNiIsImEiOiIwIiwicCI6IjEwLC0xMCJ9XX0.coM108q6WSzFiqPj8VLhY3ws55sMa6Wjsbq56Ob0Ku0/image;s=2048x1536;q=80,https://ireland.apollo.olxcdn.com/v1/files/eyJhbGciOiJIUzI1NiIsInR5cCI6IkpXVCJ9.eyJmbiI6InU0ZGJ4d2p5eHNyMzMtRUNPU1lTVEVNIiwidyI6W3siZm4iOiJlbnZmcXFlMWF5NGsxLUFQTCIsInMiOiIxNiIsImEiOiIwIiwicCI6IjEwLC0xMCJ9XX0.b8bRmfXV6Xamj_Auowgg3BCgkc6UtDlCnjGh4DSa7YI/image;s=2048x1536;q=80,https://ireland.apollo.olxcdn.com/v1/files/eyJhbGciOiJIUzI1NiIsInR5cCI6IkpXVCJ9.eyJmbiI6ImVtOWhibHVmb3dlZS1FQ09TWVNURU0iLCJ3IjpbeyJmbiI6ImVudmZxcWUxYXk0azEtQVBMIiwicyI6IjE2IiwiYSI6IjAiLCJwIjoiMTAsLTEwIn1dfQ.sbpOrTTIELIGqTPkLstwmeB4aNAxDk6G2NoamtiPOII/image;s=2048x1536;q=80",,,,,
66332167,mieszkanie,4-pokojowe mieszkanie 77m2 + 2 balkony,77.24,4,1,826588,10702,Bielicowa,Naramowice,Poznań,Naramowice Odnova,52.44846,16.96199,,,,https://www.otodom.pl/pl/oferta/4-pokojowe-mieszkanie-77m2-2-balkony-ID4uk1F,"https://ireland.apollo.olxcdn.com/v1/files/eyJhbGciOiJIUzI1NiIsInR5cCI6IkpXVCJ9.eyJmbiI6ImJuazMxMnM2MXFqbzMtRUNPU1lTVEVNIiwidyI6W3siZm4iOiJlbnZmcXFlMWF5NGsxLUFQTCIsInMiOiIxNiIsImEiOiIwIiwicCI6IjEwLC0xMCJ9XX0.Z5rX1ZrYHRNIzj1n6m6ymSYTPtqjlCanSw56fdpHcUk/image;s=2048x1536;q=80,https://ireland.apollo.olxcdn.com/v1/files/eyJhbGciOiJIUzI1NiIsInR5cCI6IkpXVCJ9.eyJmbiI6InpleDJuOTV6emhoMjEtRUNPU1lTVEVNIiwidyI6W3siZm4iOiJlbnZmcXFlMWF5NGsxLUFQTCIsInMiOiIxNiIsImEiOiIwIiwicCI6IjEwLC0xMCJ9XX0.4nRkg01ijeWdiGsTrWRffBkd06n6JwK8xn94eHYqHTE/image;s=2048x1536;q=80,https://ireland.apollo.olxcdn.com/v1/files/eyJhbGciOiJIUzI1NiIsInR5cCI6IkpXVCJ9.eyJmbiI6IjI3MGkwd24yOWRpZzItRUNPU1lTVEVNIiwidyI6W3siZm4iOiJlbnZmcXFlMWF5NGsxLUFQTCIsInMiOiIxNiIsImEiOiIwIiwicCI6IjEwLC0xMCJ9XX0.UJjbTBUx3g2JXhzMbcSNDGXXVlbQw3RNI5guAldk7mk/image;s=2048x1536;q=80",,,,,
68002923,mieszkanie,2-pokojowe mieszkanie 72m2 + taras Bez Pośredników,72.06,2,3,827652,11486,Mateckiego,Piątkowo,Poznań,Osiedle Mateckiego 4all,52.46281,16.8983,,,,https://www.otodom.pl/pl/oferta/2-pokojowe-mieszkanie-72m2-taras-bez-posrednikow-ID4BkFl,"https://ireland.apollo.olxcdn.com/v1/files/eyJhbGciOiJIUzI1NiIsInR5cCI6IkpXVCJ9.eyJmbiI6Im9oM291OXM5N2QwNzItRUNPU1lTVEVNIiwidyI6W3siZm4iOiJlbnZmcXFlMWF5NGsxLUFQTCIsInMiOiIxNiIsImEiOiIwIiwicCI6IjEwLC0xMCJ9XX0.Ng8qmWxnZwoZoM1iDIE8heZv1p77yfElW8TJvt4yWQo/image;s=2048x1536;q=80,https://ireland.apollo.olxcdn.com/v1/files/eyJhbGciOiJIUzI1NiIsInR5cCI6IkpXVCJ9.eyJmbiI6ImE0MzhoNjd0d3BoYTEtRUNPU1lTVEVNIiwidyI6W3siZm4iOiJlbnZmcXFlMWF5NGsxLUFQTCIsInMiOiIxNiIsImEiOiIwIiwicCI6IjEwLC0xMCJ9XX0.tw9--yVP8re49zDpnT8XYq1RZfNUJp6X6tgGLCcLpMU/image;s=2048x1536;q=80,https://ireland.apollo.olxcdn.com/v1/files/eyJhbGciOiJIUzI1NiIsInR5cCI6IkpXVCJ9.eyJmbiI6ImQ0ZnZ3MWJoaGswdy1FQ09TWVNURU0iLCJ3IjpbeyJmbiI6ImVudmZxcWUxYXk0azEtQVBMIiwicyI6IjE2IiwiYSI6IjAiLCJwIjoiMTAsLTEwIn1dfQ.pehIJBJJ4y0HEFp44FGS4we02ho3FsQO_4mVVCNyX0g/image;s=2048x1536;q=80",,,,,
96800292300067,mieszkanie,2-pokojowe mieszkanie 72m2 + taras Bez Pośredników,72.06,2,3,827652,11486,Mateckiego,Piątkowo,Poznań,Osiedle Mateckiego 4all,52.46281,16.8983,,,,https://www.otodom.pl/pl/oferta/2-pokojowe-mieszkanie-72m2-taras-bez-posrednikow-ID4BkFl,"https://ireland.apollo.olxcdn.com/v1/files/eyJhbGciOiJIUzI1NiIsInR5cCI6IkpXVCJ9.eyJmbiI6Im9oM291OXM5N2QwNzItRUNPU1lTVEVNIiwidyI6W3siZm4iOiJlbnZmcXFlMWF5NGsxLUFQTCIsInMiOiIxNiIsImEiOiIwIiwicCI6IjEwLC0xMCJ9XX0.Ng8qmWxnZwoZoM1iDIE8heZv1p77yfElW8TJvt4yWQo/image;s=2048x1536;q=80,https://ireland.apollo.olxcdn.com/v1/files/eyJhbGciOiJIUzI1NiIsInR5cCI6IkpXVCJ9.eyJmbiI6ImE0MzhoNjd0d3BoYTEtRUNPU1lTVEVNIiwidyI6W3siZm4iOiJlbnZmcXFlMWF5NGsxLUFQTCIsInMiOiIxNiIsImEiOiIwIiwicCI6IjEwLC0xMCJ9XX0.tw9--yVP8re49zDpnT8XYq1RZfNUJp6X6tgGLCcLpMU/image;s=2048x1536;q=80,https://ireland.apollo.olxcdn.com/v1/files/eyJhbGciOiJIUzI1NiIsInR5cCI6IkpXVCJ9.eyJmbiI6ImQ0ZnZ3MWJoaGswdy1FQ09TWVNURU0iLCJ3IjpbeyJmbiI6ImVudmZxcWUxYXk0azEtQVBMIiwicyI6IjE2IiwiYSI6IjAiLCJwIjoiMTAsLTEwIn1dfQ.pehIJBJJ4y0HEFp44FGS4we02ho3FsQO_4mVVCNyX0g/image;s=2048x1536;q=80",,,,,
68456429,mieszkanie,3 pokoje I Dwustronne I Jeżyce I Bezpośrednio od dewelopera I Bez PCC,73.89,3,1,829000,11219,ul. Klemensa Janickiego,Jeżyce,Poznań,,52.413479,16.902793,,,,https://www.otodom.pl/pl/oferta/3-pokoje-i-dwustronne-i-jezyce-i-bezposrednio-od-dewelopera-i-bez-pcc-ID4DeDX,"https://ireland.apollo.olxcdn.com/v1/files/eyJhbGciOiJIUzI1NiIsInR5cCI6IkpXVCJ9.eyJmbiI6IjFnYTUyaWx5MDg2Yi1BUEwiLCJ3IjpbeyJmbiI6ImVudmZxcWUxYXk0azEtQVBMIiwicyI6IjE2IiwiYSI6IjAiLCJwIjoiMTAsLTEwIn1dfQ.06Krl_a74Hsm4CZ0W1FZBt5I1SYCR5Oe4VnCJWUtMbg/image;s=2048x1536;q=80,https://ireland.apollo.olxcdn.com/v1/files/eyJhbGciOiJIUzI1NiIsInR5cCI6IkpXVCJ9.eyJmbiI6IncwdHRjazVqcDB2ejEtQVBMIiwidyI6W3siZm4iOiJlbnZmcXFlMWF5NGsxLUFQTCIsInMiOiIxNiIsImEiOiIwIiwicCI6IjEwLC0xMCJ9XX0.-0nVeXFOLApnaCdrwD2WrkGQaJkSay_HzZIzsACcfVg/image;s=2048x1536;q=80,https://ireland.apollo.olxcdn.com/v1/files/eyJhbGciOiJIUzI1NiIsInR5cCI6IkpXVCJ9.eyJmbiI6ImZmN2h5MGpxbXMzdTEtQVBMIiwidyI6W3siZm4iOiJlbnZmcXFlMWF5NGsxLUFQTCIsInMiOiIxNiIsImEiOiIwIiwicCI6IjEwLC0xMCJ9XX0.QrYvKXO7waJ1XqAeuMPC3EjYzm_7GBHOIqduU2AFD9U/image;s=2048x1536;q=80",,,,,
68002949,mieszkanie,4-pokojowe mieszkanie 78m2 + taras Bez Pośredników,78.07,4,1,829898,10630,Mateckiego,Piątkowo,Poznań,Osiedle Mateckiego 4all,52.46281,16.8983,,,,https://www.otodom.pl/pl/oferta/4-pokojowe-mieszkanie-78m2-taras-bez-posrednikow-ID4BkFL,"https://ireland.apollo.olxcdn.com/v1/files/eyJhbGciOiJIUzI1NiIsInR5cCI6IkpXVCJ9.eyJmbiI6IjFuMHZxMzlwYW9hbjItRUNPU1lTVEVNIiwidyI6W3siZm4iOiJlbnZmcXFlMWF5NGsxLUFQTCIsInMiOiIxNiIsImEiOiIwIiwicCI6IjEwLC0xMCJ9XX0.Gbg2lKn60D_Ymo6w-tH4rPc_Sm33xOtyj7KuhxXIFwI/image;s=2048x1536;q=80,https://ireland.apollo.olxcdn.com/v1/files/eyJhbGciOiJIUzI1NiIsInR5cCI6IkpXVCJ9.eyJmbiI6ImJveGFiNjVybWFqaDMtRUNPU1lTVEVNIiwidyI6W3siZm4iOiJlbnZmcXFlMWF5NGsxLUFQTCIsInMiOiIxNiIsImEiOiIwIiwicCI6IjEwLC0xMCJ9XX0.L7qAU-TklaY_0oiZyoBhenrp2PQtr7lZyfkn-y7lX1k/image;s=2048x1536;q=80,https://ireland.apollo.olxcdn.com/v1/files/eyJhbGciOiJIUzI1NiIsInR5cCI6IkpXVCJ9.eyJmbiI6ImloeTF4eno4YnF2ZC1FQ09TWVNURU0iLCJ3IjpbeyJmbiI6ImVudmZxcWUxYXk0azEtQVBMIiwicyI6IjE2IiwiYSI6IjAiLCJwIjoiMTAsLTEwIn1dfQ.8CRg4zqDnQ7-ECgatj6c8QxUZ0Utb3h6Tk-HHXud7S0/image;s=2048x1536;q=80",,,,,
67907953,mieszkanie,Nowy dom dwulokalowy 95 m2 +18m2 poddasze Skórzewo,95,4,0,830000,8737,Życzliwa,Skórzewo,Skórzewo,,52.39155,16.76976,,,,https://www.otodom.pl/pl/oferta/nowy-dom-dwulokalowy-95-m2-18m2-poddasze-skorzewo-ID4AWXz,"https://ireland.apollo.olxcdn.com/v1/files/eyJhbGciOiJIUzI1NiIsInR5cCI6IkpXVCJ9.eyJmbiI6Ijk1NDhlMTVmZnZ4MDEtRUNPU1lTVEVNIiwidyI6W3siZm4iOiJlbnZmcXFlMWF5NGsxLUFQTCIsInMiOiIxNiIsImEiOiIwIiwicCI6IjEwLC0xMCJ9XX0.Sjkek6sWVu-mOOCM1KKEJkfN8c146IkHQBNX79_5oAs/image;s=2048x1536;q=80,https://ireland.apollo.olxcdn.com/v1/files/eyJhbGciOiJIUzI1NiIsInR5cCI6IkpXVCJ9.eyJmbiI6InltaGI3c2hhMWhsOS1FQ09TWVNURU0iLCJ3IjpbeyJmbiI6ImVudmZxcWUxYXk0azEtQVBMIiwicyI6IjE2IiwiYSI6IjAiLCJwIjoiMTAsLTEwIn1dfQ.aHIwvh1EVPpXeDjENR7pd2kwjnvyKqE5P2JKngIfTFg/image;s=2048x1536;q=80,https://ireland.apollo.olxcdn.com/v1/files/eyJhbGciOiJIUzI1NiIsInR5cCI6IkpXVCJ9.eyJmbiI6ImNvb2FhN2R3NGFhZzMtRUNPU1lTVEVNIiwidyI6W3siZm4iOiJlbnZmcXFlMWF5NGsxLUFQTCIsInMiOiIxNiIsImEiOiIwIiwicCI6IjEwLC0xMCJ9XX0.U0_ivUC9gnb1YAZjWHfOxUWGOoTXCWT5s1Tc81jO9Lg/image;s=2048x1536;q=80",,,,,
96790795300067,mieszkanie,Nowy dom dwulokalowy 95 m2 +18m2 poddasze Skórzewo,95,4,0,830000,8737,Życzliwa,Skórzewo,Skórzewo,,52.39155,16.76976,,,,https://www.otodom.pl/pl/oferta/nowy-dom-dwulokalowy-95-m2-18m2-poddasze-skorzewo-ID4AWXz,"https://ireland.apollo.olxcdn.com/v1/files/eyJhbGciOiJIUzI1NiIsInR5cCI6IkpXVCJ9.eyJmbiI6Im50cWJvNTgyZ3BtMTMtRUNPU1lTVEVNIiwidyI6W3siZm4iOiJlbnZmcXFlMWF5NGsxLUFQTCIsInMiOiIxNiIsImEiOiIwIiwicCI6IjEwLC0xMCJ9XX0.7o7hzPmK8exLKCqHKt-K34MMuUJkFiTUfu7ts6sxamo/image;s=2048x1536;q=80,https://ireland.apollo.olxcdn.com/v1/files/eyJhbGciOiJIUzI1NiIsInR5cCI6IkpXVCJ9.eyJmbiI6IjloajN1YnlzYmExcTEtRUNPU1lTVEVNIiwidyI6W3siZm4iOiJlbnZmcXFlMWF5NGsxLUFQTCIsInMiOiIxNiIsImEiOiIwIiwicCI6IjEwLC0xMCJ9XX0.4mpUkpgaOLgERB-6hxTqL_uu50cDQ8mS6QZP6wPccwE/image;s=2048x1536;q=80,https://ireland.apollo.olxcdn.com/v1/files/eyJhbGciOiJIUzI1NiIsInR5cCI6IkpXVCJ9.eyJmbiI6Im5hdTZzamIxcWRkNDEtRUNPU1lTVEVNIiwidyI6W3siZm4iOiJlbnZmcXFlMWF5NGsxLUFQTCIsInMiOiIxNiIsImEiOiIwIiwicCI6IjEwLC0xMCJ9XX0.8B5FX3rlXJQSYOhkPGxIBMB_xp8llq7prL4TLpZdMDw/image;s=2048x1536;q=80",,,,,
65566232,dom,Gotowy dom z urządzonym ogrodem!,95,4,,830000,8737,,Kórnik,Kórnik,,52.24677,17.09013,,,,https://www.otodom.pl/pl/oferta/gotowy-dom-z-urzadzonym-ogrodem-ID4r6LS,"https://ireland.apollo.olxcdn.com/v1/files/eyJhbGciOiJIUzI1NiIsInR5cCI6IkpXVCJ9.eyJmbiI6Inl0bnZ2MDIzNzdvejEtQVBMIiwidyI6W3siZm4iOiJlbnZmcXFlMWF5NGsxLUFQTCIsInMiOiIxNiIsImEiOiIwIiwicCI6IjEwLC0xMCJ9XX0.IZb3vHNV_uelMZ_SRBqsAQuqOdGSaz6HTTj6wPixMvw/image;s=2048x1536;q=80,https://ireland.apollo.olxcdn.com/v1/files/eyJhbGciOiJIUzI1NiIsInR5cCI6IkpXVCJ9.eyJmbiI6InRnbTYweDdzOXY2MjEtQVBMIiwidyI6W3siZm4iOiJlbnZmcXFlMWF5NGsxLUFQTCIsInMiOiIxNiIsImEiOiIwIiwicCI6IjEwLC0xMCJ9XX0.iqUoqNdG6Qp5ROk5hOI54l89u-u_8Suk5SMmlaivN_o/image;s=2048x1536;q=80,https://ireland.apollo.olxcdn.com/v1/files/eyJhbGciOiJIUzI1NiIsInR5cCI6IkpXVCJ9.eyJmbiI6InVxNG9yN3ZnZGgzdjEtQVBMIiwidyI6W3siZm4iOiJlbnZmcXFlMWF5NGsxLUFQTCIsInMiOiIxNiIsImEiOiIwIiwicCI6IjEwLC0xMCJ9XX0.5S1Hj3pjQjmkNY-zI7I0DzKKbO-KAcJpK2WMj1sNghs/image;s=2048x1536;q=80",,,,,
68393250,mieszkanie,Rataje. Blisko Tramwaj. Klucze listopad 2026,70.1,3,4,830685,11850,ul. Rondo Żegrze,Starołęka Mała,Poznań,,52.374577,16.953591,,,,https://www.otodom.pl/pl/oferta/rataje-blisko-tramwaj-klucze-listopad-2026-ID4CYcV,"https://ireland.apollo.olxcdn.com/v1/files/eyJhbGciOiJIUzI1NiIsInR5cCI6IkpXVCJ9.eyJmbiI6Ijkwa3FjbnM4cnhocjEtRUNPU1lTVEVNIiwidyI6W3siZm4iOiJlbnZmcXFlMWF5NGsxLUFQTCIsInMiOiIxNiIsImEiOiIwIiwicCI6IjEwLC0xMCJ9XX0.lYL0Moed0FaAE9YBRZPBxSe8Pa6EBsRtG-jYulBUKIk/image;s=2048x1536;q=80,https://ireland.apollo.olxcdn.com/v1/files/eyJhbGciOiJIUzI1NiIsInR5cCI6IkpXVCJ9.eyJmbiI6IjBvMzV6a3RmMWdibjMtRUNPU1lTVEVNIiwidyI6W3siZm4iOiJlbnZmcXFlMWF5NGsxLUFQTCIsInMiOiIxNiIsImEiOiIwIiwicCI6IjEwLC0xMCJ9XX0.NqsXDMoNM8SfdFOK3mK0_tKXOZSrOd1NJUcudjORCGc/image;s=2048x1536;q=80,https://ireland.apollo.olxcdn.com/v1/files/eyJhbGciOiJIUzI1NiIsInR5cCI6IkpXVCJ9.eyJmbiI6InN5bnJkM3ZkN2hhbDItRUNPU1lTVEVNIiwidyI6W3siZm4iOiJlbnZmcXFlMWF5NGsxLUFQTCIsInMiOiIxNiIsImEiOiIwIiwicCI6IjEwLC0xMCJ9XX0.JGVg-3Hb-M6sE4FuZ9mUqompWQrQpmHMBATZgbJJyCI/image;s=2048x1536;q=80",,,,,
68483238,dom,Atrakcyjny dom w Tarnowie Podgórnym,98.91,5,,830844,8400,,Tarnowo Podgórne,Tarnowo Podgórne,,52.46214,16.673124,,,,https://www.otodom.pl/pl/oferta/atrakcyjny-dom-w-tarnowie-podgornym-ID4DlCm,"https://ireland.apollo.olxcdn.com/v1/files/eyJhbGciOiJIUzI1NiIsInR5cCI6IkpXVCJ9.eyJmbiI6ImZna3FyOGlscG44MTMtRUNPU1lTVEVNIiwidyI6W3siZm4iOiJlbnZmcXFlMWF5NGsxLUFQTCIsInMiOiIxNiIsImEiOiIwIiwicCI6IjEwLC0xMCJ9XX0.lWZ7E7MAflVplvDi8_0mzRLRTk-vPz-jLLPEu20e52c/image;s=2048x1536;q=80,https://ireland.apollo.olxcdn.com/v1/files/eyJhbGciOiJIUzI1NiIsInR5cCI6IkpXVCJ9.eyJmbiI6IjZ0NG9rMDd4Mnk3YjEtRUNPU1lTVEVNIiwidyI6W3siZm4iOiJlbnZmcXFlMWF5NGsxLUFQTCIsInMiOiIxNiIsImEiOiIwIiwicCI6IjEwLC0xMCJ9XX0.-f6MZF3rORJhZrV8pgvU3a_2TVwQdTkTvGlKhASmM6A/image;s=2048x1536;q=80,https://ireland.apollo.olxcdn.com/v1/files/eyJhbGciOiJIUzI1NiIsInR5cCI6IkpXVCJ9.eyJmbiI6ImVoZ2h1bml0bnAyMjEtRUNPU1lTVEVNIiwidyI6W3siZm4iOiJlbnZmcXFlMWF5NGsxLUFQTCIsInMiOiIxNiIsImEiOiIwIiwicCI6IjEwLC0xMCJ9XX0.Ayxwt6GWrxMAU9yVovF24hRBjTJpM8dYnDvbh5TrUqU/image;s=2048x1536;q=80",,,,,
67842889,mieszkanie,3-pokojowe mieszkanie 70m2 + 2 balkony,70.31,3,3,830997,11819,ul. Mogileńska,Warszawskie-Pomet-Maltańskie,Poznań,Atal Parkowa,52.410123,16.991362,,,,https://www.otodom.pl/pl/oferta/3-pokojowe-mieszkanie-70m2-2-balkony-ID4AF29,"https://ireland.apollo.olxcdn.com/v1/files/eyJhbGciOiJIUzI1NiIsInR5cCI6IkpXVCJ9.eyJmbiI6InIzZ3lkNm1iem5pODEtRUNPU1lTVEVNIiwidyI6W3siZm4iOiJlbnZmcXFlMWF5NGsxLUFQTCIsInMiOiIxNiIsImEiOiIwIiwicCI6IjEwLC0xMCJ9XX0.delP_D8KxSg5q80YJZb5xEw7CsVkAtW5ybW4wu42FeI/image;s=2048x1536;q=80,https://ireland.apollo.olxcdn.com/v1/files/eyJhbGciOiJIUzI1NiIsInR5cCI6IkpXVCJ9.eyJmbiI6ImlkbGhhM2hxN255ZzMtRUNPU1lTVEVNIiwidyI6W3siZm4iOiJlbnZmcXFlMWF5NGsxLUFQTCIsInMiOiIxNiIsImEiOiIwIiwicCI6IjEwLC0xMCJ9XX0.D40Ml2yC9lthySzA79a7PEmjEQbzt37TedWRpdbeP5M/image;s=2048x1536;q=80,https://ireland.apollo.olxcdn.com/v1/files/eyJhbGciOiJIUzI1NiIsInR5cCI6IkpXVCJ9.eyJmbiI6Ino1cnhhdnhoM3Q3bDItRUNPU1lTVEVNIiwidyI6W3siZm4iOiJlbnZmcXFlMWF5NGsxLUFQTCIsInMiOiIxNiIsImEiOiIwIiwicCI6IjEwLC0xMCJ9XX0.rNQLbKR7L3098bMYhb77LKk2Y6Yh4mFLdglXrkcjFJE/image;s=2048x1536;q=80",,,,,
68400292,mieszkanie,"Przestronne, nowe 4 pokoje | 73,34 m² | taras + ogródek | Rataje",73.34,4,1,832000,11344,ul. Wagrowska,Rataje,Poznań,,52.37727,16.95405,,,,https://www.otodom.pl/pl/oferta/przestronne-nowe-4-pokoje-73-34-m-taras-ogrodek-rataje-ID4D02v,"https://ireland.apollo.olxcdn.com/v1/files/eyJhbGciOiJIUzI1NiIsInR5cCI6IkpXVCJ9.eyJmbiI6InYwM2JxYXVwZDNvaTMtQVBMIiwidyI6W3siZm4iOiJlbnZmcXFlMWF5NGsxLUFQTCIsInMiOiIxNiIsImEiOiIwIiwicCI6IjEwLC0xMCJ9XX0.zWpK9R4DBwCq0ULd8sm_8WZCNVYNwUzpleriSAa8XIw/image;s=2048x1536;q=80,https://ireland.apollo.olxcdn.com/v1/files/eyJhbGciOiJIUzI1NiIsInR5cCI6IkpXVCJ9.eyJmbiI6Ink1N3hxM2tkNWo0NTItQVBMIiwidyI6W3siZm4iOiJlbnZmcXFlMWF5NGsxLUFQTCIsInMiOiIxNiIsImEiOiIwIiwicCI6IjEwLC0xMCJ9XX0.pWsfksvjehJ0QUWYgrYkA-7WX_JXQbUAX3Df-i0rs28/image;s=2048x1536;q=80,https://ireland.apollo.olxcdn.com/v1/files/eyJhbGciOiJIUzI1NiIsInR5cCI6IkpXVCJ9.eyJmbiI6ImR6bXA5ZHYyY29kdTEtQVBMIiwidyI6W3siZm4iOiJlbnZmcXFlMWF5NGsxLUFQTCIsInMiOiIxNiIsImEiOiIwIiwicCI6IjEwLC0xMCJ9XX0.DDsbI3xPedY5OJBhaYnIdFy-CAqOwbDwgI5QY0JylDA/image;s=2048x1536;q=80",,,,,
68002939,mieszkanie,4-pokojowe mieszkanie 79m2 + 3 balkony,79.2,4,3,833463,10524,Mateckiego,Piątkowo,Poznań,Osiedle Mateckiego 4all,52.46281,16.8983,,,,https://www.otodom.pl/pl/oferta/4-pokojowe-mieszkanie-79m2-3-balkony-ID4BkFB,"https://ireland.apollo.olxcdn.com/v1/files/eyJhbGciOiJIUzI1NiIsInR5cCI6IkpXVCJ9.eyJmbiI6ImttNHMzMWV1bTE3My1FQ09TWVNURU0iLCJ3IjpbeyJmbiI6ImVudmZxcWUxYXk0azEtQVBMIiwicyI6IjE2IiwiYSI6IjAiLCJwIjoiMTAsLTEwIn1dfQ.T24tIhnCALaznFdUwTmuGalITHr-wJbrryyGZHy7kUY/image;s=2048x1536;q=80,https://ireland.apollo.olxcdn.com/v1/files/eyJhbGciOiJIUzI1NiIsInR5cCI6IkpXVCJ9.eyJmbiI6IjN0ODgwbzQxdHVpbi1FQ09TWVNURU0iLCJ3IjpbeyJmbiI6ImVudmZxcWUxYXk0azEtQVBMIiwicyI6IjE2IiwiYSI6IjAiLCJwIjoiMTAsLTEwIn1dfQ.yMkIWhYtu4Ngu_jE-C3YGjpp7jjItjUdbfNi-n1iaUM/image;s=2048x1536;q=80,https://ireland.apollo.olxcdn.com/v1/files/eyJhbGciOiJIUzI1NiIsInR5cCI6IkpXVCJ9.eyJmbiI6ImYyaGd0MmQ1NjY5YTEtRUNPU1lTVEVNIiwidyI6W3siZm4iOiJlbnZmcXFlMWF5NGsxLUFQTCIsInMiOiIxNiIsImEiOiIwIiwicCI6IjEwLC0xMCJ9XX0.iHVxKV7r8vDaahPzBHZLFiHrWvL2R7e_-Apx-wnFYHQ/image;s=2048x1536;q=80",,,,,
68461460,mieszkanie,4 pokoje GOTOWE do własnej aranżacji | 2x Balkon! | Spokojna Dzielnica,73.85,4,4,833654,11288,Jasielska,Podolany,Poznań,,52.44412,16.89438,,,,https://www.otodom.pl/pl/oferta/4-pokoje-gotowe-do-wlasnej-aranzacji-2x-balkon-spokojna-dzielnica-ID4DfX6,"https://ireland.apollo.olxcdn.com/v1/files/eyJhbGciOiJIUzI1NiIsInR5cCI6IkpXVCJ9.eyJmbiI6Im9jdHQ4MGxjajRwZS1FQ09TWVNURU0iLCJ3IjpbeyJmbiI6ImVudmZxcWUxYXk0azEtQVBMIiwicyI6IjE2IiwiYSI6IjAiLCJwIjoiMTAsLTEwIn1dfQ.gxEaUaY8ySz6uy4WR36V1wJaTvNJDSY7-WFR6AFcoy4/image;s=2048x1536;q=80,https://ireland.apollo.olxcdn.com/v1/files/eyJhbGciOiJIUzI1NiIsInR5cCI6IkpXVCJ9.eyJmbiI6Imk1N2x6aGM2aWNuOTMtRUNPU1lTVEVNIiwidyI6W3siZm4iOiJlbnZmcXFlMWF5NGsxLUFQTCIsInMiOiIxNiIsImEiOiIwIiwicCI6IjEwLC0xMCJ9XX0.8m0_o2mw3hDqyuacK7quDU0XSEjA8qV_embTPyHhtFg/image;s=2048x1536;q=80,https://ireland.apollo.olxcdn.com/v1/files/eyJhbGciOiJIUzI1NiIsInR5cCI6IkpXVCJ9.eyJmbiI6Im01ZzQwOWo3ejJpbTItRUNPU1lTVEVNIiwidyI6W3siZm4iOiJlbnZmcXFlMWF5NGsxLUFQTCIsInMiOiIxNiIsImEiOiIwIiwicCI6IjEwLC0xMCJ9XX0.LEwj291yy9bcfZeQe_RZ4QL7cFmsGhu_2KS91wQ5Tog/image;s=2048x1536;q=80",,,,,
68389044,mieszkanie,Kameralna willa na Grunwaldzie | 4 pokoje 2 balkony | Klucze od zaraz!,74,4,1,834250,11274,ul. Jesienna 2,os. ks. Jerzego Popiełuszki,Poznań,,52.40924,16.8754,,,,https://www.otodom.pl/pl/oferta/kameralna-willa-na-grunwaldzie-4-pokoje-2-balkony-klucze-od-zaraz-ID4CX76,"https://ireland.apollo.olxcdn.com/v1/files/eyJhbGciOiJIUzI1NiIsInR5cCI6IkpXVCJ9.eyJmbiI6Iml4YW5uYTkzZTU5ZzEtQVBMIiwidyI6W3siZm4iOiJlbnZmcXFlMWF5NGsxLUFQTCIsInMiOiIxNiIsImEiOiIwIiwicCI6IjEwLC0xMCJ9XX0.BO_p9Rk6YBnMfVU8PpDLDgg48o63haMPORDpzy869hI/image;s=2048x1536;q=80,https://ireland.apollo.olxcdn.com/v1/files/eyJhbGciOiJIUzI1NiIsInR5cCI6IkpXVCJ9.eyJmbiI6IjhjMGJjb2hxNmRkeDItQVBMIiwidyI6W3siZm4iOiJlbnZmcXFlMWF5NGsxLUFQTCIsInMiOiIxNiIsImEiOiIwIiwicCI6IjEwLC0xMCJ9XX0.pVvkjr2pg23PSXJVCwyvXXHE5cadc2LMepQ5S8qVTtU/image;s=2048x1536;q=80,https://ireland.apollo.olxcdn.com/v1/files/eyJhbGciOiJIUzI1NiIsInR5cCI6IkpXVCJ9.eyJmbiI6Im9saGJqM3lqZDBpbDEtQVBMIiwidyI6W3siZm4iOiJlbnZmcXFlMWF5NGsxLUFQTCIsInMiOiIxNiIsImEiOiIwIiwicCI6IjEwLC0xMCJ9XX0.jJOuFKmakFASAoxY2Ys4jyT70HzpZ8eGqsnwKUakgUM/image;s=2048x1536;q=80",,,,,
68280738,mieszkanie,4 pokoje | Dwie łazienki | Narożne | 70m2.,70.3,4,1,834960,11877,,Grunwald,Poznań,,52.404197,16.88215,,,,https://www.otodom.pl/pl/oferta/4-pokoje-dwie-lazienki-narozne-70m2-ID4CuVe,"https://ireland.apollo.olxcdn.com/v1/files/eyJhbGciOiJIUzI1NiIsInR5cCI6IkpXVCJ9.eyJmbiI6IjF0bnluamRrcGd4bDItRUNPU1lTVEVNIiwidyI6W3siZm4iOiJlbnZmcXFlMWF5NGsxLUFQTCIsInMiOiIxNiIsImEiOiIwIiwicCI6IjEwLC0xMCJ9XX0.TvSKaIHKnQPvex_COKB8r6JhqQqOkv1MUt6q5I2PRVY/image;s=2048x1536;q=80,https://ireland.apollo.olxcdn.com/v1/files/eyJhbGciOiJIUzI1NiIsInR5cCI6IkpXVCJ9.eyJmbiI6IjJ2ejdmYmJ5cmswZjEtRUNPU1lTVEVNIiwidyI6W3siZm4iOiJlbnZmcXFlMWF5NGsxLUFQTCIsInMiOiIxNiIsImEiOiIwIiwicCI6IjEwLC0xMCJ9XX0.dbGmNity7b7GJdJFvgOa7MYfROoX13T-PCUKa4PEEj0/image;s=2048x1536;q=80,https://ireland.apollo.olxcdn.com/v1/files/eyJhbGciOiJIUzI1NiIsInR5cCI6IkpXVCJ9.eyJmbiI6IncxNDk4YzRxbXJmcy1FQ09TWVNURU0iLCJ3IjpbeyJmbiI6ImVudmZxcWUxYXk0azEtQVBMIiwicyI6IjE2IiwiYSI6IjAiLCJwIjoiMTAsLTEwIn1dfQ.Rea6FxMRIcn2vPOGL4DQsFkiHvspjW3x9oGXT94j6Tg/image;s=2048x1536;q=80",,,,,
68431514,dom,"Ogród 500m2 Wysoki standard | Rolety, klimatyzacja, podłogówka",94,4,,835000,8883,ul. Rolna,Tarnowo Podgórne,Tarnowo Podgórne,,52.46214,16.673124,,,,https://www.otodom.pl/pl/oferta/ogrod-500m2-wysoki-standard-rolety-klimatyzacja-podlogowka-ID4D8a6,"https://ireland.apollo.olxcdn.com/v1/files/eyJhbGciOiJIUzI1NiIsInR5cCI6IkpXVCJ9.eyJmbiI6InNsN3pxdTF5Y2pyaC1BUEwiLCJ3IjpbeyJmbiI6ImVudmZxcWUxYXk0azEtQVBMIiwicyI6IjE2IiwiYSI6IjAiLCJwIjoiMTAsLTEwIn1dfQ.tPZ1sB2ldPLrH4RgdujEy-3qs7lsrLzn9xKganEsMZw/image;s=2048x1536;q=80,https://ireland.apollo.olxcdn.com/v1/files/eyJhbGciOiJIUzI1NiIsInR5cCI6IkpXVCJ9.eyJmbiI6Inc1N2d0am5lMTl4NzItQVBMIiwidyI6W3siZm4iOiJlbnZmcXFlMWF5NGsxLUFQTCIsInMiOiIxNiIsImEiOiIwIiwicCI6IjEwLC0xMCJ9XX0.wT0EAxrGeTS5jQF75bpDNEByMFxb7bMcLHB4H5HGsV0/image;s=2048x1536;q=80,https://ireland.apollo.olxcdn.com/v1/files/eyJhbGciOiJIUzI1NiIsInR5cCI6IkpXVCJ9.eyJmbiI6IjVocGNucGM2eTJ2NDEtQVBMIiwidyI6W3siZm4iOiJlbnZmcXFlMWF5NGsxLUFQTCIsInMiOiIxNiIsImEiOiIwIiwicCI6IjEwLC0xMCJ9XX0.ICygv4oo7M_R0uvhS_J7llF5Vb3Ct3ozB9KGSpd5ScU/image;s=2048x1536;q=80",,,,,
67962549,mieszkanie,Kameralna inwestycja PREMIUM - Mieszkania na Smochowicach w Poznaniu,70.48,4,2,838712,11900,ul. Santocka,Smochowice,Poznań,,52.438189,16.830541,,,,https://www.otodom.pl/pl/oferta/kameralna-inwestycja-premium-mieszkania-na-smochowicach-w-poznaniu-ID4Baa9,"https://ireland.apollo.olxcdn.com/v1/files/eyJhbGciOiJIUzI1NiIsInR5cCI6IkpXVCJ9.eyJmbiI6InNwOGl3ZmIweWFsczItQVBMIiwidyI6W3siZm4iOiJlbnZmcXFlMWF5NGsxLUFQTCIsInMiOiIxNiIsImEiOiIwIiwicCI6IjEwLC0xMCJ9XX0.wKtezPjL4SWGZ4f7xJoPPoyRpFNtH-9zS1o5yAd_J1U/image;s=2048x1536;q=80,https://ireland.apollo.olxcdn.com/v1/files/eyJhbGciOiJIUzI1NiIsInR5cCI6IkpXVCJ9.eyJmbiI6IjlpZHdybTNmZ3pxaTItQVBMIiwidyI6W3siZm4iOiJlbnZmcXFlMWF5NGsxLUFQTCIsInMiOiIxNiIsImEiOiIwIiwicCI6IjEwLC0xMCJ9XX0.8lnybBCwthTfZ5MMn8OvwBs9wpEzkfwv4F176erPUr4/image;s=2048x1536;q=80,https://ireland.apollo.olxcdn.com/v1/files/eyJhbGciOiJIUzI1NiIsInR5cCI6IkpXVCJ9.eyJmbiI6IjdzMjA4ZWh5aDJtbTMtQVBMIiwidyI6W3siZm4iOiJlbnZmcXFlMWF5NGsxLUFQTCIsInMiOiIxNiIsImEiOiIwIiwicCI6IjEwLC0xMCJ9XX0.i_nOOFVw8RtfLW1Okr-4Y_pZrvhLPvUn70GM6KY6tfY/image;s=2048x1536;q=80",,,,,
67781826,mieszkanie,Nowoczesna inwestycja w świetnej lokalizacji - kom,81.45,4,1,838931.74,10300,Unii Lubelskiej,Żegrze,Poznań,,52.37277,16.95132,,,,https://www.otodom.pl/pl/oferta/nowoczesna-inwestycja-w-swietnej-lokalizacji-kom-ID4Ap9g,"https://ireland.apollo.olxcdn.com/v1/files/eyJhbGciOiJIUzI1NiIsInR5cCI6IkpXVCJ9.eyJmbiI6IjdrNGphbDJrM2llZC1FQ09TWVNURU0iLCJ3IjpbeyJmbiI6ImVudmZxcWUxYXk0azEtQVBMIiwicyI6IjE2IiwiYSI6IjAiLCJwIjoiMTAsLTEwIn1dfQ.tMvQKXNhUDA98cIrTwV0gLrcJlZSGKMqNgfALjNIRHo/image;s=2048x1536;q=80,https://ireland.apollo.olxcdn.com/v1/files/eyJhbGciOiJIUzI1NiIsInR5cCI6IkpXVCJ9.eyJmbiI6IjJsdWN3bTd0cms3MDItRUNPU1lTVEVNIiwidyI6W3siZm4iOiJlbnZmcXFlMWF5NGsxLUFQTCIsInMiOiIxNiIsImEiOiIwIiwicCI6IjEwLC0xMCJ9XX0.Jtz8lJS1jhnK13juV-DtiRxmF0V0oZ0vrt3bG3F1A48/image;s=2048x1536;q=80",,,,,
96778182600067,mieszkanie,Nowoczesna inwestycja w świetnej lokalizacji - kom,81.45,4,1,838931.74,10300,Unii Lubelskiej,Żegrze,Poznań,,52.37277,16.95132,,,,https://www.otodom.pl/pl/oferta/nowoczesna-inwestycja-w-swietnej-lokalizacji-kom-ID4Ap9g,"https://ireland.apollo.olxcdn.com/v1/files/eyJhbGciOiJIUzI1NiIsInR5cCI6IkpXVCJ9.eyJmbiI6IjdrNGphbDJrM2llZC1FQ09TWVNURU0iLCJ3IjpbeyJmbiI6ImVudmZxcWUxYXk0azEtQVBMIiwicyI6IjE2IiwiYSI6IjAiLCJwIjoiMTAsLTEwIn1dfQ.tMvQKXNhUDA98cIrTwV0gLrcJlZSGKMqNgfALjNIRHo/image;s=2048x1536;q=80,https://ireland.apollo.olxcdn.com/v1/files/eyJhbGciOiJIUzI1NiIsInR5cCI6IkpXVCJ9.eyJmbiI6IjJsdWN3bTd0cms3MDItRUNPU1lTVEVNIiwidyI6W3siZm4iOiJlbnZmcXFlMWF5NGsxLUFQTCIsInMiOiIxNiIsImEiOiIwIiwicCI6IjEwLC0xMCJ9XX0.Jtz8lJS1jhnK13juV-DtiRxmF0V0oZ0vrt3bG3F1A48/image;s=2048x1536;q=80",,,,,
67908042,dom,5-pokojowy dom 124m2 + ogródek Bez Pośredników,124.5,5,,839000,6739,ul. Szczęśliwa,Zalasewo,,Projekt Zalasewo,52.38654,17.0794,,,,https://www.otodom.pl/pl/oferta/5-pokojowy-dom-124m2-ogrodek-bez-posrednikow-ID4AWZ0,"https://ireland.apollo.olxcdn.com/v1/files/eyJhbGciOiJIUzI1NiIsInR5cCI6IkpXVCJ9.eyJmbiI6ImpmbmV6MWFiZHJoMjMtRUNPU1lTVEVNIiwidyI6W3siZm4iOiJlbnZmcXFlMWF5NGsxLUFQTCIsInMiOiIxNiIsImEiOiIwIiwicCI6IjEwLC0xMCJ9XX0.KVLr_4X5m5z4UpV97tFykQAJOsVje9mVuCswGak4gmU/image;s=2048x1536;q=80,https://ireland.apollo.olxcdn.com/v1/files/eyJhbGciOiJIUzI1NiIsInR5cCI6IkpXVCJ9.eyJmbiI6IjFtcDgwcThidHU2My1FQ09TWVNURU0iLCJ3IjpbeyJmbiI6ImVudmZxcWUxYXk0azEtQVBMIiwicyI6IjE2IiwiYSI6IjAiLCJwIjoiMTAsLTEwIn1dfQ.JjKbiY1VPzAx56jVN8GnC1RBNvJHdEhzJQUTu7AIn5E/image;s=2048x1536;q=80,https://ireland.apollo.olxcdn.com/v1/files/eyJhbGciOiJIUzI1NiIsInR5cCI6IkpXVCJ9.eyJmbiI6IjFnbGx5OWN5YWNlLUVDT1NZU1RFTSIsInciOlt7ImZuIjoiZW52ZnFxZTFheTRrMS1BUEwiLCJzIjoiMTYiLCJhIjoiMCIsInAiOiIxMCwtMTAifV19.0UMq_98B7nmnH9plU50bV6coRd9UUp8vD1brYGeZWKI/image;s=2048x1536;q=80",,,,,
68391016,dom,✅Komorniki / Gotowe /  Działka 160 m2 / Środkowe ✅,104.9,4,,839000,7998,Chabrowa,Komorniki,Komorniki,,52.3373,16.79243,,,,https://www.otodom.pl/pl/oferta/komorniki-gotowe-dzialka-160-m2-srodkowe-ID4CXCU,"https://ireland.apollo.olxcdn.com/v1/files/eyJhbGciOiJIUzI1NiIsInR5cCI6IkpXVCJ9.eyJmbiI6ImN4N3B4aXg0ZW5vMi1FQ09TWVNURU0iLCJ3IjpbeyJmbiI6ImVudmZxcWUxYXk0azEtQVBMIiwicyI6IjE2IiwiYSI6IjAiLCJwIjoiMTAsLTEwIn1dfQ.AT6fGZVjbUY0BBMxjz_GkdQVkKcUOoC32NBiS638jdg/image;s=2048x1536;q=80,https://ireland.apollo.olxcdn.com/v1/files/eyJhbGciOiJIUzI1NiIsInR5cCI6IkpXVCJ9.eyJmbiI6Imh0NTU5YmQ1azk1Mi1FQ09TWVNURU0iLCJ3IjpbeyJmbiI6ImVudmZxcWUxYXk0azEtQVBMIiwicyI6IjE2IiwiYSI6IjAiLCJwIjoiMTAsLTEwIn1dfQ.ZHjlagLePw_QV6QXsEWdOheqmmet-mA0f-G7YWQYuKI/image;s=2048x1536;q=80,https://ireland.apollo.olxcdn.com/v1/files/eyJhbGciOiJIUzI1NiIsInR5cCI6IkpXVCJ9.eyJmbiI6ImRpMm95bmo1YmVrbzItRUNPU1lTVEVNIiwidyI6W3siZm4iOiJlbnZmcXFlMWF5NGsxLUFQTCIsInMiOiIxNiIsImEiOiIwIiwicCI6IjEwLC0xMCJ9XX0.PcX40vQrDmQkHQ6nFDgORGQDpKW7CGLI2KxUm39p8BY/image;s=2048x1536;q=80",,,,,
68279209,dom,"Ostatni Dom 124,30 m² PV 4.8kW z falow. 10kW • Kan",124.3,5,,839000,6750,,Tulce,Tulce,,52.34811,17.09943,,,,https://www.otodom.pl/pl/oferta/ostatni-dom-124-30-m-pv-4-8kw-z-falow-10kw-kan-ID4Cuxz,"https://ireland.apollo.olxcdn.com/v1/files/eyJhbGciOiJIUzI1NiIsInR5cCI6IkpXVCJ9.eyJmbiI6InV1dDh6Zm5ubGp5ajMtRUNPU1lTVEVNIiwidyI6W3siZm4iOiJlbnZmcXFlMWF5NGsxLUFQTCIsInMiOiIxNiIsImEiOiIwIiwicCI6IjEwLC0xMCJ9XX0.0CLcxSpVw04v1ItuRSRHTEYfcpBzKcRiZIsHImWac64/image;s=2048x1536;q=80,https://ireland.apollo.olxcdn.com/v1/files/eyJhbGciOiJIUzI1NiIsInR5cCI6IkpXVCJ9.eyJmbiI6Imd4MXlldzVlemg3ZS1FQ09TWVNURU0iLCJ3IjpbeyJmbiI6ImVudmZxcWUxYXk0azEtQVBMIiwicyI6IjE2IiwiYSI6IjAiLCJwIjoiMTAsLTEwIn1dfQ.w5Nxt6qrm7UBp3O_qBBN7Vtlbl019ja6htsorUq1Pzo/image;s=2048x1536;q=80,https://ireland.apollo.olxcdn.com/v1/files/eyJhbGciOiJIUzI1NiIsInR5cCI6IkpXVCJ9.eyJmbiI6InhqbHF2Yzc2dDJsMjItRUNPU1lTVEVNIiwidyI6W3siZm4iOiJlbnZmcXFlMWF5NGsxLUFQTCIsInMiOiIxNiIsImEiOiIwIiwicCI6IjEwLC0xMCJ9XX0.vFHAcn0wmgSTN9fO7Ym_Tz0ltByeHqL4iEcbCtaAyVI/image;s=2048x1536;q=80",,,,,
68328964,mieszkanie,"3 pokoje Grunwald | 77,1 m² | osobna kuchnia",77.1,3,1,839341.44,10886,,Junikowo,Poznań,,52.390169,16.848049,,,,https://www.otodom.pl/pl/oferta/3-pokoje-grunwald-77-1-m-osobna-kuchnia-ID4CHu4,"https://ireland.apollo.olxcdn.com/v1/files/eyJhbGciOiJIUzI1NiIsInR5cCI6IkpXVCJ9.eyJmbiI6ImR4OW42ODhiODRqdy1FQ09TWVNURU0iLCJ3IjpbeyJmbiI6ImVudmZxcWUxYXk0azEtQVBMIiwicyI6IjE2IiwiYSI6IjAiLCJwIjoiMTAsLTEwIn1dfQ.eYXhjlpxaDgfovz5JZzTA2_4UTu1bGTgEbW5bd6IZfc/image;s=2048x1536;q=80,https://ireland.apollo.olxcdn.com/v1/files/eyJhbGciOiJIUzI1NiIsInR5cCI6IkpXVCJ9.eyJmbiI6InB3eml0aDN2dG9vZTEtRUNPU1lTVEVNIiwidyI6W3siZm4iOiJlbnZmcXFlMWF5NGsxLUFQTCIsInMiOiIxNiIsImEiOiIwIiwicCI6IjEwLC0xMCJ9XX0.ugTuz4yz9EJp5LijH7eABUVQgLb5tYTyPBn7kfIqy_s/image;s=2048x1536;q=80,https://ireland.apollo.olxcdn.com/v1/files/eyJhbGciOiJIUzI1NiIsInR5cCI6IkpXVCJ9.eyJmbiI6ImQ3aWVrdXE3OGlzbDMtRUNPU1lTVEVNIiwidyI6W3siZm4iOiJlbnZmcXFlMWF5NGsxLUFQTCIsInMiOiIxNiIsImEiOiIwIiwicCI6IjEwLC0xMCJ9XX0.9_5I7LjBNCUo38yZoA-KT_-1C5JlcqPYU1GKFBn5Pn4/image;s=2048x1536;q=80",,,,,
68463200,mieszkanie,"DWUSTRONNE |3 POKOJE 76,38 m²| Ogródki 40m2",76.38,3,0,840000,10998,,Winogrady,Poznań,,52.4317,16.9432,,,,https://www.otodom.pl/pl/oferta/dwustronne-3-pokoje-76-38-m-ogrodki-40m2-ID4Dgpa,"https://ireland.apollo.olxcdn.com/v1/files/eyJhbGciOiJIUzI1NiIsInR5cCI6IkpXVCJ9.eyJmbiI6ImQ0ZjRwbnhwenp6dzItRUNPU1lTVEVNIiwidyI6W3siZm4iOiJlbnZmcXFlMWF5NGsxLUFQTCIsInMiOiIxNiIsImEiOiIwIiwicCI6IjEwLC0xMCJ9XX0.g0AVIuLmv87SZ5vioVYTMTK9W1zn8F-VOFf77-xHaGQ/image;s=2048x1536;q=80,https://ireland.apollo.olxcdn.com/v1/files/eyJhbGciOiJIUzI1NiIsInR5cCI6IkpXVCJ9.eyJmbiI6ImY1OGN6aXcxemxkYy1FQ09TWVNURU0iLCJ3IjpbeyJmbiI6ImVudmZxcWUxYXk0azEtQVBMIiwicyI6IjE2IiwiYSI6IjAiLCJwIjoiMTAsLTEwIn1dfQ.HP3dpknGE1uU2CzzAnZGpzDznXmvIQ7nrkxIpCwTJNM/image;s=2048x1536;q=80,https://ireland.apollo.olxcdn.com/v1/files/eyJhbGciOiJIUzI1NiIsInR5cCI6IkpXVCJ9.eyJmbiI6IjZwemthbzh5ZmkybjMtRUNPU1lTVEVNIiwidyI6W3siZm4iOiJlbnZmcXFlMWF5NGsxLUFQTCIsInMiOiIxNiIsImEiOiIwIiwicCI6IjEwLC0xMCJ9XX0.XIC6MNiU-kf57Tjh62i7ma8MoPOXSr0phI1BQPWW4Fo/image;s=2048x1536;q=80",,,,,
68385089,dom,"Dom z dużym ogrodem ( z nawadnianiem), pompą ciepła, klimatyzacją",94,4,,848500,9027,ul. Rolna,Tarnowo Podgórne,Tarnowo Podgórne,,52.46214,16.673124,,,,https://www.otodom.pl/pl/oferta/dom-z-duzym-ogrodem-z-nawadnianiem-pompa-ciepla-klimatyzacja-ID4CV5j,"https://ireland.apollo.olxcdn.com/v1/files/eyJhbGciOiJIUzI1NiIsInR5cCI6IkpXVCJ9.eyJmbiI6ImV6YmJtc2VxdnczMjItQVBMIiwidyI6W3siZm4iOiJlbnZmcXFlMWF5NGsxLUFQTCIsInMiOiIxNiIsImEiOiIwIiwicCI6IjEwLC0xMCJ9XX0.bZJNd6hXg3FIffIySLUnUj6xsixIidFzAZHjVnpjSXw/image;s=2048x1536;q=80,https://ireland.apollo.olxcdn.com/v1/files/eyJhbGciOiJIUzI1NiIsInR5cCI6IkpXVCJ9.eyJmbiI6InFsMnA2dmtianF0eTEtQVBMIiwidyI6W3siZm4iOiJlbnZmcXFlMWF5NGsxLUFQTCIsInMiOiIxNiIsImEiOiIwIiwicCI6IjEwLC0xMCJ9XX0.GxK1r3f6bDwSW-yRf9b2WHOjl6DhIXOV7XmlG2VRrIc/image;s=2048x1536;q=80,https://ireland.apollo.olxcdn.com/v1/files/eyJhbGciOiJIUzI1NiIsInR5cCI6IkpXVCJ9.eyJmbiI6Ind6c25qazJscG52cDMtQVBMIiwidyI6W3siZm4iOiJlbnZmcXFlMWF5NGsxLUFQTCIsInMiOiIxNiIsImEiOiIwIiwicCI6IjEwLC0xMCJ9XX0.lvxxkGAVeLRxYS7ZOmNnfEdEe_5qXhaJ_ITm8i9cNPc/image;s=2048x1536;q=80",,,,,
68442369,mieszkanie,3 sypialnie | Taras 17 m2 | Ogródek 25 m2 | Zaplanuj swoją przestrzeń,73.3,4,1,848979,11582,,Rataje,Poznań,,52.38356,16.9408,,,,https://www.otodom.pl/pl/oferta/3-sypialnie-taras-17-m2-ogrodek-25-m2-zaplanuj-swoja-przestrzen-ID4DaZb,"https://ireland.apollo.olxcdn.com/v1/files/eyJhbGciOiJIUzI1NiIsInR5cCI6IkpXVCJ9.eyJmbiI6InpkYjZ0OWYwN2R2eDEtQVBMIiwidyI6W3siZm4iOiJlbnZmcXFlMWF5NGsxLUFQTCIsInMiOiIxNiIsImEiOiIwIiwicCI6IjEwLC0xMCJ9XX0.sLAmL2ZX23XS8w8G55O7rovB58_yFI3E7wNJhxvFy2I/image;s=2048x1536;q=80,https://ireland.apollo.olxcdn.com/v1/files/eyJhbGciOiJIUzI1NiIsInR5cCI6IkpXVCJ9.eyJmbiI6IjJuZG16bDVpZjFwajEtQVBMIiwidyI6W3siZm4iOiJlbnZmcXFlMWF5NGsxLUFQTCIsInMiOiIxNiIsImEiOiIwIiwicCI6IjEwLC0xMCJ9XX0.rdZxrHIUlAjBp8f30MlospkdoROMJ0ZXe2UaKmtB5OE/image;s=2048x1536;q=80,https://ireland.apollo.olxcdn.com/v1/files/eyJhbGciOiJIUzI1NiIsInR5cCI6IkpXVCJ9.eyJmbiI6IjBnOXRzcmEyeThvYzMtQVBMIiwidyI6W3siZm4iOiJlbnZmcXFlMWF5NGsxLUFQTCIsInMiOiIxNiIsImEiOiIwIiwicCI6IjEwLC0xMCJ9XX0.vp8oXT2qshMo4Uwdp-VHJWtPoQqso-T7_yeTeqfAUvQ/image;s=2048x1536;q=80",,,,,
67927694,mieszkanie,Dom z dużym ogrodem- wykończony pod klucz!,93.2,4,0,849000,9109,Glebowa,Komorniki,Komorniki,,52.319873,17.121215,,,,https://www.otodom.pl/pl/oferta/dom-z-duzym-ogrodem-wykonczony-pod-klucz-ID4B15Y,"https://ireland.apollo.olxcdn.com/v1/files/eyJhbGciOiJIUzI1NiIsInR5cCI6IkpXVCJ9.eyJmbiI6InYzYnNteGMwcWw5ZDEtRUNPU1lTVEVNIiwidyI6W3siZm4iOiJlbnZmcXFlMWF5NGsxLUFQTCIsInMiOiIxNiIsImEiOiIwIiwicCI6IjEwLC0xMCJ9XX0.Lg2GqJMZyytEoulemXWbdqBJ_5uTxrwKIuL78DfB6Uk/image;s=2048x1536;q=80,https://ireland.apollo.olxcdn.com/v1/files/eyJhbGciOiJIUzI1NiIsInR5cCI6IkpXVCJ9.eyJmbiI6Indud2J6aW5zZHVoOS1FQ09TWVNURU0iLCJ3IjpbeyJmbiI6ImVudmZxcWUxYXk0azEtQVBMIiwicyI6IjE2IiwiYSI6IjAiLCJwIjoiMTAsLTEwIn1dfQ.lM72b2I-nNMFTYBJcWOorPdStsSyCWGww9DZcKiZZ1Q/image;s=2048x1536;q=80,https://ireland.apollo.olxcdn.com/v1/files/eyJhbGciOiJIUzI1NiIsInR5cCI6IkpXVCJ9.eyJmbiI6IjdrN21tdXdoZDN5MjItRUNPU1lTVEVNIiwidyI6W3siZm4iOiJlbnZmcXFlMWF5NGsxLUFQTCIsInMiOiIxNiIsImEiOiIwIiwicCI6IjEwLC0xMCJ9XX0.F0HB6s4YzFLXdDBcqUt5oc756XB1Rk0ygQWWl5i-7kc/image;s=2048x1536;q=80",,,,,
96792769400067,mieszkanie,Dom z dużym ogrodem- wykończony pod klucz!,93.2,4,0,849000,9109,Glebowa,Komorniki,Komorniki,,52.32957,17.12792,,,,https://www.otodom.pl/pl/oferta/dom-z-duzym-ogrodem-wykonczony-pod-klucz-ID4B15Y,"https://ireland.apollo.olxcdn.com/v1/files/eyJhbGciOiJIUzI1NiIsInR5cCI6IkpXVCJ9.eyJmbiI6InYzYnNteGMwcWw5ZDEtRUNPU1lTVEVNIiwidyI6W3siZm4iOiJlbnZmcXFlMWF5NGsxLUFQTCIsInMiOiIxNiIsImEiOiIwIiwicCI6IjEwLC0xMCJ9XX0.Lg2GqJMZyytEoulemXWbdqBJ_5uTxrwKIuL78DfB6Uk/image;s=2048x1536;q=80,https://ireland.apollo.olxcdn.com/v1/files/eyJhbGciOiJIUzI1NiIsInR5cCI6IkpXVCJ9.eyJmbiI6Indud2J6aW5zZHVoOS1FQ09TWVNURU0iLCJ3IjpbeyJmbiI6ImVudmZxcWUxYXk0azEtQVBMIiwicyI6IjE2IiwiYSI6IjAiLCJwIjoiMTAsLTEwIn1dfQ.lM72b2I-nNMFTYBJcWOorPdStsSyCWGww9DZcKiZZ1Q/image;s=2048x1536;q=80,https://ireland.apollo.olxcdn.com/v1/files/eyJhbGciOiJIUzI1NiIsInR5cCI6IkpXVCJ9.eyJmbiI6IjdrN21tdXdoZDN5MjItRUNPU1lTVEVNIiwidyI6W3siZm4iOiJlbnZmcXFlMWF5NGsxLUFQTCIsInMiOiIxNiIsImEiOiIwIiwicCI6IjEwLC0xMCJ9XX0.F0HB6s4YzFLXdDBcqUt5oc756XB1Rk0ygQWWl5i-7kc/image;s=2048x1536;q=80",,,,,
67874373,dom,"Dom Rokietnica 126,06 m2 Ostatni lokal",126.06,4,,849000,6735,,Rokietnica,Rokietnica,,52.50992,16.7633,,,,https://www.otodom.pl/pl/oferta/dom-rokietnica-126-06-m2-ostatni-lokal-ID4ANdX,"https://ireland.apollo.olxcdn.com/v1/files/eyJhbGciOiJIUzI1NiIsInR5cCI6IkpXVCJ9.eyJmbiI6ImFnaWhqZWxweHV3ZS1FQ09TWVNURU0iLCJ3IjpbeyJmbiI6ImVudmZxcWUxYXk0azEtQVBMIiwicyI6IjE2IiwiYSI6IjAiLCJwIjoiMTAsLTEwIn1dfQ.USVaQYo1JLF-eRwdJLohdautlyHEd425hZkP5QpTDO0/image;s=2048x1536;q=80,https://ireland.apollo.olxcdn.com/v1/files/eyJhbGciOiJIUzI1NiIsInR5cCI6IkpXVCJ9.eyJmbiI6IjlneGhnYjB0Z25mbTEtRUNPU1lTVEVNIiwidyI6W3siZm4iOiJlbnZmcXFlMWF5NGsxLUFQTCIsInMiOiIxNiIsImEiOiIwIiwicCI6IjEwLC0xMCJ9XX0.Fs3FTycGN3W0l1otUBFmCncJUIEYvUP7mWe0EhACxG0/image;s=2048x1536;q=80,https://ireland.apollo.olxcdn.com/v1/files/eyJhbGciOiJIUzI1NiIsInR5cCI6IkpXVCJ9.eyJmbiI6IjF2MW5lZWgyZncwdDMtRUNPU1lTVEVNIiwidyI6W3siZm4iOiJlbnZmcXFlMWF5NGsxLUFQTCIsInMiOiIxNiIsImEiOiIwIiwicCI6IjEwLC0xMCJ9XX0.S5ACi0WWJpSc2V0lNdkOeT774qn22qNzgLMAS022WPk/image;s=2048x1536;q=80",,,,,
68326545,dom,"Dom, 104,90 m², Borówiec",104.9,4,,849000,8093,ul. Poznańska,Borówiec,Borówiec,,52.28568,17.04525,,,,https://www.otodom.pl/pl/oferta/dom-104-90-m-borowiec-ID4CGR3,"https://ireland.apollo.olxcdn.com/v1/files/eyJhbGciOiJIUzI1NiIsInR5cCI6IkpXVCJ9.eyJmbiI6Imlua3VvdTMzazM3MDEtQVBMIiwidyI6W3siZm4iOiJlbnZmcXFlMWF5NGsxLUFQTCIsInMiOiIxNiIsImEiOiIwIiwicCI6IjEwLC0xMCJ9XX0.fBG6k0b4JTgvJgMWTT7riUrFtNu8TBr51BeTleIcwKc/image;s=2048x1536;q=80,https://ireland.apollo.olxcdn.com/v1/files/eyJhbGciOiJIUzI1NiIsInR5cCI6IkpXVCJ9.eyJmbiI6IjFhMTF6ZTBsMWMyeC1BUEwiLCJ3IjpbeyJmbiI6ImVudmZxcWUxYXk0azEtQVBMIiwicyI6IjE2IiwiYSI6IjAiLCJwIjoiMTAsLTEwIn1dfQ.B7riJYEiAj7CnI9d35wAnJLmnqigf93anmo55q289DA/image;s=2048x1536;q=80,https://ireland.apollo.olxcdn.com/v1/files/eyJhbGciOiJIUzI1NiIsInR5cCI6IkpXVCJ9.eyJmbiI6InhxeGFiNmlheXN5djMtQVBMIiwidyI6W3siZm4iOiJlbnZmcXFlMWF5NGsxLUFQTCIsInMiOiIxNiIsImEiOiIwIiwicCI6IjEwLC0xMCJ9XX0.H3FvVLgl6PRRJra4PKlWtGx0TSRogJKNu1ynnRqQJaE/image;s=2048x1536;q=80",,,,,
68441150,dom,Dom 6 pokoi/pompa ciepła/ gotowy do zakupu,112.02,6,,849000,7579,,Dachowa,,,52.29419,17.08203,,,,https://www.otodom.pl/pl/oferta/dom-6-pokoi-pompa-ciepla-gotowy-do-zakupu-ID4DaFv,"https://ireland.apollo.olxcdn.com/v1/files/eyJhbGciOiJIUzI1NiIsInR5cCI6IkpXVCJ9.eyJmbiI6InlrbWVzOTdjNzR5ZzItRUNPU1lTVEVNIiwidyI6W3siZm4iOiJlbnZmcXFlMWF5NGsxLUFQTCIsInMiOiIxNiIsImEiOiIwIiwicCI6IjEwLC0xMCJ9XX0.JhxlRiU7lf8Lj2avirPKDvf1ZwlMMOTRBiAFJ8xRtSI/image;s=2048x1536;q=80,https://ireland.apollo.olxcdn.com/v1/files/eyJhbGciOiJIUzI1NiIsInR5cCI6IkpXVCJ9.eyJmbiI6InpoMWo3bThveTNxcC1FQ09TWVNURU0iLCJ3IjpbeyJmbiI6ImVudmZxcWUxYXk0azEtQVBMIiwicyI6IjE2IiwiYSI6IjAiLCJwIjoiMTAsLTEwIn1dfQ.tN3x2xjOOxbq62TvX34MA5Iyo2vpPvjH8VKkyLSkORs/image;s=2048x1536;q=80,https://ireland.apollo.olxcdn.com/v1/files/eyJhbGciOiJIUzI1NiIsInR5cCI6IkpXVCJ9.eyJmbiI6IjB5M3VpY3ZteDRqZzItRUNPU1lTVEVNIiwidyI6W3siZm4iOiJlbnZmcXFlMWF5NGsxLUFQTCIsInMiOiIxNiIsImEiOiIwIiwicCI6IjEwLC0xMCJ9XX0.8rs5p_b1LrOHTfOsPqLJzdouCwoCXC_il9QqX1G855k/image;s=2048x1536;q=80",,,,,
68220112,mieszkanie,Nowe domy · 4 pokoje · willowe osiedle · natura · cisza · Poznań,72,4,0,849600,11800,,Morasko-Radojewo,Poznań,,52.491757,16.937648,,,,https://www.otodom.pl/pl/oferta/nowe-domy-4-pokoje-willowe-osiedle-natura-cisza-poznan-ID4Cfao,"https://ireland.apollo.olxcdn.com/v1/files/eyJhbGciOiJIUzI1NiIsInR5cCI6IkpXVCJ9.eyJmbiI6ImhiOG1idnNyM3B4by1BUEwiLCJ3IjpbeyJmbiI6ImVudmZxcWUxYXk0azEtQVBMIiwicyI6IjE2IiwiYSI6IjAiLCJwIjoiMTAsLTEwIn1dfQ.rs0UGE1CG_ySBwk2CqYd6pkd-uNX9xzCoAbqaMXKkAI/image;s=2048x1536;q=80,https://ireland.apollo.olxcdn.com/v1/files/eyJhbGciOiJIUzI1NiIsInR5cCI6IkpXVCJ9.eyJmbiI6ImkyZGlzd2h2c3JpbTMtQVBMIiwidyI6W3siZm4iOiJlbnZmcXFlMWF5NGsxLUFQTCIsInMiOiIxNiIsImEiOiIwIiwicCI6IjEwLC0xMCJ9XX0.nJo16xOMVQycVr4mQKJbLyUI59-q3UsQYd8AI42xxU0/image;s=2048x1536;q=80,https://ireland.apollo.olxcdn.com/v1/files/eyJhbGciOiJIUzI1NiIsInR5cCI6IkpXVCJ9.eyJmbiI6ImZ0MWt2czd1MTZsbTItQVBMIiwidyI6W3siZm4iOiJlbnZmcXFlMWF5NGsxLUFQTCIsInMiOiIxNiIsImEiOiIwIiwicCI6IjEwLC0xMCJ9XX0.HytqxKvUEac_cmb3eHbWWtXf_-0PeO3Szj3tjATh97k/image;s=2048x1536;q=80",,,,,
68218331,dom,Nowe domy · 4 pokoje · willowe osiedle · natura · cisza · Poznań,72,4,,849600,11800,,Morasko-Radojewo,Poznań,,52.491757,16.937648,,,,https://www.otodom.pl/pl/oferta/nowe-domy-4-pokoje-willowe-osiedle-natura-cisza-poznan-ID4CeHF,"https://ireland.apollo.olxcdn.com/v1/files/eyJhbGciOiJIUzI1NiIsInR5cCI6IkpXVCJ9.eyJmbiI6IjI2bGFqN2F2c3R5ejEtQVBMIiwidyI6W3siZm4iOiJlbnZmcXFlMWF5NGsxLUFQTCIsInMiOiIxNiIsImEiOiIwIiwicCI6IjEwLC0xMCJ9XX0.YTVWlC-h0_93fFzmuTG_a5qheXZe-EdSFDC1OGAzIAE/image;s=2048x1536;q=80,https://ireland.apollo.olxcdn.com/v1/files/eyJhbGciOiJIUzI1NiIsInR5cCI6IkpXVCJ9.eyJmbiI6Indlcml0cGhyMmQxdjMtQVBMIiwidyI6W3siZm4iOiJlbnZmcXFlMWF5NGsxLUFQTCIsInMiOiIxNiIsImEiOiIwIiwicCI6IjEwLC0xMCJ9XX0.-9OOCRck6IUYbbUE2ZgGGujpo9Xz_7RKOWU0ZgsOZ2s/image;s=2048x1536;q=80,https://ireland.apollo.olxcdn.com/v1/files/eyJhbGciOiJIUzI1NiIsInR5cCI6IkpXVCJ9.eyJmbiI6Im1lMXB1MjU4Z205YzItQVBMIiwidyI6W3siZm4iOiJlbnZmcXFlMWF5NGsxLUFQTCIsInMiOiIxNiIsImEiOiIwIiwicCI6IjEwLC0xMCJ9XX0.bUvqdnzlV5bi7CxddrZzo23Iu4Sa07DbA2qOdkU-iWs/image;s=2048x1536;q=80",,,,,
67878924,mieszkanie,"Ostatni dwupoziomowy apartament z balkonem, 6 pokoi, Poznań 117m2",117.22,3,1,849900,7250,,Smochowice,Poznań,,52.43748,16.83279,,,,https://www.otodom.pl/pl/oferta/ostatni-dwupoziomowy-apartament-z-balkonem-6-pokoi-poznan-117m2-ID4AOpm,"https://ireland.apollo.olxcdn.com/v1/files/eyJhbGciOiJIUzI1NiIsInR5cCI6IkpXVCJ9.eyJmbiI6ImdiamUzY253bTRzNDEtQVBMIiwidyI6W3siZm4iOiJlbnZmcXFlMWF5NGsxLUFQTCIsInMiOiIxNiIsImEiOiIwIiwicCI6IjEwLC0xMCJ9XX0.4Ll0k8zk4ZNc5G8xW_2D7ySgTJqFPVc0O18wbG8zst0/image;s=2048x1536;q=80,https://ireland.apollo.olxcdn.com/v1/files/eyJhbGciOiJIUzI1NiIsInR5cCI6IkpXVCJ9.eyJmbiI6ImYxc2traWllYmh5OTItQVBMIiwidyI6W3siZm4iOiJlbnZmcXFlMWF5NGsxLUFQTCIsInMiOiIxNiIsImEiOiIwIiwicCI6IjEwLC0xMCJ9XX0.FubiVZjhwmZHRZEOHsICMg7wZG3BlFThG6hhs8g9ANw/image;s=2048x1536;q=80,https://ireland.apollo.olxcdn.com/v1/files/eyJhbGciOiJIUzI1NiIsInR5cCI6IkpXVCJ9.eyJmbiI6Inc3cTE3cXV2a3Zlci1BUEwiLCJ3IjpbeyJmbiI6ImVudmZxcWUxYXk0azEtQVBMIiwicyI6IjE2IiwiYSI6IjAiLCJwIjoiMTAsLTEwIn1dfQ.z2OsHe8OY-4GiwI7eLeBIGAAocXlB_RCpHBveAllXkQ/image;s=2048x1536;q=80",,,,,
67927819,mieszkanie,Dwupoziomowe mieszkanie 117m2 w kameralnej okolicy,117.22,5,1,849900,7250,ul. Skarszewska,Smochowice,Poznań,,52.42847,16.82155,,,,https://www.otodom.pl/pl/oferta/dwupoziomowe-mieszkanie-117m2-w-kameralnej-okolicy-ID4B17Z,"https://ireland.apollo.olxcdn.com/v1/files/eyJhbGciOiJIUzI1NiIsInR5cCI6IkpXVCJ9.eyJmbiI6Imcwc2s5cXltaXUway1FQ09TWVNURU0iLCJ3IjpbeyJmbiI6ImVudmZxcWUxYXk0azEtQVBMIiwicyI6IjE2IiwiYSI6IjAiLCJwIjoiMTAsLTEwIn1dfQ.vVEuGzbrKFeV4hTUG4lar686sI2ulc3saCJrk9oidq8/image;s=2048x1536;q=80,https://ireland.apollo.olxcdn.com/v1/files/eyJhbGciOiJIUzI1NiIsInR5cCI6IkpXVCJ9.eyJmbiI6ImZ2NnlncjI1dTN6czEtRUNPU1lTVEVNIiwidyI6W3siZm4iOiJlbnZmcXFlMWF5NGsxLUFQTCIsInMiOiIxNiIsImEiOiIwIiwicCI6IjEwLC0xMCJ9XX0.nLVUTnllMaMw2TVLxWHI1koa2XrfwYjtRGdDK_0BjAQ/image;s=2048x1536;q=80,https://ireland.apollo.olxcdn.com/v1/files/eyJhbGciOiJIUzI1NiIsInR5cCI6IkpXVCJ9.eyJmbiI6InFwNWRxbzdxampjYzMtRUNPU1lTVEVNIiwidyI6W3siZm4iOiJlbnZmcXFlMWF5NGsxLUFQTCIsInMiOiIxNiIsImEiOiIwIiwicCI6IjEwLC0xMCJ9XX0.kAQxxQFnK85VrQtLHmo3DmBlO4jpl8PiJ131RD6mKGE/image;s=2048x1536;q=80",,,,,
68391002,dom,✅Czapury /tylko Jeden Lokal / Blisko Szkoły,105,5,,850000,8095,,Marlewo,Czapury,,52.33299,16.91295,,,,https://www.otodom.pl/pl/oferta/czapury-tylko-jeden-lokal-blisko-szkoly-ID4CXCG,"https://ireland.apollo.olxcdn.com/v1/files/eyJhbGciOiJIUzI1NiIsInR5cCI6IkpXVCJ9.eyJmbiI6Inh6bWtydGl4d2MyaDEtRUNPU1lTVEVNIiwidyI6W3siZm4iOiJlbnZmcXFlMWF5NGsxLUFQTCIsInMiOiIxNiIsImEiOiIwIiwicCI6IjEwLC0xMCJ9XX0.5vKh3ZXW0pkl5TCPKmkVJZnG2OQohKPK-IG2k7uOaxA/image;s=2048x1536;q=80,https://ireland.apollo.olxcdn.com/v1/files/eyJhbGciOiJIUzI1NiIsInR5cCI6IkpXVCJ9.eyJmbiI6IjZod3J0dmozenRmcy1FQ09TWVNURU0iLCJ3IjpbeyJmbiI6ImVudmZxcWUxYXk0azEtQVBMIiwicyI6IjE2IiwiYSI6IjAiLCJwIjoiMTAsLTEwIn1dfQ.fhugOex9EJjJZEUvL8OWOO8BUU3JylzqtDjdNoEDKVY/image;s=2048x1536;q=80,https://ireland.apollo.olxcdn.com/v1/files/eyJhbGciOiJIUzI1NiIsInR5cCI6IkpXVCJ9.eyJmbiI6ImdicGtucGY0a2c1ZjEtRUNPU1lTVEVNIiwidyI6W3siZm4iOiJlbnZmcXFlMWF5NGsxLUFQTCIsInMiOiIxNiIsImEiOiIwIiwicCI6IjEwLC0xMCJ9XX0.PoA8GOOp4pUW7jMC8NLgFx8rGJJdLJ6dRzJ-ts9G7vY/image;s=2048x1536;q=80",,,,,
67309892,dom,"Dom bliźniak Czapury ul. Spokojna, 5 pokoi",104.95,5,,850000,8099,ul. Spokojna,Czapury,Czapury,,52.34088,16.71688,,,,https://www.otodom.pl/pl/oferta/dom-blizniak-czapury-ul-spokojna-5-pokoi-ID4yqnq,"https://ireland.apollo.olxcdn.com/v1/files/eyJhbGciOiJIUzI1NiIsInR5cCI6IkpXVCJ9.eyJmbiI6IncwN3JmMnFlN3VycC1BUEwiLCJ3IjpbeyJmbiI6ImVudmZxcWUxYXk0azEtQVBMIiwicyI6IjE2IiwiYSI6IjAiLCJwIjoiMTAsLTEwIn1dfQ.tIHh5GvUP350Xaaf6QgNHusaTKL0CGeyuDlFCvqim7E/image;s=2048x1536;q=80,https://ireland.apollo.olxcdn.com/v1/files/eyJhbGciOiJIUzI1NiIsInR5cCI6IkpXVCJ9.eyJmbiI6ImkxN2tscjEwZ3k4MTMtQVBMIiwidyI6W3siZm4iOiJlbnZmcXFlMWF5NGsxLUFQTCIsInMiOiIxNiIsImEiOiIwIiwicCI6IjEwLC0xMCJ9XX0.O-gshUSZYyzjRA0iZ1DtjMpxLPVEqMRTZ_HYUbfLtPU/image;s=2048x1536;q=80,https://ireland.apollo.olxcdn.com/v1/files/eyJhbGciOiJIUzI1NiIsInR5cCI6IkpXVCJ9.eyJmbiI6IjBzdG51YjN0cGFmZC1BUEwiLCJ3IjpbeyJmbiI6ImVudmZxcWUxYXk0azEtQVBMIiwicyI6IjE2IiwiYSI6IjAiLCJwIjoiMTAsLTEwIn1dfQ.ALO_yYHImcuDOve7NN0azaYKyp50SJipHhBL32q2Ou0/image;s=2048x1536;q=80",,,,,
68467015,dom,Nowy Wykończony bliźniak w Kostrzynie | ponad 116m,116.86,5,,850000,7274,Kórnicka,Kostrzyn,Kostrzyn,,52.39257,17.21769,,,,https://www.otodom.pl/pl/oferta/nowy-wykonczony-blizniak-w-kostrzynie-ponad-116m-ID4DhoH,"https://ireland.apollo.olxcdn.com/v1/files/eyJhbGciOiJIUzI1NiIsInR5cCI6IkpXVCJ9.eyJmbiI6Im1tMjZtejVxbDd5cy1FQ09TWVNURU0iLCJ3IjpbeyJmbiI6ImVudmZxcWUxYXk0azEtQVBMIiwicyI6IjE2IiwiYSI6IjAiLCJwIjoiMTAsLTEwIn1dfQ.OEKSTW3eY34LzP7cShkr1s8dT1kqFLOtfeKE2rsnUao/image;s=2048x1536;q=80,https://ireland.apollo.olxcdn.com/v1/files/eyJhbGciOiJIUzI1NiIsInR5cCI6IkpXVCJ9.eyJmbiI6InFhYjBqZngycWhpOTEtRUNPU1lTVEVNIiwidyI6W3siZm4iOiJlbnZmcXFlMWF5NGsxLUFQTCIsInMiOiIxNiIsImEiOiIwIiwicCI6IjEwLC0xMCJ9XX0.Dp8AD4EZp4NwaRmrg_9vKTfrZbkCi71cBv27kIP35gE/image;s=2048x1536;q=80,https://ireland.apollo.olxcdn.com/v1/files/eyJhbGciOiJIUzI1NiIsInR5cCI6IkpXVCJ9.eyJmbiI6InFscXczNXRkMWVpbTEtRUNPU1lTVEVNIiwidyI6W3siZm4iOiJlbnZmcXFlMWF5NGsxLUFQTCIsInMiOiIxNiIsImEiOiIwIiwicCI6IjEwLC0xMCJ9XX0.Ik8yij9bN2W7jGabW35a3hHNkCnUnntDXnnhxQVen-g/image;s=2048x1536;q=80",,,,,
67679298,dom,Sprzedam energooszczędny dom 107m2.,107,4,,850000,7944,ul. Słoneczna,Radzewo,Radzewo,,52.2132,17.02331,,,,https://www.otodom.pl/pl/oferta/sprzedam-energooszczedny-dom-107m2-ID4zYtA,"https://ireland.apollo.olxcdn.com/v1/files/eyJhbGciOiJIUzI1NiIsInR5cCI6IkpXVCJ9.eyJmbiI6Ijh3cGN2NzBweDYwZjItQVBMIiwidyI6W3siZm4iOiJlbnZmcXFlMWF5NGsxLUFQTCIsInMiOiIxNiIsImEiOiIwIiwicCI6IjEwLC0xMCJ9XX0.iQG3MORQjwGM3wH2JA7_WjLpp00_-FkSQmu2oUiZeiM/image;s=2048x1536;q=80,https://ireland.apollo.olxcdn.com/v1/files/eyJhbGciOiJIUzI1NiIsInR5cCI6IkpXVCJ9.eyJmbiI6Inlsdm43YWZ5Mm12cS1BUEwiLCJ3IjpbeyJmbiI6ImVudmZxcWUxYXk0azEtQVBMIiwicyI6IjE2IiwiYSI6IjAiLCJwIjoiMTAsLTEwIn1dfQ.5eh91Rzab6SVhoUcaHxuqlCCZkb0jwjrVoVfonF37t0/image;s=2048x1536;q=80,https://ireland.apollo.olxcdn.com/v1/files/eyJhbGciOiJIUzI1NiIsInR5cCI6IkpXVCJ9.eyJmbiI6InpzZ3Y4d29jdWwyNi1BUEwiLCJ3IjpbeyJmbiI6ImVudmZxcWUxYXk0azEtQVBMIiwicyI6IjE2IiwiYSI6IjAiLCJwIjoiMTAsLTEwIn1dfQ.udNFW3VMhtpAK2bSc4BYLZjrJ-N-2FjMxbDwI16JjcI/image;s=2048x1536;q=80",,,,,
67822354,dom,Gotowy do odbioru/pełne media/atrakcyjna lokalizacja/2 miejsca na auta,99.32,5,,850000,8558,Planetarna,Zalasewo,,,52.38979,17.07325,,,,https://www.otodom.pl/pl/oferta/gotowy-do-odbioru-pelne-media-atrakcyjna-lokalizacja-2-miejsca-na-auta-ID4AzGV,"https://ireland.apollo.olxcdn.com/v1/files/eyJhbGciOiJIUzI1NiIsInR5cCI6IkpXVCJ9.eyJmbiI6Imw2YzFzM25hMHd4bjEtQVBMIiwidyI6W3siZm4iOiJlbnZmcXFlMWF5NGsxLUFQTCIsInMiOiIxNiIsImEiOiIwIiwicCI6IjEwLC0xMCJ9XX0.xZWXPeJgCWlYVvelxBIh-D2JokBXw3AplgPZn_J3jP4/image;s=2048x1536;q=80,https://ireland.apollo.olxcdn.com/v1/files/eyJhbGciOiJIUzI1NiIsInR5cCI6IkpXVCJ9.eyJmbiI6IndwMGJvdzEyZ3FwcTEtQVBMIiwidyI6W3siZm4iOiJlbnZmcXFlMWF5NGsxLUFQTCIsInMiOiIxNiIsImEiOiIwIiwicCI6IjEwLC0xMCJ9XX0.JKmTDsP_R3ou8mSpLSGZcV7-6I5-bh2NUzbh-rdJLC8/image;s=2048x1536;q=80,https://ireland.apollo.olxcdn.com/v1/files/eyJhbGciOiJIUzI1NiIsInR5cCI6IkpXVCJ9.eyJmbiI6IjZyZHVzbnliZWFldjMtQVBMIiwidyI6W3siZm4iOiJlbnZmcXFlMWF5NGsxLUFQTCIsInMiOiIxNiIsImEiOiIwIiwicCI6IjEwLC0xMCJ9XX0.kviaMPTOeLZo7K94uRTVWuvUg2gIBrZwcCVhgC8Egn8/image;s=2048x1536;q=80",,,,,
68430590,dom,Gotowy dom w Rokietnicy | podwyższony standard | o,110,5,,850000,7727,Witkowa,Rokietnica,,,52.51564,16.75827,,,,https://www.otodom.pl/pl/oferta/gotowy-dom-w-rokietnicy-podwyzszony-standard-o-ID4D7Wc,"https://ireland.apollo.olxcdn.com/v1/files/eyJhbGciOiJIUzI1NiIsInR5cCI6IkpXVCJ9.eyJmbiI6ImQ2eWJoeHl5Y3I1NDItRUNPU1lTVEVNIiwidyI6W3siZm4iOiJlbnZmcXFlMWF5NGsxLUFQTCIsInMiOiIxNiIsImEiOiIwIiwicCI6IjEwLC0xMCJ9XX0.kroHZnETuHg1HzLcnXXPEZTUeOBuIQR2yWCADju47q0/image;s=2048x1536;q=80,https://ireland.apollo.olxcdn.com/v1/files/eyJhbGciOiJIUzI1NiIsInR5cCI6IkpXVCJ9.eyJmbiI6IjhtdnRiZWM2MWJpbjItRUNPU1lTVEVNIiwidyI6W3siZm4iOiJlbnZmcXFlMWF5NGsxLUFQTCIsInMiOiIxNiIsImEiOiIwIiwicCI6IjEwLC0xMCJ9XX0.YmPqnlhkK1VSaUMDrmTA-GgcmhqHX5E2qWvw8iewkQ8/image;s=2048x1536;q=80,https://ireland.apollo.olxcdn.com/v1/files/eyJhbGciOiJIUzI1NiIsInR5cCI6IkpXVCJ9.eyJmbiI6IjE5bTNybWM4cGVtZzItRUNPU1lTVEVNIiwidyI6W3siZm4iOiJlbnZmcXFlMWF5NGsxLUFQTCIsInMiOiIxNiIsImEiOiIwIiwicCI6IjEwLC0xMCJ9XX0.pIFrGR9Z3-NPvGdiOrtRtwKWUflvo8MLF8-mcWE9mp0/image;s=2048x1536;q=80",,,,,
68425882,dom,93 m² | 4 pokoje | Stan deweloperski | Zabudowa bliźniacza | Palędzie,93.1,4,,850000,9130,Surfiniowa,Palędzie,Palędzie,,52.372102,16.726942,,,,https://www.otodom.pl/pl/oferta/93-m-4-pokoje-stan-deweloperski-zabudowa-blizniacza-paledzie-ID4D6Hg,"https://ireland.apollo.olxcdn.com/v1/files/eyJhbGciOiJIUzI1NiIsInR5cCI6IkpXVCJ9.eyJmbiI6InhjZTZpODg4eHg1ZDEtQVBMIiwidyI6W3siZm4iOiJlbnZmcXFlMWF5NGsxLUFQTCIsInMiOiIxNiIsImEiOiIwIiwicCI6IjEwLC0xMCJ9XX0.JfYz-ZsV1Kz3kler3MMzf1CfPtub7tlsEttrge9YU9s/image;s=2048x1536;q=80,https://ireland.apollo.olxcdn.com/v1/files/eyJhbGciOiJIUzI1NiIsInR5cCI6IkpXVCJ9.eyJmbiI6InVmZGQ0eTQ1YWF1eS1BUEwiLCJ3IjpbeyJmbiI6ImVudmZxcWUxYXk0azEtQVBMIiwicyI6IjE2IiwiYSI6IjAiLCJwIjoiMTAsLTEwIn1dfQ.lWPHmiZgcxUx77yxr36bWLq1-1jbT76V7vwatxV0Y-A/image;s=2048x1536;q=80,https://ireland.apollo.olxcdn.com/v1/files/eyJhbGciOiJIUzI1NiIsInR5cCI6IkpXVCJ9.eyJmbiI6InUwcW92NTc2Nnh2ajEtQVBMIiwidyI6W3siZm4iOiJlbnZmcXFlMWF5NGsxLUFQTCIsInMiOiIxNiIsImEiOiIwIiwicCI6IjEwLC0xMCJ9XX0.q0XFQr3bKrIgMIZCz2Ziw74oQvWfKb9C1u1UpI6c4X8/image;s=2048x1536;q=80",,,,,
68256218,dom,Skrajny segment szeregowca w lesie - REZERWACJA,92,4,,850000,9239,ul. Szarotkowa,Miękowo,,,52.48789,16.9878,,,,https://www.otodom.pl/pl/oferta/skrajny-segment-szeregowca-w-lesie-rezerwacja-ID4CoyK,"https://ireland.apollo.olxcdn.com/v1/files/eyJhbGciOiJIUzI1NiIsInR5cCI6IkpXVCJ9.eyJmbiI6ImVhbnZ0MDBsY3A5djItQVBMIiwidyI6W3siZm4iOiJlbnZmcXFlMWF5NGsxLUFQTCIsInMiOiIxNiIsImEiOiIwIiwicCI6IjEwLC0xMCJ9XX0.I7TuAw0kTv-GTb_9cBtU15d0GRixpvKaA7xO0TmVgso/image;s=2048x1536;q=80,https://ireland.apollo.olxcdn.com/v1/files/eyJhbGciOiJIUzI1NiIsInR5cCI6IkpXVCJ9.eyJmbiI6InZ4aWw1dGIwc2h6cS1BUEwiLCJ3IjpbeyJmbiI6ImVudmZxcWUxYXk0azEtQVBMIiwicyI6IjE2IiwiYSI6IjAiLCJwIjoiMTAsLTEwIn1dfQ.SExQn8CWATxLERghFbVq4G3CcXpUAqEUrtgrg8inM-o/image;s=2048x1536;q=80,https://ireland.apollo.olxcdn.com/v1/files/eyJhbGciOiJIUzI1NiIsInR5cCI6IkpXVCJ9.eyJmbiI6Ims5c24xbzhwMjRsaTMtQVBMIiwidyI6W3siZm4iOiJlbnZmcXFlMWF5NGsxLUFQTCIsInMiOiIxNiIsImEiOiIwIiwicCI6IjEwLC0xMCJ9XX0.Lj3x0ckQvmzDT8IAYZpwYyuoFtLGeEJ4YXG0Xct86vw/image;s=2048x1536;q=80",,,,,
68256251,dom,Skrajny segment z ogrodem w lesie - REZERWACJA,92,4,,850000,9239,ul. Szarotkowa,Miękowo,,,52.48789,16.9878,,,,https://www.otodom.pl/pl/oferta/skrajny-segment-z-ogrodem-w-lesie-rezerwacja-ID4Cozh,"https://ireland.apollo.olxcdn.com/v1/files/eyJhbGciOiJIUzI1NiIsInR5cCI6IkpXVCJ9.eyJmbiI6Ijd3bjgzbzNocXE0bi1BUEwiLCJ3IjpbeyJmbiI6ImVudmZxcWUxYXk0azEtQVBMIiwicyI6IjE2IiwiYSI6IjAiLCJwIjoiMTAsLTEwIn1dfQ.pxK_OZUNe_pKZGFTK4itgyyuPw9BUW-yeKH7MfFqFvk/image;s=2048x1536;q=80,https://ireland.apollo.olxcdn.com/v1/files/eyJhbGciOiJIUzI1NiIsInR5cCI6IkpXVCJ9.eyJmbiI6Inp3bXR2azd5cnJmcTMtQVBMIiwidyI6W3siZm4iOiJlbnZmcXFlMWF5NGsxLUFQTCIsInMiOiIxNiIsImEiOiIwIiwicCI6IjEwLC0xMCJ9XX0.AQcusRrozXKcxsdvQo6JlFu54I9vDvKMIn2w7WwbhOg/image;s=2048x1536;q=80,https://ireland.apollo.olxcdn.com/v1/files/eyJhbGciOiJIUzI1NiIsInR5cCI6IkpXVCJ9.eyJmbiI6InlmY3RoZTNranRnbTMtQVBMIiwidyI6W3siZm4iOiJlbnZmcXFlMWF5NGsxLUFQTCIsInMiOiIxNiIsImEiOiIwIiwicCI6IjEwLC0xMCJ9XX0.2qhOlsyuDWqj7hjVDHif2K5DE1Pq_yMdOI280qBfdkk/image;s=2048x1536;q=80",,,,,
68296955,mieszkanie,Inwestycja w sercu Jeżyc wysoki potencjał wzrostu wartości,80.16,4,2,853636,10649,Klemensa Janickiego,Jeżyce,Poznań,,52.413479,16.902793,,,,https://www.otodom.pl/pl/oferta/inwestycja-w-sercu-jezyc-wysoki-potencjal-wzrostu-wartosci-ID4Cz9N,"https://ireland.apollo.olxcdn.com/v1/files/eyJhbGciOiJIUzI1NiIsInR5cCI6IkpXVCJ9.eyJmbiI6IndidXN1YnZzdHNsZzEtRUNPU1lTVEVNIiwidyI6W3siZm4iOiJlbnZmcXFlMWF5NGsxLUFQTCIsInMiOiIxNiIsImEiOiIwIiwicCI6IjEwLC0xMCJ9XX0.KEvG415xZNTzuEVE98jGM4SKiuAE3t8cz2O0TMfF3JY/image;s=2048x1536;q=80,https://ireland.apollo.olxcdn.com/v1/files/eyJhbGciOiJIUzI1NiIsInR5cCI6IkpXVCJ9.eyJmbiI6Im1iM2x1NmxqMnhtMzMtRUNPU1lTVEVNIiwidyI6W3siZm4iOiJlbnZmcXFlMWF5NGsxLUFQTCIsInMiOiIxNiIsImEiOiIwIiwicCI6IjEwLC0xMCJ9XX0.vNAvQqTHUAY-5putTnaudmO6S9ndJchdAmkkZ-eqI9E/image;s=2048x1536;q=80,https://ireland.apollo.olxcdn.com/v1/files/eyJhbGciOiJIUzI1NiIsInR5cCI6IkpXVCJ9.eyJmbiI6InZtYzVjdm5nYWJmazItRUNPU1lTVEVNIiwidyI6W3siZm4iOiJlbnZmcXFlMWF5NGsxLUFQTCIsInMiOiIxNiIsImEiOiIwIiwicCI6IjEwLC0xMCJ9XX0.d_X-FJRinTLFgEHwC5QcADdo87SPEttQzCzZejHKZOU/image;s=2048x1536;q=80",,,,,
68329037,mieszkanie,3 pokoje | 15 min spacerem do Lasku Marcelińskiego,77.1,3,2,856827.72,11113,,Junikowo,Poznań,,52.390169,16.848049,,,,https://www.otodom.pl/pl/oferta/3-pokoje-15-min-spacerem-do-lasku-marcelinskiego-ID4CHwf,"https://ireland.apollo.olxcdn.com/v1/files/eyJhbGciOiJIUzI1NiIsInR5cCI6IkpXVCJ9.eyJmbiI6ImcwMjV6cjhjbzNoYS1FQ09TWVNURU0iLCJ3IjpbeyJmbiI6ImVudmZxcWUxYXk0azEtQVBMIiwicyI6IjE2IiwiYSI6IjAiLCJwIjoiMTAsLTEwIn1dfQ.ELvXSABtd11-rXYZehBRaeVvaTss2yRKbAahYoLCQ1U/image;s=2048x1536;q=80,https://ireland.apollo.olxcdn.com/v1/files/eyJhbGciOiJIUzI1NiIsInR5cCI6IkpXVCJ9.eyJmbiI6InQwZXZ2aGEwbDl5NzItRUNPU1lTVEVNIiwidyI6W3siZm4iOiJlbnZmcXFlMWF5NGsxLUFQTCIsInMiOiIxNiIsImEiOiIwIiwicCI6IjEwLC0xMCJ9XX0.7_sE8_a5Mju46dksI6wmQdXcGyGWCdUkoBtmSns5qj4/image;s=2048x1536;q=80,https://ireland.apollo.olxcdn.com/v1/files/eyJhbGciOiJIUzI1NiIsInR5cCI6IkpXVCJ9.eyJmbiI6InNib3hjNThjYzhtZi1FQ09TWVNURU0iLCJ3IjpbeyJmbiI6ImVudmZxcWUxYXk0azEtQVBMIiwicyI6IjE2IiwiYSI6IjAiLCJwIjoiMTAsLTEwIn1dfQ.f0CuJVz5LzsjtNQlpcStlrtjF_bKY0tIDaVdob8nZlQ/image;s=2048x1536;q=80",,,,,
67396810,dom,Dom w Komornikach - Na ulicy Wichrowej,100.82,4,,856970,8500,ul. Leśna,Komorniki,Komorniki,,52.333385,16.824283,,,,https://www.otodom.pl/pl/oferta/dom-w-komornikach-na-ulicy-wichrowej-ID4yMZk,"https://ireland.apollo.olxcdn.com/v1/files/eyJhbGciOiJIUzI1NiIsInR5cCI6IkpXVCJ9.eyJmbiI6ImNyd3V2MG10MDNkei1BUEwiLCJ3IjpbeyJmbiI6ImVudmZxcWUxYXk0azEtQVBMIiwicyI6IjE2IiwiYSI6IjAiLCJwIjoiMTAsLTEwIn1dfQ.fov8tzLDOWFGvG_U-M0eQ76WY3ZamUw-ST80O2VEqvk/image;s=2048x1536;q=80,https://ireland.apollo.olxcdn.com/v1/files/eyJhbGciOiJIUzI1NiIsInR5cCI6IkpXVCJ9.eyJmbiI6Im5kOGdwbWZha28xbzItQVBMIiwidyI6W3siZm4iOiJlbnZmcXFlMWF5NGsxLUFQTCIsInMiOiIxNiIsImEiOiIwIiwicCI6IjEwLC0xMCJ9XX0.lFR_wOTgjK7VHKcR8RysjgigvO8rSMzxbCQgkNpgazw/image;s=2048x1536;q=80,https://ireland.apollo.olxcdn.com/v1/files/eyJhbGciOiJIUzI1NiIsInR5cCI6IkpXVCJ9.eyJmbiI6IjJldHd4ZXo4dGtrdS1BUEwiLCJ3IjpbeyJmbiI6ImVudmZxcWUxYXk0azEtQVBMIiwicyI6IjE2IiwiYSI6IjAiLCJwIjoiMTAsLTEwIn1dfQ.gZqRYM-bHz3lUhNNjwCwSQ8vI_tUuJ-hQtiK8a1FVPs/image;s=2048x1536;q=80",,,,,
67639699,dom,Nowoczesny bliźniak z dużym ogrodem | Komorniki | pompa ciepła |,100.82,4,,856970,8500,,Komorniki,Komorniki,,52.33583,16.80778,,,,https://www.otodom.pl/pl/oferta/nowoczesny-blizniak-z-duzym-ogrodem-komorniki-pompa-ciepla-ID4zOaT,"https://ireland.apollo.olxcdn.com/v1/files/eyJhbGciOiJIUzI1NiIsInR5cCI6IkpXVCJ9.eyJmbiI6ImwwaHBmbDdqdzk0NTItQVBMIiwidyI6W3siZm4iOiJlbnZmcXFlMWF5NGsxLUFQTCIsInMiOiIxNiIsImEiOiIwIiwicCI6IjEwLC0xMCJ9XX0.orB5vLiCFzSEY0uOrfDJ_c-5DaS0pntHw6TIDpt-wX0/image;s=2048x1536;q=80,https://ireland.apollo.olxcdn.com/v1/files/eyJhbGciOiJIUzI1NiIsInR5cCI6IkpXVCJ9.eyJmbiI6IjMyOWticnJsY3cyMi1BUEwiLCJ3IjpbeyJmbiI6ImVudmZxcWUxYXk0azEtQVBMIiwicyI6IjE2IiwiYSI6IjAiLCJwIjoiMTAsLTEwIn1dfQ.m53g3dQ_zkkqagVQXOmTUGeTRZYNHNqvZQEHhTj2g4E/image;s=2048x1536;q=80,https://ireland.apollo.olxcdn.com/v1/files/eyJhbGciOiJIUzI1NiIsInR5cCI6IkpXVCJ9.eyJmbiI6IjVxNGVoOGFodWwydDEtQVBMIiwidyI6W3siZm4iOiJlbnZmcXFlMWF5NGsxLUFQTCIsInMiOiIxNiIsImEiOiIwIiwicCI6IjEwLC0xMCJ9XX0.bleYeohbFtnttdUuBqACHDPDAUonB0PpgMOryAoi5qM/image;s=2048x1536;q=80",,,,,
68221213,dom,NOWOCZESNY DOM 128 m2 Z OGRODEM W GRUSZCZYNIE!,128.38,5,,857000,6675,ul. Zygmunta Krasińskiego,Gruszczyn,Gruszczyn,,52.438257,17.088359,,,,https://www.otodom.pl/pl/oferta/nowoczesny-dom-128-m2-z-ogrodem-w-gruszczynie-ID4Cfs9,"https://ireland.apollo.olxcdn.com/v1/files/eyJhbGciOiJIUzI1NiIsInR5cCI6IkpXVCJ9.eyJmbiI6Ijd1MXh1ZXdubXFzaDMtRUNPU1lTVEVNIiwidyI6W3siZm4iOiJlbnZmcXFlMWF5NGsxLUFQTCIsInMiOiIxNiIsImEiOiIwIiwicCI6IjEwLC0xMCJ9XX0.cyrWHjS4kk6TTArtXgeezDOnHaM_kHom52RNb5pYZI0/image;s=2048x1536;q=80,https://ireland.apollo.olxcdn.com/v1/files/eyJhbGciOiJIUzI1NiIsInR5cCI6IkpXVCJ9.eyJmbiI6IjQweGFocmQ4cng2bzEtRUNPU1lTVEVNIiwidyI6W3siZm4iOiJlbnZmcXFlMWF5NGsxLUFQTCIsInMiOiIxNiIsImEiOiIwIiwicCI6IjEwLC0xMCJ9XX0.ztQjwIEgAg6zbHG7xjppU1iB0RGWNUi_POiMNSuXXME/image;s=2048x1536;q=80,https://ireland.apollo.olxcdn.com/v1/files/eyJhbGciOiJIUzI1NiIsInR5cCI6IkpXVCJ9.eyJmbiI6IjUzam95cnY4djl2djEtRUNPU1lTVEVNIiwidyI6W3siZm4iOiJlbnZmcXFlMWF5NGsxLUFQTCIsInMiOiIxNiIsImEiOiIwIiwicCI6IjEwLC0xMCJ9XX0.eQWhvttIzzkYQ9t7psY74z0ZC-tS2SimjyPC9RtZ8WY/image;s=2048x1536;q=80",,,,,
67269355,dom,Osiedle Laurowe 2 w Gruszczynie (II ETAP) - DOMY GOTOWE DO ODBIORU !,128.38,5,,857000,6675,,Gruszczyn,,,52.43033,17.06265,,,,https://www.otodom.pl/pl/oferta/osiedle-laurowe-2-w-gruszczynie-ii-etap-domy-gotowe-do-odbioru-ID4yfPB,"https://ireland.apollo.olxcdn.com/v1/files/eyJhbGciOiJIUzI1NiIsInR5cCI6IkpXVCJ9.eyJmbiI6InIwN3hvaHNmNDQ3YTEtQVBMIiwidyI6W3siZm4iOiJlbnZmcXFlMWF5NGsxLUFQTCIsInMiOiIxNiIsImEiOiIwIiwicCI6IjEwLC0xMCJ9XX0.ScCwsPk9oMPKI0924BvceHi1YLEx4mgQpq9pXpzEoMY/image;s=2048x1536;q=80,https://ireland.apollo.olxcdn.com/v1/files/eyJhbGciOiJIUzI1NiIsInR5cCI6IkpXVCJ9.eyJmbiI6IjN5aTdrNWV6NHBuNjEtQVBMIiwidyI6W3siZm4iOiJlbnZmcXFlMWF5NGsxLUFQTCIsInMiOiIxNiIsImEiOiIwIiwicCI6IjEwLC0xMCJ9XX0.Ly16_Q5edXThsnLvn1UTABeRwLOwVxLhb8uCGgoxM30/image;s=2048x1536;q=80,https://ireland.apollo.olxcdn.com/v1/files/eyJhbGciOiJIUzI1NiIsInR5cCI6IkpXVCJ9.eyJmbiI6IjRiOW5kbXl5NnlueTItQVBMIiwidyI6W3siZm4iOiJlbnZmcXFlMWF5NGsxLUFQTCIsInMiOiIxNiIsImEiOiIwIiwicCI6IjEwLC0xMCJ9XX0.kCiajYT3j3CADUVJ-1b7gyrHZaBGN5Cn3Js4DP0pTtY/image;s=2048x1536;q=80",,,,,
68277424,dom,Zamień mieszkanie na dom 128 m² | ogród | bez prowizji,128.38,5,,857000,6675,Krasińskiego,Gruszczyn,Gruszczyn,,52.43008,17.0735,,,,https://www.otodom.pl/pl/oferta/zamien-mieszkanie-na-dom-128-m-ogrod-bez-prowizji-ID4Cu4M,"https://ireland.apollo.olxcdn.com/v1/files/eyJhbGciOiJIUzI1NiIsInR5cCI6IkpXVCJ9.eyJmbiI6InFvY2lncDhweTh3NjMtQVBMIiwidyI6W3siZm4iOiJlbnZmcXFlMWF5NGsxLUFQTCIsInMiOiIxNiIsImEiOiIwIiwicCI6IjEwLC0xMCJ9XX0.L_ARaqUQx-Qu2F4CAZPQB560G8Fqyzry80kTOwdEKtQ/image;s=2048x1536;q=80,https://ireland.apollo.olxcdn.com/v1/files/eyJhbGciOiJIUzI1NiIsInR5cCI6IkpXVCJ9.eyJmbiI6Im93b2t3dmF5MXhxcDMtQVBMIiwidyI6W3siZm4iOiJlbnZmcXFlMWF5NGsxLUFQTCIsInMiOiIxNiIsImEiOiIwIiwicCI6IjEwLC0xMCJ9XX0.SawbQWSqt7gI6xsasFr4ILuYgb7O4u1CQMU8QFVvamA/image;s=2048x1536;q=80,https://ireland.apollo.olxcdn.com/v1/files/eyJhbGciOiJIUzI1NiIsInR5cCI6IkpXVCJ9.eyJmbiI6Ino4cWNzaThvcWwwazEtQVBMIiwidyI6W3siZm4iOiJlbnZmcXFlMWF5NGsxLUFQTCIsInMiOiIxNiIsImEiOiIwIiwicCI6IjEwLC0xMCJ9XX0.1imFfrvqHDw9D6U7Mc1DBDWa1FPEnIQcVAqX6ZNiX-Y/image;s=2048x1536;q=80",,,,,
68447809,dom,"Nowe osiedle w Gruszczynie, II etap w sprzedaży.",128.38,5,,857000,6675,,Gruszczyn,Gruszczyn,,52.43082,17.0692,,,,https://www.otodom.pl/pl/oferta/nowe-osiedle-w-gruszczynie-ii-etap-w-sprzedazy-ID4DcoW,"https://ireland.apollo.olxcdn.com/v1/files/eyJhbGciOiJIUzI1NiIsInR5cCI6IkpXVCJ9.eyJmbiI6Imllano1ZmU5YWdxdjItRUNPU1lTVEVNIiwidyI6W3siZm4iOiJlbnZmcXFlMWF5NGsxLUFQTCIsInMiOiIxNiIsImEiOiIwIiwicCI6IjEwLC0xMCJ9XX0.yX9Kj9klzJq_Vx3EyaR4c4v46vP3vMCFlHv5a7syXRA/image;s=2048x1536;q=80,https://ireland.apollo.olxcdn.com/v1/files/eyJhbGciOiJIUzI1NiIsInR5cCI6IkpXVCJ9.eyJmbiI6InlwMmFpamY1OGhkczMtRUNPU1lTVEVNIiwidyI6W3siZm4iOiJlbnZmcXFlMWF5NGsxLUFQTCIsInMiOiIxNiIsImEiOiIwIiwicCI6IjEwLC0xMCJ9XX0.tXCz2i2uqu0cdhLbuC--87yNIGfqIwkJ3hV6mLxwu7M/image;s=2048x1536;q=80,https://ireland.apollo.olxcdn.com/v1/files/eyJhbGciOiJIUzI1NiIsInR5cCI6IkpXVCJ9.eyJmbiI6InN5eWUyd3Y0c2IzcTMtRUNPU1lTVEVNIiwidyI6W3siZm4iOiJlbnZmcXFlMWF5NGsxLUFQTCIsInMiOiIxNiIsImEiOiIwIiwicCI6IjEwLC0xMCJ9XX0.4UU2Ble4JL1JTCOB5T-lrnyr2KAdJ0h345-RbdLMlik/image;s=2048x1536;q=80",,,,,
67663826,dom,Gotowy do odbioru.,128,5,,857000,6695,,Swarzędz,,,52.43008,17.0735,,,,https://www.otodom.pl/pl/oferta/gotowy-do-odbioru-ID4zUs2,"https://ireland.apollo.olxcdn.com/v1/files/eyJhbGciOiJIUzI1NiIsInR5cCI6IkpXVCJ9.eyJmbiI6ImZnamhvbG84a3k5by1BUEwiLCJ3IjpbeyJmbiI6ImVudmZxcWUxYXk0azEtQVBMIiwicyI6IjE2IiwiYSI6IjAiLCJwIjoiMTAsLTEwIn1dfQ.ZKu4DsrFSmsZfTwznNdwq3EmdaytlJx9MIUYpMj7PNQ/image;s=2048x1536;q=80,https://ireland.apollo.olxcdn.com/v1/files/eyJhbGciOiJIUzI1NiIsInR5cCI6IkpXVCJ9.eyJmbiI6InRtb214ejExam1wYjEtQVBMIiwidyI6W3siZm4iOiJlbnZmcXFlMWF5NGsxLUFQTCIsInMiOiIxNiIsImEiOiIwIiwicCI6IjEwLC0xMCJ9XX0.FKgTtITM4l70xw9Q62T-MpuKLls3qpvms27a05XSc5Q/image;s=2048x1536;q=80,https://ireland.apollo.olxcdn.com/v1/files/eyJhbGciOiJIUzI1NiIsInR5cCI6IkpXVCJ9.eyJmbiI6ImIyMDg5Yzcxb2R3Yy1BUEwiLCJ3IjpbeyJmbiI6ImVudmZxcWUxYXk0azEtQVBMIiwicyI6IjE2IiwiYSI6IjAiLCJwIjoiMTAsLTEwIn1dfQ.U_4ZSj-QLGEniuIL-odd1YxOD__M7q40Ne156YLqIc0/image;s=2048x1536;q=80",,,,,
68413714,mieszkanie,3 pokoje I Możliwość oddzielnej kuchni I Jeżyce I Promocja I Bez PCC I,73.29,3,1,859000,11721,ul. Klemensa Janickiego,Jeżyce,Poznań,,52.413479,16.902793,,,,https://www.otodom.pl/pl/oferta/3-pokoje-i-mozliwosc-oddzielnej-kuchni-i-jezyce-i-promocja-i-bez-pcc-i-ID4D3x0,"https://ireland.apollo.olxcdn.com/v1/files/eyJhbGciOiJIUzI1NiIsInR5cCI6IkpXVCJ9.eyJmbiI6IjI4cHRqMmMxZmI3aS1BUEwiLCJ3IjpbeyJmbiI6ImVudmZxcWUxYXk0azEtQVBMIiwicyI6IjE2IiwiYSI6IjAiLCJwIjoiMTAsLTEwIn1dfQ.IVvTg9TdfI3cr2WmZnzT5FNlHm79Lf7GM4qCyTYmo4s/image;s=2048x1536;q=80,https://ireland.apollo.olxcdn.com/v1/files/eyJhbGciOiJIUzI1NiIsInR5cCI6IkpXVCJ9.eyJmbiI6InBpMnFxN3l6dHRpYTEtQVBMIiwidyI6W3siZm4iOiJlbnZmcXFlMWF5NGsxLUFQTCIsInMiOiIxNiIsImEiOiIwIiwicCI6IjEwLC0xMCJ9XX0.TSz4K_EFwjHWRTGAuFnsXHD_ZPdtVyazuj4tRyXP_Yg/image;s=2048x1536;q=80,https://ireland.apollo.olxcdn.com/v1/files/eyJhbGciOiJIUzI1NiIsInR5cCI6IkpXVCJ9.eyJmbiI6IjlleDdreXdxZTN2aS1BUEwiLCJ3IjpbeyJmbiI6ImVudmZxcWUxYXk0azEtQVBMIiwicyI6IjE2IiwiYSI6IjAiLCJwIjoiMTAsLTEwIn1dfQ.fQ3UZgsoN0veJx69TD3xDbihLEGKWiYLI0eVTgP7YlQ/image;s=2048x1536;q=80",,,,,
68357637,dom,"Ostatnie 2 lokale - nowoczesny bliźniak w Stęszewie, 139m2 + garaż!",139,,,859000,6180,ul. Kwiatowa,Stęszew,Stęszew,,52.279354,16.699933,,,,https://www.otodom.pl/pl/oferta/ostatnie-2-lokale-nowoczesny-blizniak-w-steszewie-139m2-garaz-ID4COVx,"https://ireland.apollo.olxcdn.com/v1/files/eyJhbGciOiJIUzI1NiIsInR5cCI6IkpXVCJ9.eyJmbiI6Ims2bG85NDdpeG1zcjItQVBMIiwidyI6W3siZm4iOiJlbnZmcXFlMWF5NGsxLUFQTCIsInMiOiIxNiIsImEiOiIwIiwicCI6IjEwLC0xMCJ9XX0.BKHou2Dc-_dATXLZ1ZqeM540mzDmshN6o11Mq4KNRHQ/image;s=2048x1536;q=80,https://ireland.apollo.olxcdn.com/v1/files/eyJhbGciOiJIUzI1NiIsInR5cCI6IkpXVCJ9.eyJmbiI6IjJwc3N4bW0zZ3ZncDMtQVBMIiwidyI6W3siZm4iOiJlbnZmcXFlMWF5NGsxLUFQTCIsInMiOiIxNiIsImEiOiIwIiwicCI6IjEwLC0xMCJ9XX0.Ruc4LTgXxX3EJ7UI922R-z9UZ5rmZ2TXh4gWWCj8g6E/image;s=2048x1536;q=80,https://ireland.apollo.olxcdn.com/v1/files/eyJhbGciOiJIUzI1NiIsInR5cCI6IkpXVCJ9.eyJmbiI6InAxNjJhMW9rb2N3MjMtQVBMIiwidyI6W3siZm4iOiJlbnZmcXFlMWF5NGsxLUFQTCIsInMiOiIxNiIsImEiOiIwIiwicCI6IjEwLC0xMCJ9XX0.NEj5Lnv9v2GAb94dkYThVnTOMNE7m1XkB1yUC_FC9IQ/image;s=2048x1536;q=80",,,,,
67777572,dom,"Nowe domy, 5 pokoi, 111,35 m2, ul. Wesoła, Tarnowo Podgórne",111.35,5,,859000,7714,ul. Wesoła,Tarnowo Podgórne,Tarnowo Podgórne,,52.45807,16.70256,,,,https://www.otodom.pl/pl/oferta/nowe-domy-5-pokoi-111-35-m2-ul-wesola-tarnowo-podgorne-ID4Ao2E,"https://ireland.apollo.olxcdn.com/v1/files/eyJhbGciOiJIUzI1NiIsInR5cCI6IkpXVCJ9.eyJmbiI6ImY5NnAzNXE0Nmp1by1BUEwiLCJ3IjpbeyJmbiI6ImVudmZxcWUxYXk0azEtQVBMIiwicyI6IjE2IiwiYSI6IjAiLCJwIjoiMTAsLTEwIn1dfQ.wCmmS4N4HsJYsZRmvUI_HBEw9Ci9AexYAOgY2e5n6xM/image;s=2048x1536;q=80,https://ireland.apollo.olxcdn.com/v1/files/eyJhbGciOiJIUzI1NiIsInR5cCI6IkpXVCJ9.eyJmbiI6InlsMzlrYmJqanRleC1BUEwiLCJ3IjpbeyJmbiI6ImVudmZxcWUxYXk0azEtQVBMIiwicyI6IjE2IiwiYSI6IjAiLCJwIjoiMTAsLTEwIn1dfQ.pK_qIZde6SXH4iRWoLkNNDe3Twd0mQ7cDveHbPgUuNk/image;s=2048x1536;q=80,https://ireland.apollo.olxcdn.com/v1/files/eyJhbGciOiJIUzI1NiIsInR5cCI6IkpXVCJ9.eyJmbiI6IjMwNmx2Yndwa214YjEtQVBMIiwidyI6W3siZm4iOiJlbnZmcXFlMWF5NGsxLUFQTCIsInMiOiIxNiIsImEiOiIwIiwicCI6IjEwLC0xMCJ9XX0.1fOoFIVZp9lBJQkM7WsfAaC8JMm2-ewbm10DgWLQER0/image;s=2048x1536;q=80",,,,,
65866357,dom,"Nowy dom 119,09m2 z garażem i ogrodem GOTOWY do ODBIORU",118,5,,859000,7280,kowalika,Swarzędz,Kruszewnia,,52.378827,17.093522,,,,https://www.otodom.pl/pl/oferta/nowy-dom-119-09m2-z-garazem-i-ogrodem-gotowy-do-odbioru-ID4smQB,"https://ireland.apollo.olxcdn.com/v1/files/eyJhbGciOiJIUzI1NiIsInR5cCI6IkpXVCJ9.eyJmbiI6Ijc2OXIyM28wMGVuNTItQVBMIiwidyI6W3siZm4iOiJlbnZmcXFlMWF5NGsxLUFQTCIsInMiOiIxNiIsImEiOiIwIiwicCI6IjEwLC0xMCJ9XX0.ZR77_7cpGcg6nxrIDh1ZC03zvEXP97l9q-f_AwsUbqs/image;s=2048x1536;q=80,https://ireland.apollo.olxcdn.com/v1/files/eyJhbGciOiJIUzI1NiIsInR5cCI6IkpXVCJ9.eyJmbiI6Imt1bmtpMHJsdjA5bDEtQVBMIiwidyI6W3siZm4iOiJlbnZmcXFlMWF5NGsxLUFQTCIsInMiOiIxNiIsImEiOiIwIiwicCI6IjEwLC0xMCJ9XX0.KA3JaAdkkn_cwSGHnJmiOCMGnPXhqmx3rYIsCznBNt4/image;s=2048x1536;q=80,https://ireland.apollo.olxcdn.com/v1/files/eyJhbGciOiJIUzI1NiIsInR5cCI6IkpXVCJ9.eyJmbiI6ImhlcHlpamxnd283cDMtQVBMIiwidyI6W3siZm4iOiJlbnZmcXFlMWF5NGsxLUFQTCIsInMiOiIxNiIsImEiOiIwIiwicCI6IjEwLC0xMCJ9XX0.3UGDSawGFNUPAf30MWrXu9eMD_L62TqCYmM_sZnNQxk/image;s=2048x1536;q=80",,,,,
67583983,dom,DOM Z GARAŻEM,123,5,,859000,6984,,Swarzędz,Swarzędz,,52.4076,17.07351,,,,https://www.otodom.pl/pl/oferta/dom-z-garazem-ID4zzGf,"https://ireland.apollo.olxcdn.com/v1/files/eyJhbGciOiJIUzI1NiIsInR5cCI6IkpXVCJ9.eyJmbiI6Im51NWp2bnRsaXB4cC1BUEwiLCJ3IjpbeyJmbiI6ImVudmZxcWUxYXk0azEtQVBMIiwicyI6IjE2IiwiYSI6IjAiLCJwIjoiMTAsLTEwIn1dfQ.MH_1rA2mpakvwerO-DOWXsAfu7xDWe6fR5A9YAbVTc8/image;s=2048x1536;q=80,https://ireland.apollo.olxcdn.com/v1/files/eyJhbGciOiJIUzI1NiIsInR5cCI6IkpXVCJ9.eyJmbiI6IjF0d2w4MzlwcDljMS1BUEwiLCJ3IjpbeyJmbiI6ImVudmZxcWUxYXk0azEtQVBMIiwicyI6IjE2IiwiYSI6IjAiLCJwIjoiMTAsLTEwIn1dfQ.h4tARmQQA6g04iT_VNVlkS6tL6kGUBhZZ5TXQjdrB8A/image;s=2048x1536;q=80,https://ireland.apollo.olxcdn.com/v1/files/eyJhbGciOiJIUzI1NiIsInR5cCI6IkpXVCJ9.eyJmbiI6ImJ3OGE5OTJpbDRnZy1BUEwiLCJ3IjpbeyJmbiI6ImVudmZxcWUxYXk0azEtQVBMIiwicyI6IjE2IiwiYSI6IjAiLCJwIjoiMTAsLTEwIn1dfQ.HMTGhWvlDAorDB-fIKaNUh3q9-UKasLxztK4T_nkcEc/image;s=2048x1536;q=80",,,,,
67633116,dom,"Nowoczesny, funkcjonalny dom typu  bliźniak.",115,5,,859000,7470,ul. Komornicka,Wiry,Wiry,,52.310996,16.858512,,,,https://www.otodom.pl/pl/oferta/nowoczesny-funkcjonalny-dom-typu-blizniak-ID4zMsI,"https://ireland.apollo.olxcdn.com/v1/files/eyJhbGciOiJIUzI1NiIsInR5cCI6IkpXVCJ9.eyJmbiI6InEyZXdtOXR3dTUwMTMtRUNPU1lTVEVNIiwidyI6W3siZm4iOiJlbnZmcXFlMWF5NGsxLUFQTCIsInMiOiIxNiIsImEiOiIwIiwicCI6IjEwLC0xMCJ9XX0.sWh3CcDTcpXKRQ04eMrzQHAvfKNx9TvcQa6f5JgaYXw/image;s=2048x1536;q=80,https://ireland.apollo.olxcdn.com/v1/files/eyJhbGciOiJIUzI1NiIsInR5cCI6IkpXVCJ9.eyJmbiI6ImhyMmNlaWc2bjR5ZjEtRUNPU1lTVEVNIiwidyI6W3siZm4iOiJlbnZmcXFlMWF5NGsxLUFQTCIsInMiOiIxNiIsImEiOiIwIiwicCI6IjEwLC0xMCJ9XX0.90qcwOLaj-4Yxym7hMvhEdGWCdHMvU7o-VZk-IkQcy4/image;s=2048x1536;q=80,https://ireland.apollo.olxcdn.com/v1/files/eyJhbGciOiJIUzI1NiIsInR5cCI6IkpXVCJ9.eyJmbiI6Ijhsdm5iZWc3cGIwajItRUNPU1lTVEVNIiwidyI6W3siZm4iOiJlbnZmcXFlMWF5NGsxLUFQTCIsInMiOiIxNiIsImEiOiIwIiwicCI6IjEwLC0xMCJ9XX0.-_yJ4qEe27lU8S47aYPi9iUMbKXRxg35yMAdnE26R6Q/image;s=2048x1536;q=80",,,,,
68156755,dom,NA Sprzedaż Domy Nad Jeziorem październik 2026 r.,105.58,4,,860000,8145,Figowa,Kórnik,Skrzynki,,52.26752,17.06543,,,,https://www.otodom.pl/pl/oferta/na-sprzedaz-domy-nad-jeziorem-pazdziernik-2026-r-ID4BYGw,"https://ireland.apollo.olxcdn.com/v1/files/eyJhbGciOiJIUzI1NiIsInR5cCI6IkpXVCJ9.eyJmbiI6IjBmZTFpNWxyZzFudTItRUNPU1lTVEVNIiwidyI6W3siZm4iOiJlbnZmcXFlMWF5NGsxLUFQTCIsInMiOiIxNiIsImEiOiIwIiwicCI6IjEwLC0xMCJ9XX0._k-QKTq4Ntugd0t5sfa5UHnPjgk78Cb2SXpk6_0HOVE/image;s=2048x1536;q=80,https://ireland.apollo.olxcdn.com/v1/files/eyJhbGciOiJIUzI1NiIsInR5cCI6IkpXVCJ9.eyJmbiI6Imc1aXNsMnVtM2tqNjMtRUNPU1lTVEVNIiwidyI6W3siZm4iOiJlbnZmcXFlMWF5NGsxLUFQTCIsInMiOiIxNiIsImEiOiIwIiwicCI6IjEwLC0xMCJ9XX0.ucv06hafyBPPzlMcgRqQjnQfjs_Lw-1duuf5a_nJlsI/image;s=2048x1536;q=80,https://ireland.apollo.olxcdn.com/v1/files/eyJhbGciOiJIUzI1NiIsInR5cCI6IkpXVCJ9.eyJmbiI6InVkNnZnYTZiZWtmeDItRUNPU1lTVEVNIiwidyI6W3siZm4iOiJlbnZmcXFlMWF5NGsxLUFQTCIsInMiOiIxNiIsImEiOiIwIiwicCI6IjEwLC0xMCJ9XX0.0INwQiMomU8SR8cz1WEc7VG_bDRW-CAp0xQChGKt9FE/image;s=2048x1536;q=80",,,,,
68223793,mieszkanie,Dwupoziomowe 86m² z wyjściem na przestronny taras!,86.1,4,5,860139,9990,Jasielska,Podolany,Poznań,,52.456781,16.887939,,,,https://www.otodom.pl/pl/oferta/dwupoziomowe-86m-z-wyjsciem-na-przestronny-taras-ID4Cg7L,"https://ireland.apollo.olxcdn.com/v1/files/eyJhbGciOiJIUzI1NiIsInR5cCI6IkpXVCJ9.eyJmbiI6ImM5bWNqdG8xajcwNzEtRUNPU1lTVEVNIiwidyI6W3siZm4iOiJlbnZmcXFlMWF5NGsxLUFQTCIsInMiOiIxNiIsImEiOiIwIiwicCI6IjEwLC0xMCJ9XX0.G_bFGVpTayGBBeJM3ixszHhct6BQ3S3i3t-7wXMFr04/image;s=2048x1536;q=80,https://ireland.apollo.olxcdn.com/v1/files/eyJhbGciOiJIUzI1NiIsInR5cCI6IkpXVCJ9.eyJmbiI6IjFqajdvZHk0MWE3MDItRUNPU1lTVEVNIiwidyI6W3siZm4iOiJlbnZmcXFlMWF5NGsxLUFQTCIsInMiOiIxNiIsImEiOiIwIiwicCI6IjEwLC0xMCJ9XX0.530S01Ri08WqAO6gASTkdlKKsI6BO0x8MeNVnz_-OSs/image;s=2048x1536;q=80,https://ireland.apollo.olxcdn.com/v1/files/eyJhbGciOiJIUzI1NiIsInR5cCI6IkpXVCJ9.eyJmbiI6Im1uZWFienZyYXpuNjEtRUNPU1lTVEVNIiwidyI6W3siZm4iOiJlbnZmcXFlMWF5NGsxLUFQTCIsInMiOiIxNiIsImEiOiIwIiwicCI6IjEwLC0xMCJ9XX0.Z0TzhJZVvC5aTcwxmUmU6tjW5qC1X9tGe5vIhtD1A1I/image;s=2048x1536;q=80",,,,,
68433079,mieszkanie,3 pokoje -gotowe mieszkanie w promocyjnej cenie| JASIELSKA 8C,86.1,3,5,860139,9990,JASIELSKA 10C,Podolany,Poznań,,52.443035,16.891833,,,,https://www.otodom.pl/pl/oferta/3-pokoje-gotowe-mieszkanie-w-promocyjnej-cenie-jasielska-8c-ID4D8zl,"https://ireland.apollo.olxcdn.com/v1/files/eyJhbGciOiJIUzI1NiIsInR5cCI6IkpXVCJ9.eyJmbiI6IjBrM2hrNnB2MTR0aC1BUEwiLCJ3IjpbeyJmbiI6ImVudmZxcWUxYXk0azEtQVBMIiwicyI6IjE2IiwiYSI6IjAiLCJwIjoiMTAsLTEwIn1dfQ.v7f4Ajc_K--uCJT_ZT3aNyT-W4bK1VXP0BJdj7x2CHc/image;s=2048x1536;q=80,https://ireland.apollo.olxcdn.com/v1/files/eyJhbGciOiJIUzI1NiIsInR5cCI6IkpXVCJ9.eyJmbiI6Im1kMXB6ZDMzZTA4ZzItQVBMIiwidyI6W3siZm4iOiJlbnZmcXFlMWF5NGsxLUFQTCIsInMiOiIxNiIsImEiOiIwIiwicCI6IjEwLC0xMCJ9XX0.JmEiLACF6JXep5LvHUOOPwO7d77kP9IlnjIqfd4jxak/image;s=2048x1536;q=80,https://ireland.apollo.olxcdn.com/v1/files/eyJhbGciOiJIUzI1NiIsInR5cCI6IkpXVCJ9.eyJmbiI6Ims1N2t2cTc5MnU0NzItQVBMIiwidyI6W3siZm4iOiJlbnZmcXFlMWF5NGsxLUFQTCIsInMiOiIxNiIsImEiOiIwIiwicCI6IjEwLC0xMCJ9XX0.XTkK8-aMeCZBLWNxPwFUj8Uj5pkZcbmYn8CN3Ear85g/image;s=2048x1536;q=80",,,,,
68053951,mieszkanie,Nowoczesne budownictwo 3 pokoje blisko centrum!,70.61,3,5,861442,12200,Lechicka,Piątkowo,Poznań,,52.44339,16.9183,,,,https://www.otodom.pl/pl/oferta/nowoczesne-budownictwo-3-pokoje-blisko-centrum-ID4BxVn,"https://ireland.apollo.olxcdn.com/v1/files/eyJhbGciOiJIUzI1NiIsInR5cCI6IkpXVCJ9.eyJmbiI6IjNvcGowMXY1YzlneDEtQVBMIiwidyI6W3siZm4iOiJlbnZmcXFlMWF5NGsxLUFQTCIsInMiOiIxNiIsImEiOiIwIiwicCI6IjEwLC0xMCJ9XX0.euP5kffzPV_EHdA9i-fF03C1ItlN6-C4oFmUlEvnRhM/image;s=2048x1536;q=80,https://ireland.apollo.olxcdn.com/v1/files/eyJhbGciOiJIUzI1NiIsInR5cCI6IkpXVCJ9.eyJmbiI6InJiOWdiZThiNGVtbjItQVBMIiwidyI6W3siZm4iOiJlbnZmcXFlMWF5NGsxLUFQTCIsInMiOiIxNiIsImEiOiIwIiwicCI6IjEwLC0xMCJ9XX0.0VkPwFswAU8vmPQMwGqu2yPPIGRPL453DoZP_05wqhM/image;s=2048x1536;q=80,https://ireland.apollo.olxcdn.com/v1/files/eyJhbGciOiJIUzI1NiIsInR5cCI6IkpXVCJ9.eyJmbiI6InZrZWZqcjZ0bHIyNy1BUEwiLCJ3IjpbeyJmbiI6ImVudmZxcWUxYXk0azEtQVBMIiwicyI6IjE2IiwiYSI6IjAiLCJwIjoiMTAsLTEwIn1dfQ.fzheJipxgRD-aNwrtL6uP675iUSQ-3flZBk-EcXj5Ag/image;s=2048x1536;q=80",,,,,
96805395100067,mieszkanie,Nowoczesne budownictwo 3 pokoje blisko centrum!,70.61,3,5,861442,12200,Lechicka,Piątkowo,Poznań,,52.44339,16.9183,,,,https://www.otodom.pl/pl/oferta/nowoczesne-budownictwo-3-pokoje-blisko-centrum-ID4BxVn,"https://ireland.apollo.olxcdn.com/v1/files/eyJhbGciOiJIUzI1NiIsInR5cCI6IkpXVCJ9.eyJmbiI6IjNvcGowMXY1YzlneDEtQVBMIiwidyI6W3siZm4iOiJlbnZmcXFlMWF5NGsxLUFQTCIsInMiOiIxNiIsImEiOiIwIiwicCI6IjEwLC0xMCJ9XX0.euP5kffzPV_EHdA9i-fF03C1ItlN6-C4oFmUlEvnRhM/image;s=2048x1536;q=80,https://ireland.apollo.olxcdn.com/v1/files/eyJhbGciOiJIUzI1NiIsInR5cCI6IkpXVCJ9.eyJmbiI6InJiOWdiZThiNGVtbjItQVBMIiwidyI6W3siZm4iOiJlbnZmcXFlMWF5NGsxLUFQTCIsInMiOiIxNiIsImEiOiIwIiwicCI6IjEwLC0xMCJ9XX0.0VkPwFswAU8vmPQMwGqu2yPPIGRPL453DoZP_05wqhM/image;s=2048x1536;q=80,https://ireland.apollo.olxcdn.com/v1/files/eyJhbGciOiJIUzI1NiIsInR5cCI6IkpXVCJ9.eyJmbiI6InZrZWZqcjZ0bHIyNy1BUEwiLCJ3IjpbeyJmbiI6ImVudmZxcWUxYXk0azEtQVBMIiwicyI6IjE2IiwiYSI6IjAiLCJwIjoiMTAsLTEwIn1dfQ.fzheJipxgRD-aNwrtL6uP675iUSQ-3flZBk-EcXj5Ag/image;s=2048x1536;q=80",,,,,
66997174,dom,Stylowe domy w zabudowie bliźniaczej - SPRAWDŹ !,114.87,4,,868876,7564,,Wiry,Wiry,,52.32055,16.8532,,,,https://www.otodom.pl/pl/oferta/stylowe-domy-w-zabudowie-blizniaczej-sprawdz-ID4x71A,"https://ireland.apollo.olxcdn.com/v1/files/eyJhbGciOiJIUzI1NiIsInR5cCI6IkpXVCJ9.eyJmbiI6InV6ODZ4eWt4cGg0czMtQVBMIiwidyI6W3siZm4iOiJlbnZmcXFlMWF5NGsxLUFQTCIsInMiOiIxNiIsImEiOiIwIiwicCI6IjEwLC0xMCJ9XX0.K2FBysGxVNOREcjKg7ck5tOJ25UB36TNK65Ma54r4yQ/image;s=2048x1536;q=80,https://ireland.apollo.olxcdn.com/v1/files/eyJhbGciOiJIUzI1NiIsInR5cCI6IkpXVCJ9.eyJmbiI6ImxsOWRpNmN3MG9ubi1BUEwiLCJ3IjpbeyJmbiI6ImVudmZxcWUxYXk0azEtQVBMIiwicyI6IjE2IiwiYSI6IjAiLCJwIjoiMTAsLTEwIn1dfQ.Fx-tDXnhMqboYLOBYqX4T90A8yD3B6-AZwsJsXAkkaw/image;s=2048x1536;q=80,https://ireland.apollo.olxcdn.com/v1/files/eyJhbGciOiJIUzI1NiIsInR5cCI6IkpXVCJ9.eyJmbiI6Im9yaWJkaGY3d25tMi1BUEwiLCJ3IjpbeyJmbiI6ImVudmZxcWUxYXk0azEtQVBMIiwicyI6IjE2IiwiYSI6IjAiLCJwIjoiMTAsLTEwIn1dfQ.fCIV-W7ph2Do_oShusIqBWvZWtzi60kz5IcQBnkw2x8/image;s=2048x1536;q=80",,,,,
68344803,dom,"Dom, 105,81 m², Mosina",105.81,5,,869000,8213,ul. Juliana Ursyna Niemcewicza,Mosina,Mosina,,52.23388,16.83312,,,,https://www.otodom.pl/pl/oferta/dom-105-81-m-mosina-ID4CLBx,"https://ireland.apollo.olxcdn.com/v1/files/eyJhbGciOiJIUzI1NiIsInR5cCI6IkpXVCJ9.eyJmbiI6Im1wemttaDBnbmM3ZC1BUEwiLCJ3IjpbeyJmbiI6ImVudmZxcWUxYXk0azEtQVBMIiwicyI6IjE2IiwiYSI6IjAiLCJwIjoiMTAsLTEwIn1dfQ.MJNQyi8zSAYlko5z5UTwK20vCOLeZAJZTbDGRXSnUlU/image;s=2048x1536;q=80,https://ireland.apollo.olxcdn.com/v1/files/eyJhbGciOiJIUzI1NiIsInR5cCI6IkpXVCJ9.eyJmbiI6InY0bW9sbHZid2tmZzEtQVBMIiwidyI6W3siZm4iOiJlbnZmcXFlMWF5NGsxLUFQTCIsInMiOiIxNiIsImEiOiIwIiwicCI6IjEwLC0xMCJ9XX0.YBh1OrjOhvRihjkoNmfyAedTR1QOKoM6_TZDD2UOnn0/image;s=2048x1536;q=80,https://ireland.apollo.olxcdn.com/v1/files/eyJhbGciOiJIUzI1NiIsInR5cCI6IkpXVCJ9.eyJmbiI6ImEwdzVudnk3bTZpcDMtQVBMIiwidyI6W3siZm4iOiJlbnZmcXFlMWF5NGsxLUFQTCIsInMiOiIxNiIsImEiOiIwIiwicCI6IjEwLC0xMCJ9XX0.7CWNaP8j3l-UKV3WyoBOzgCQQ_BZvG4AJD19t9gDZ6g/image;s=2048x1536;q=80",,,,,
68234056,dom,NOWY TRAKT – większy lokal 115 m² | Ogród | Pompa ciepła | Rokietnica,115,4,,869000,7557,ul. Trakt Napoleoński,Rokietnica,Rokietnica,,52.5065,16.74027,,,,https://www.otodom.pl/pl/oferta/nowy-trakt-wiekszy-lokal-115-m-ogrod-pompa-ciepla-rokietnica-ID4CiNi,"https://ireland.apollo.olxcdn.com/v1/files/eyJhbGciOiJIUzI1NiIsInR5cCI6IkpXVCJ9.eyJmbiI6ImJ5dW00ZDh2M3NtZDMtQVBMIiwidyI6W3siZm4iOiJlbnZmcXFlMWF5NGsxLUFQTCIsInMiOiIxNiIsImEiOiIwIiwicCI6IjEwLC0xMCJ9XX0.DZ53cZx2nGL2evOd_rFISkCGmQSu6DCEV3HAxzxBKs8/image;s=2048x1536;q=80,https://ireland.apollo.olxcdn.com/v1/files/eyJhbGciOiJIUzI1NiIsInR5cCI6IkpXVCJ9.eyJmbiI6InIybzMzNGxqMnNkYS1BUEwiLCJ3IjpbeyJmbiI6ImVudmZxcWUxYXk0azEtQVBMIiwicyI6IjE2IiwiYSI6IjAiLCJwIjoiMTAsLTEwIn1dfQ.0A93bZLoMaHxFPw1UQGJUqqe_4v4XrOnFCh__P50UU0/image;s=2048x1536;q=80,https://ireland.apollo.olxcdn.com/v1/files/eyJhbGciOiJIUzI1NiIsInR5cCI6IkpXVCJ9.eyJmbiI6Im9pNGc1Y213d3BhZzEtQVBMIiwidyI6W3siZm4iOiJlbnZmcXFlMWF5NGsxLUFQTCIsInMiOiIxNiIsImEiOiIwIiwicCI6IjEwLC0xMCJ9XX0.kA09jBDBgFlJBJwTiLajd8lSBo0D_lIk4JbAI5fTXTw/image;s=2048x1536;q=80",,,,,
53216172,dom,"Dom połowa bliźniaka Czapury ul. Spokojna, 5 pokoi, duża działka",107.35,5,,870000,8104,ul. Spokojna,Czapury,Czapury,,52.31124,16.91214,,,,https://www.otodom.pl/pl/oferta/dom-polowa-blizniaka-czapury-ul-spokojna-5-pokoi-duza-dzialka-ID3BhXm,"https://ireland.apollo.olxcdn.com/v1/files/eyJhbGciOiJIUzI1NiIsInR5cCI6IkpXVCJ9.eyJmbiI6ImZiNHhiZHBpOTAycDItQVBMIiwidyI6W3siZm4iOiJlbnZmcXFlMWF5NGsxLUFQTCIsInMiOiIxNiIsImEiOiIwIiwicCI6IjEwLC0xMCJ9XX0.SFAkYoPg9ElqaR0pANtiOUj5dFZC1FCZkIFzyiv9PXQ/image;s=2048x1536;q=80,https://ireland.apollo.olxcdn.com/v1/files/eyJhbGciOiJIUzI1NiIsInR5cCI6IkpXVCJ9.eyJmbiI6ImkzenprajZ4ZzI0ZDEtQVBMIiwidyI6W3siZm4iOiJlbnZmcXFlMWF5NGsxLUFQTCIsInMiOiIxNiIsImEiOiIwIiwicCI6IjEwLC0xMCJ9XX0.zhyVzpvRJvmeu-q0AFrRBW8Pii8IcpJ1PV-b0eOqAHw/image;s=2048x1536;q=80,https://ireland.apollo.olxcdn.com/v1/files/eyJhbGciOiJIUzI1NiIsInR5cCI6IkpXVCJ9.eyJmbiI6ImJ3djlqOG9oeDFzbDEtQVBMIiwidyI6W3siZm4iOiJlbnZmcXFlMWF5NGsxLUFQTCIsInMiOiIxNiIsImEiOiIwIiwicCI6IjEwLC0xMCJ9XX0.iR6o6ZomeRmFI-sp7pjS3H5HRiudGusNWHSGWggylhc/image;s=2048x1536;q=80",,,,,
68427464,dom,"SKRAJNY SEGMENT | 99,79m² | OGRÓD | 2 MIEJSCA POSTOJOWE | BORÓWIEC",99.79,5,,870000,8718,ul. Deszczowa,Borówiec,,,52.27959,17.03952,,,,https://www.otodom.pl/pl/oferta/skrajny-segment-99-79m-ogrod-2-miejsca-postojowe-borowiec-ID4D76M,"https://ireland.apollo.olxcdn.com/v1/files/eyJhbGciOiJIUzI1NiIsInR5cCI6IkpXVCJ9.eyJmbiI6InBsbWc3cWVhaGg5MzMtQVBMIiwidyI6W3siZm4iOiJlbnZmcXFlMWF5NGsxLUFQTCIsInMiOiIxNiIsImEiOiIwIiwicCI6IjEwLC0xMCJ9XX0.uuj8GYg9HOv4rAQ8cVDoJSEMJT1SjetmTL8FjMGXfxw/image;s=2048x1536;q=80,https://ireland.apollo.olxcdn.com/v1/files/eyJhbGciOiJIUzI1NiIsInR5cCI6IkpXVCJ9.eyJmbiI6ImMwOWxncGxyam02My1BUEwiLCJ3IjpbeyJmbiI6ImVudmZxcWUxYXk0azEtQVBMIiwicyI6IjE2IiwiYSI6IjAiLCJwIjoiMTAsLTEwIn1dfQ.xRNYLWtdHPqTduuRxyu2-7ie5sY3sxmKn9Q3YMVXh7E/image;s=2048x1536;q=80,https://ireland.apollo.olxcdn.com/v1/files/eyJhbGciOiJIUzI1NiIsInR5cCI6IkpXVCJ9.eyJmbiI6Im9oZHgwNGFtdmx6aDEtQVBMIiwidyI6W3siZm4iOiJlbnZmcXFlMWF5NGsxLUFQTCIsInMiOiIxNiIsImEiOiIwIiwicCI6IjEwLC0xMCJ9XX0.wV6CueEGCHdT0V6xMdRr-RAjKzuQIptaQKXOQlhaZDc/image;s=2048x1536;q=80",,,,,
68429547,mieszkanie,>WRÓCIŁO< OSTATNI UKŁAD | Dwustronne 4 pok.+ balkon| Tramwaj,70.61,4,0,870268,12325,,Starołęka Mała,Poznań,,52.37499,16.95113,,,,https://www.otodom.pl/pl/oferta/wrocilo-ostatni-uklad-dwustronne-4-pok-balkon-tramwaj-ID4D7En,"https://ireland.apollo.olxcdn.com/v1/files/eyJhbGciOiJIUzI1NiIsInR5cCI6IkpXVCJ9.eyJmbiI6IjVlejFlMTByeWxlcTMtQVBMIiwidyI6W3siZm4iOiJlbnZmcXFlMWF5NGsxLUFQTCIsInMiOiIxNiIsImEiOiIwIiwicCI6IjEwLC0xMCJ9XX0.9n-H5QkvuAGxiH0YmFRx76jd1EOVlGciMa6ZTCuZWBg/image;s=2048x1536;q=80,https://ireland.apollo.olxcdn.com/v1/files/eyJhbGciOiJIUzI1NiIsInR5cCI6IkpXVCJ9.eyJmbiI6ImNhb2F2d3BpOW1ueTEtQVBMIiwidyI6W3siZm4iOiJlbnZmcXFlMWF5NGsxLUFQTCIsInMiOiIxNiIsImEiOiIwIiwicCI6IjEwLC0xMCJ9XX0.rCVAwt5HhAaLbyatR1rA9-bNYbemd9pSl-3vPmrKav4/image;s=2048x1536;q=80,https://ireland.apollo.olxcdn.com/v1/files/eyJhbGciOiJIUzI1NiIsInR5cCI6IkpXVCJ9.eyJmbiI6IjAxcG1ucXgzd2pwYzItQVBMIiwidyI6W3siZm4iOiJlbnZmcXFlMWF5NGsxLUFQTCIsInMiOiIxNiIsImEiOiIwIiwicCI6IjEwLC0xMCJ9XX0.VUPydy_Oy2-_ciPkbMlmVk5iVg-ojdSt-WObQpONH3g/image;s=2048x1536;q=80",,,,,
68442769,mieszkanie,"4 POKOJE | 70,26 m² | 3 SYPIALNIE | 3 PIĘTRO | BALKON |",70.26,4,3,871565.46,12405,ul. Smardzewska,Raszyn,Poznań,,52.38953,16.85972,,,,https://www.otodom.pl/pl/oferta/4-pokoje-70-26-m-3-sypialnie-3-pietro-balkon-ID4Db5D,"https://ireland.apollo.olxcdn.com/v1/files/eyJhbGciOiJIUzI1NiIsInR5cCI6IkpXVCJ9.eyJmbiI6ImVwMHc4MTA5N3BkNy1BUEwiLCJ3IjpbeyJmbiI6ImVudmZxcWUxYXk0azEtQVBMIiwicyI6IjE2IiwiYSI6IjAiLCJwIjoiMTAsLTEwIn1dfQ.5RUyUGsW12z3G-sSwT43fdnbBFpFddvUodUjv7cFKCU/image;s=2048x1536;q=80,https://ireland.apollo.olxcdn.com/v1/files/eyJhbGciOiJIUzI1NiIsInR5cCI6IkpXVCJ9.eyJmbiI6IndtYWpkdDh4Z3J1ZTItQVBMIiwidyI6W3siZm4iOiJlbnZmcXFlMWF5NGsxLUFQTCIsInMiOiIxNiIsImEiOiIwIiwicCI6IjEwLC0xMCJ9XX0.DWGb1dsC3xI_c5s2UkPmCiMLpSmo5mA-9TAmx-DtF5o/image;s=2048x1536;q=80,https://ireland.apollo.olxcdn.com/v1/files/eyJhbGciOiJIUzI1NiIsInR5cCI6IkpXVCJ9.eyJmbiI6InVoamJrZXc2c3g2NTMtQVBMIiwidyI6W3siZm4iOiJlbnZmcXFlMWF5NGsxLUFQTCIsInMiOiIxNiIsImEiOiIwIiwicCI6IjEwLC0xMCJ9XX0.p8o-PrnAbkQJU4pU70uhQANdLP8VndyUt86F3AVK9AM/image;s=2048x1536;q=80",,,,,
66416733,mieszkanie,3-pokojowe mieszkanie 80m2 + loggia Bez Prowizji,80.71,3,2,871668,10800,ul. Piątkowska,Winiary,Poznań,Witosa Park,52.43822,16.90979,,,,https://www.otodom.pl/pl/oferta/3-pokojowe-mieszkanie-80m2-loggia-bez-prowizji-ID4uG1D,"https://ireland.apollo.olxcdn.com/v1/files/eyJhbGciOiJIUzI1NiIsInR5cCI6IkpXVCJ9.eyJmbiI6Imh5OTBjeml1Z2d1di1FQ09TWVNURU0iLCJ3IjpbeyJmbiI6ImVudmZxcWUxYXk0azEtQVBMIiwicyI6IjE2IiwiYSI6IjAiLCJwIjoiMTAsLTEwIn1dfQ.Q4xDMEnFA8lBJMf0LL543YfzR5lyTyNaprnAh_CNHSM/image;s=2048x1536;q=80,https://ireland.apollo.olxcdn.com/v1/files/eyJhbGciOiJIUzI1NiIsInR5cCI6IkpXVCJ9.eyJmbiI6ImZncmprcXRxZGwyMi1FQ09TWVNURU0iLCJ3IjpbeyJmbiI6ImVudmZxcWUxYXk0azEtQVBMIiwicyI6IjE2IiwiYSI6IjAiLCJwIjoiMTAsLTEwIn1dfQ.k3TuBkD7LCrIhZfJY0A5Y3eqI8CAQyZSbWG_x-c3SyE/image;s=2048x1536;q=80,https://ireland.apollo.olxcdn.com/v1/files/eyJhbGciOiJIUzI1NiIsInR5cCI6IkpXVCJ9.eyJmbiI6InV6Z3g3YzBobGg1cDItRUNPU1lTVEVNIiwidyI6W3siZm4iOiJlbnZmcXFlMWF5NGsxLUFQTCIsInMiOiIxNiIsImEiOiIwIiwicCI6IjEwLC0xMCJ9XX0.FfLsWr-JzpVn75DVxJ9MD24YzTSw-O2T7EVFdyxEva4/image;s=2048x1536;q=80",,,,,
66801215,dom,Promno Park_27,102.63,4,,872355,8500,ul.Rzepichy,Promno-Stacja,,Promno Park,52.47224,17.21312,,,,https://www.otodom.pl/pl/oferta/promno-park-27-ID4vi2X,"https://ireland.apollo.olxcdn.com/v1/files/eyJhbGciOiJIUzI1NiIsInR5cCI6IkpXVCJ9.eyJmbiI6InFzMzMzbXE1c3JyZTEtQVBMIiwidyI6W3siZm4iOiJlbnZmcXFlMWF5NGsxLUFQTCIsInMiOiIxNiIsImEiOiIwIiwicCI6IjEwLC0xMCJ9XX0.vFm2vnH97jJSueUyZrrGop_5SQWoUlM2_4kYwtcy_Nw/image;s=2048x1536;q=80,https://ireland.apollo.olxcdn.com/v1/files/eyJhbGciOiJIUzI1NiIsInR5cCI6IkpXVCJ9.eyJmbiI6IjJvdm5qeXk2ZTdsdzItQVBMIiwidyI6W3siZm4iOiJlbnZmcXFlMWF5NGsxLUFQTCIsInMiOiIxNiIsImEiOiIwIiwicCI6IjEwLC0xMCJ9XX0.crPWtBUWRz-nRi99R5S6yYS4coX3yxLsegU3s1ECuls/image;s=2048x1536;q=80,https://ireland.apollo.olxcdn.com/v1/files/eyJhbGciOiJIUzI1NiIsInR5cCI6IkpXVCJ9.eyJmbiI6InRzbTYwbHhnNzRzNjMtQVBMIiwidyI6W3siZm4iOiJlbnZmcXFlMWF5NGsxLUFQTCIsInMiOiIxNiIsImEiOiIwIiwicCI6IjEwLC0xMCJ9XX0.6lig0YV7mMCPbsQP4MlqR4857SqFweStLJ6PwahXyYY/image;s=2048x1536;q=80",,,,,
68443833,mieszkanie,3 pokoje - Dwustronne - Ogródek!,73.89,3,0,878464,11889,Klemensa Janickiego,Jeżyce,Poznań,,52.41706,16.89563,,,,https://www.otodom.pl/pl/oferta/3-pokoje-dwustronne-ogrodek-ID4DbmN,"https://ireland.apollo.olxcdn.com/v1/files/eyJhbGciOiJIUzI1NiIsInR5cCI6IkpXVCJ9.eyJmbiI6InM2bHhycnJqczFjbTItRUNPU1lTVEVNIiwidyI6W3siZm4iOiJlbnZmcXFlMWF5NGsxLUFQTCIsInMiOiIxNiIsImEiOiIwIiwicCI6IjEwLC0xMCJ9XX0.cJjXgIHINtwzBPMtX_gATaJe2TxxCQTwvpDS48sLH18/image;s=2048x1536;q=80,https://ireland.apollo.olxcdn.com/v1/files/eyJhbGciOiJIUzI1NiIsInR5cCI6IkpXVCJ9.eyJmbiI6Inp0cW8wNzNqb2loNDEtRUNPU1lTVEVNIiwidyI6W3siZm4iOiJlbnZmcXFlMWF5NGsxLUFQTCIsInMiOiIxNiIsImEiOiIwIiwicCI6IjEwLC0xMCJ9XX0.VY-TbNlFLOavnyiA59kqaBr14EKGVKxwcOZHFcUbpLc/image;s=2048x1536;q=80,https://ireland.apollo.olxcdn.com/v1/files/eyJhbGciOiJIUzI1NiIsInR5cCI6IkpXVCJ9.eyJmbiI6ImEyZ3VpMWg5bmtvOTEtRUNPU1lTVEVNIiwidyI6W3siZm4iOiJlbnZmcXFlMWF5NGsxLUFQTCIsInMiOiIxNiIsImEiOiIwIiwicCI6IjEwLC0xMCJ9XX0.SNvLM3XZRjAn9hlR_dI1jzie_fnkP5sPT0_qBxqlZRE/image;s=2048x1536;q=80",,,,,
68305960,mieszkanie,Wygodne domy na Szczepankowie,111.82,5,0,879000,7861,Przyjazna,Spławie,Poznań,,52.34628,17.02224,,,,https://www.otodom.pl/pl/oferta/wygodne-domy-na-szczepankowie-ID4CBw2,"https://ireland.apollo.olxcdn.com/v1/files/eyJhbGciOiJIUzI1NiIsInR5cCI6IkpXVCJ9.eyJmbiI6ImlpeDF3azJzc3hkcDMtRUNPU1lTVEVNIiwidyI6W3siZm4iOiJlbnZmcXFlMWF5NGsxLUFQTCIsInMiOiIxNiIsImEiOiIwIiwicCI6IjEwLC0xMCJ9XX0.qJyV_a_oWtqSyVot3dZztWPJOwjn_6WSY9Ks8t2cK34/image;s=2048x1536;q=80,https://ireland.apollo.olxcdn.com/v1/files/eyJhbGciOiJIUzI1NiIsInR5cCI6IkpXVCJ9.eyJmbiI6InI2ajFjN3VuaW5rbzMtRUNPU1lTVEVNIiwidyI6W3siZm4iOiJlbnZmcXFlMWF5NGsxLUFQTCIsInMiOiIxNiIsImEiOiIwIiwicCI6IjEwLC0xMCJ9XX0.tn3631OlVZmLvExOoRRBkAITz7h9AkhvAW5To5DeYlE/image;s=2048x1536;q=80,https://ireland.apollo.olxcdn.com/v1/files/eyJhbGciOiJIUzI1NiIsInR5cCI6IkpXVCJ9.eyJmbiI6InQ1Z28yMGticGNpNTItRUNPU1lTVEVNIiwidyI6W3siZm4iOiJlbnZmcXFlMWF5NGsxLUFQTCIsInMiOiIxNiIsImEiOiIwIiwicCI6IjEwLC0xMCJ9XX0.0hgGnWtq-aXAzRkCm4lBuyvqDXBOgydMbxmYDWLIkU4/image;s=2048x1536;q=80",,,,,
68004142,mieszkanie,4-pokojowe mieszkanie 73m2 + loggia Bez Prowizji,73.42,4,5,880612,11994,ul. Wagrowska,Starołęka Mała,Poznań,Panoramiqa 2,52.37622,16.95347,,,,https://www.otodom.pl/pl/oferta/4-pokojowe-mieszkanie-73m2-loggia-bez-prowizji-ID4BkZ0,"https://ireland.apollo.olxcdn.com/v1/files/eyJhbGciOiJIUzI1NiIsInR5cCI6IkpXVCJ9.eyJmbiI6Im8xNzRrNWd2YnhuazItRUNPU1lTVEVNIiwidyI6W3siZm4iOiJlbnZmcXFlMWF5NGsxLUFQTCIsInMiOiIxNiIsImEiOiIwIiwicCI6IjEwLC0xMCJ9XX0.hEQJbW4iVQkeJc7vubxnnrHL_kEfcuCvnCNZMmjE5q8/image;s=2048x1536;q=80,https://ireland.apollo.olxcdn.com/v1/files/eyJhbGciOiJIUzI1NiIsInR5cCI6IkpXVCJ9.eyJmbiI6Ijh0NXVrMXFhc3A0djItRUNPU1lTVEVNIiwidyI6W3siZm4iOiJlbnZmcXFlMWF5NGsxLUFQTCIsInMiOiIxNiIsImEiOiIwIiwicCI6IjEwLC0xMCJ9XX0.1Rb5kjB4p5vOI6M5TG2ymmvNSSy0jmIcN8NU-w0bqBY/image;s=2048x1536;q=80,https://ireland.apollo.olxcdn.com/v1/files/eyJhbGciOiJIUzI1NiIsInR5cCI6IkpXVCJ9.eyJmbiI6Inp4dTB0ZzZ2enkxZTItRUNPU1lTVEVNIiwidyI6W3siZm4iOiJlbnZmcXFlMWF5NGsxLUFQTCIsInMiOiIxNiIsImEiOiIwIiwicCI6IjEwLC0xMCJ9XX0.xWLexX5jBLalYg2jiFXyHsSy1-m4AgimgKH7jEpO2WQ/image;s=2048x1536;q=80",,,,,
68308854,dom,"Nowoczesny bliźniak z garażem, 4 sypialnie, garderoba. Światłowód!",138,5,,885000,6413,Agatowa,Sierosław,,,52.41226,16.68121,,,,https://www.otodom.pl/pl/oferta/nowoczesny-blizniak-z-garazem-4-sypialnie-garderoba-swiatlowod-ID4CCfI,"https://ireland.apollo.olxcdn.com/v1/files/eyJhbGciOiJIUzI1NiIsInR5cCI6IkpXVCJ9.eyJmbiI6Imlja3VseW81bGdldTMtQVBMIiwidyI6W3siZm4iOiJlbnZmcXFlMWF5NGsxLUFQTCIsInMiOiIxNiIsImEiOiIwIiwicCI6IjEwLC0xMCJ9XX0.g-obxeHqyzMgpe7S-WO255JhZDJkZLvhivtLFkIkV7c/image;s=2048x1536;q=80,https://ireland.apollo.olxcdn.com/v1/files/eyJhbGciOiJIUzI1NiIsInR5cCI6IkpXVCJ9.eyJmbiI6Ijk0OXdsd2YzZnE4cTMtQVBMIiwidyI6W3siZm4iOiJlbnZmcXFlMWF5NGsxLUFQTCIsInMiOiIxNiIsImEiOiIwIiwicCI6IjEwLC0xMCJ9XX0.rpa3MIwrdyhy7sSYRSBB6sFXu685Bs4is_7RBSArHsg/image;s=2048x1536;q=80,https://ireland.apollo.olxcdn.com/v1/files/eyJhbGciOiJIUzI1NiIsInR5cCI6IkpXVCJ9.eyJmbiI6Ijl0aWY0eHJvZHp0Zy1BUEwiLCJ3IjpbeyJmbiI6ImVudmZxcWUxYXk0azEtQVBMIiwicyI6IjE2IiwiYSI6IjAiLCJwIjoiMTAsLTEwIn1dfQ.7MmWzoHIkdt6w16yXG5ogWj--FH6AjKjR70ETw7wiRY/image;s=2048x1536;q=80",,,,,
67952287,dom,Nowoczesny dom z panoramicznym widokiem,122.64,5,,885000,7216,Wilka 45,Sierosław,Sierosław,,52.41073,16.66923,,,,https://www.otodom.pl/pl/oferta/nowoczesny-dom-z-panoramicznym-widokiem-ID4B7uD,"https://ireland.apollo.olxcdn.com/v1/files/eyJhbGciOiJIUzI1NiIsInR5cCI6IkpXVCJ9.eyJmbiI6ImJtZHAwcGk0Z2htczEtQVBMIiwidyI6W3siZm4iOiJlbnZmcXFlMWF5NGsxLUFQTCIsInMiOiIxNiIsImEiOiIwIiwicCI6IjEwLC0xMCJ9XX0.YymEl9YTsoGYHZ6KDe74H1ZYYOWpX8qekobgxj_85zo/image;s=2048x1536;q=80,https://ireland.apollo.olxcdn.com/v1/files/eyJhbGciOiJIUzI1NiIsInR5cCI6IkpXVCJ9.eyJmbiI6IjY3M2d0YXJvMGJvYjEtQVBMIiwidyI6W3siZm4iOiJlbnZmcXFlMWF5NGsxLUFQTCIsInMiOiIxNiIsImEiOiIwIiwicCI6IjEwLC0xMCJ9XX0.irwaOYRWdJEsWtxfMZAIxDa8k9rzaxT5FarTQMlBdRg/image;s=2048x1536;q=80,https://ireland.apollo.olxcdn.com/v1/files/eyJhbGciOiJIUzI1NiIsInR5cCI6IkpXVCJ9.eyJmbiI6Ijl6emJteHAzbGEzYi1BUEwiLCJ3IjpbeyJmbiI6ImVudmZxcWUxYXk0azEtQVBMIiwicyI6IjE2IiwiYSI6IjAiLCJwIjoiMTAsLTEwIn1dfQ.mp6SF_diD77adTvWR2L1wOUm85ys2nXzTdN-VDJaS7Y/image;s=2048x1536;q=80",,,,,
68436125,mieszkanie,Gotowe do odbioru | Poddasze | Ogród | Dwa miejsca,83.45,4,0,885127,10607,,Strzeszyn,Poznań,,52.460139,16.866163,,,,https://www.otodom.pl/pl/oferta/gotowe-do-odbioru-poddasze-ogrod-dwa-miejsca-ID4D9mt,"https://ireland.apollo.olxcdn.com/v1/files/eyJhbGciOiJIUzI1NiIsInR5cCI6IkpXVCJ9.eyJmbiI6InNyeDlidGZxeGlrejEtQVBMIiwidyI6W3siZm4iOiJlbnZmcXFlMWF5NGsxLUFQTCIsInMiOiIxNiIsImEiOiIwIiwicCI6IjEwLC0xMCJ9XX0.RLVE7c9aXprrGryzMFv3A43gzu3ETNRxCnJ6PuNAT-g/image;s=2048x1536;q=80,https://ireland.apollo.olxcdn.com/v1/files/eyJhbGciOiJIUzI1NiIsInR5cCI6IkpXVCJ9.eyJmbiI6InM2ajZ5Zzl4bTVwYi1BUEwiLCJ3IjpbeyJmbiI6ImVudmZxcWUxYXk0azEtQVBMIiwicyI6IjE2IiwiYSI6IjAiLCJwIjoiMTAsLTEwIn1dfQ.7i1mAQ8SgVdQP9VjcvcuqLvuel7FETDiLXNzTGztg7E/image;s=2048x1536;q=80,https://ireland.apollo.olxcdn.com/v1/files/eyJhbGciOiJIUzI1NiIsInR5cCI6IkpXVCJ9.eyJmbiI6Ijc1NzhlamdmdnpzZi1BUEwiLCJ3IjpbeyJmbiI6ImVudmZxcWUxYXk0azEtQVBMIiwicyI6IjE2IiwiYSI6IjAiLCJwIjoiMTAsLTEwIn1dfQ.cLhCUieECQrlMpxmi7fObcWKdC2CtsQhC2EGYO4tkyg/image;s=2048x1536;q=80",,,,,
67967902,mieszkanie,4-pokojowe mieszkanie 72m2 + balkon Bezpośrednio,72.09,4,6,886707,12300,ul. Unii Lubelskiej 8,Starołęka Mała,Poznań,Przy Unii,52.373298,16.947588,,,,https://www.otodom.pl/pl/oferta/4-pokojowe-mieszkanie-72m2-balkon-bezposrednio-ID4Bbyu,"https://ireland.apollo.olxcdn.com/v1/files/eyJhbGciOiJIUzI1NiIsInR5cCI6IkpXVCJ9.eyJmbiI6Imtkcng3ejh1N3l0dTMtRUNPU1lTVEVNIiwidyI6W3siZm4iOiJlbnZmcXFlMWF5NGsxLUFQTCIsInMiOiIxNiIsImEiOiIwIiwicCI6IjEwLC0xMCJ9XX0.dnMRGiv3L_KD5RaGuA5Z_rQejFk-WqPpci29hO7mJkc/image;s=2048x1536;q=80,https://ireland.apollo.olxcdn.com/v1/files/eyJhbGciOiJIUzI1NiIsInR5cCI6IkpXVCJ9.eyJmbiI6IjU5MGg0d2V1OGV2OTItRUNPU1lTVEVNIiwidyI6W3siZm4iOiJlbnZmcXFlMWF5NGsxLUFQTCIsInMiOiIxNiIsImEiOiIwIiwicCI6IjEwLC0xMCJ9XX0.T4KYrZtygi62wgLG55LDtgD-mEUYgu7vfADRiLGmqBQ/image;s=2048x1536;q=80,https://ireland.apollo.olxcdn.com/v1/files/eyJhbGciOiJIUzI1NiIsInR5cCI6IkpXVCJ9.eyJmbiI6Inp2bW5lZ25saHpyNDMtRUNPU1lTVEVNIiwidyI6W3siZm4iOiJlbnZmcXFlMWF5NGsxLUFQTCIsInMiOiIxNiIsImEiOiIwIiwicCI6IjEwLC0xMCJ9XX0.YoYqRlzrlUP4skYRTAo4QWxdKUl2QFJl-RpiI1FfY4w/image;s=2048x1536;q=80",,,,,
68400579,mieszkanie,"4-pokojowe mieszkanie | 76,82 m² | 2 loggie | 3 piętro | Rataje",76.82,4,3,887000,11546,,Żegrze,Poznań,,52.373811,16.975021,,,,https://www.otodom.pl/pl/oferta/4-pokojowe-mieszkanie-76-82-m-2-loggie-3-pietro-rataje-ID4D079,"https://ireland.apollo.olxcdn.com/v1/files/eyJhbGciOiJIUzI1NiIsInR5cCI6IkpXVCJ9.eyJmbiI6InRuZTNrcHA4Nnl6bjItQVBMIiwidyI6W3siZm4iOiJlbnZmcXFlMWF5NGsxLUFQTCIsInMiOiIxNiIsImEiOiIwIiwicCI6IjEwLC0xMCJ9XX0.wGAjQIxNGsOkBSOTP0d4q0yQ4DEXE4NGLvz3SlFmhm0/image;s=2048x1536;q=80,https://ireland.apollo.olxcdn.com/v1/files/eyJhbGciOiJIUzI1NiIsInR5cCI6IkpXVCJ9.eyJmbiI6Ijg4Yzl1MWVtN3RwMjItQVBMIiwidyI6W3siZm4iOiJlbnZmcXFlMWF5NGsxLUFQTCIsInMiOiIxNiIsImEiOiIwIiwicCI6IjEwLC0xMCJ9XX0.tv3_BeZOWm3yBv1oJu8_W87Zlo8jQeynnlBEF_6r61I/image;s=2048x1536;q=80,https://ireland.apollo.olxcdn.com/v1/files/eyJhbGciOiJIUzI1NiIsInR5cCI6IkpXVCJ9.eyJmbiI6Ijczb2NodGs5MTlvcy1BUEwiLCJ3IjpbeyJmbiI6ImVudmZxcWUxYXk0azEtQVBMIiwicyI6IjE2IiwiYSI6IjAiLCJwIjoiMTAsLTEwIn1dfQ.ik27bWLEnhV0xQ7k7LSreRQAjZqZTPnr1ldFq3UVnnc/image;s=2048x1536;q=80",,,,,
66332598,mieszkanie,4-pokojowe mieszkanie 87m2 + taras Bez Pośredników,87.49,4,4,888334,10154,Bielicowa,Naramowice,Poznań,Naramowice Odnova,52.44846,16.96199,,,,https://www.otodom.pl/pl/oferta/4-pokojowe-mieszkanie-87m2-taras-bez-posrednikow-ID4uk8C,"https://ireland.apollo.olxcdn.com/v1/files/eyJhbGciOiJIUzI1NiIsInR5cCI6IkpXVCJ9.eyJmbiI6ImY1ajVsOG83NDZsdDEtRUNPU1lTVEVNIiwidyI6W3siZm4iOiJlbnZmcXFlMWF5NGsxLUFQTCIsInMiOiIxNiIsImEiOiIwIiwicCI6IjEwLC0xMCJ9XX0.OFLBJBUUJZTpEBw6gEdDvpVcIExIxabkYZUHuvD5oWE/image;s=2048x1536;q=80,https://ireland.apollo.olxcdn.com/v1/files/eyJhbGciOiJIUzI1NiIsInR5cCI6IkpXVCJ9.eyJmbiI6Img1cXN6dWoydXZpMzItRUNPU1lTVEVNIiwidyI6W3siZm4iOiJlbnZmcXFlMWF5NGsxLUFQTCIsInMiOiIxNiIsImEiOiIwIiwicCI6IjEwLC0xMCJ9XX0.awGn23iGs4pv0X1dxHkjFICmCOrrrEul03A4GdtR4l8/image;s=2048x1536;q=80,https://ireland.apollo.olxcdn.com/v1/files/eyJhbGciOiJIUzI1NiIsInR5cCI6IkpXVCJ9.eyJmbiI6IjI3MGkwd24yOWRpZzItRUNPU1lTVEVNIiwidyI6W3siZm4iOiJlbnZmcXFlMWF5NGsxLUFQTCIsInMiOiIxNiIsImEiOiIwIiwicCI6IjEwLC0xMCJ9XX0.UJjbTBUx3g2JXhzMbcSNDGXXVlbQw3RNI5guAldk7mk/image;s=2048x1536;q=80",,,,,
68487416,dom,✅Borówiec/ Działka 500 m2 /Rezerwacja✅,112.2,4,,898000,8004,Zapomniana,Kamionki,Borówiec,,52.277454,17.023775,,,,https://www.otodom.pl/pl/oferta/borowiec-dzialka-500-m2-rezerwacja-ID4DmHK,"https://ireland.apollo.olxcdn.com/v1/files/eyJhbGciOiJIUzI1NiIsInR5cCI6IkpXVCJ9.eyJmbiI6InlkZWdhejBqaGoydDItRUNPU1lTVEVNIiwidyI6W3siZm4iOiJlbnZmcXFlMWF5NGsxLUFQTCIsInMiOiIxNiIsImEiOiIwIiwicCI6IjEwLC0xMCJ9XX0.ZcdDRMqhFwRi8OIgCq1gDywHCsAcSU0eg37tDqgxCl4/image;s=2048x1536;q=80,https://ireland.apollo.olxcdn.com/v1/files/eyJhbGciOiJIUzI1NiIsInR5cCI6IkpXVCJ9.eyJmbiI6ImM3ZW83dm5mY2lvNzEtRUNPU1lTVEVNIiwidyI6W3siZm4iOiJlbnZmcXFlMWF5NGsxLUFQTCIsInMiOiIxNiIsImEiOiIwIiwicCI6IjEwLC0xMCJ9XX0.jXfDYOR4QvginQjL3i6OW8dPwoc9S2drneC_t3wwVRc/image;s=2048x1536;q=80,https://ireland.apollo.olxcdn.com/v1/files/eyJhbGciOiJIUzI1NiIsInR5cCI6IkpXVCJ9.eyJmbiI6IjRsOTdjYXIwaGI2YjItRUNPU1lTVEVNIiwidyI6W3siZm4iOiJlbnZmcXFlMWF5NGsxLUFQTCIsInMiOiIxNiIsImEiOiIwIiwicCI6IjEwLC0xMCJ9XX0.8UksCD_P5FxLmXynTjjQmLGM_o73Ho88xrUModF_h-k/image;s=2048x1536;q=80",,,,,
68413915,dom,Dom przy lesie dz. 500 m2 dla lokalu w Borówcu,106.7,4,,898000,8416,Zapomniana,Borówiec,Borówiec,,52.27746,17.02377,,,,https://www.otodom.pl/pl/oferta/dom-przy-lesie-dz-500-m2-dla-lokalu-w-borowcu-ID4D3Af,"https://ireland.apollo.olxcdn.com/v1/files/eyJhbGciOiJIUzI1NiIsInR5cCI6IkpXVCJ9.eyJmbiI6Imd0cmdxM2NyNWR5dS1FQ09TWVNURU0iLCJ3IjpbeyJmbiI6ImVudmZxcWUxYXk0azEtQVBMIiwicyI6IjE2IiwiYSI6IjAiLCJwIjoiMTAsLTEwIn1dfQ.D5c6ckWIOM8wgdjp79XwSoaKX-EucV_73PXIfhRo4vg/image;s=2048x1536;q=80,https://ireland.apollo.olxcdn.com/v1/files/eyJhbGciOiJIUzI1NiIsInR5cCI6IkpXVCJ9.eyJmbiI6InVkdTh1eHdkdjE0ci1FQ09TWVNURU0iLCJ3IjpbeyJmbiI6ImVudmZxcWUxYXk0azEtQVBMIiwicyI6IjE2IiwiYSI6IjAiLCJwIjoiMTAsLTEwIn1dfQ.C5xXIbZRwTNb42T8KyHzKQj_L9ZwEOnf1WzT-g_XORI/image;s=2048x1536;q=80,https://ireland.apollo.olxcdn.com/v1/files/eyJhbGciOiJIUzI1NiIsInR5cCI6IkpXVCJ9.eyJmbiI6InFpNGp3YjJueGF2NS1FQ09TWVNURU0iLCJ3IjpbeyJmbiI6ImVudmZxcWUxYXk0azEtQVBMIiwicyI6IjE2IiwiYSI6IjAiLCJwIjoiMTAsLTEwIn1dfQ.ehI4jZf7nc0O-YZGeqD4YqFqzcsRWftJF1Zn6XvaSH4/image;s=2048x1536;q=80",,,,,
68478699,dom,✅Borówiec/ Działka 500 m2 /Rezerwacja✅,112.2,4,,898000,8004,Zapomniana,Kamionki,Borówiec,,52.277454,17.023775,,,,https://www.otodom.pl/pl/oferta/white-check-markborowiec-dzialka-500-m2-rezerwacjawhite-check-mark-ID4Dkr9,"https://ireland.apollo.olxcdn.com/v1/files/eyJhbGciOiJIUzI1NiIsInR5cCI6IkpXVCJ9.eyJmbiI6ImJxYnhrc3owazFqdjItRUNPU1lTVEVNIiwidyI6W3siZm4iOiJlbnZmcXFlMWF5NGsxLUFQTCIsInMiOiIxNiIsImEiOiIwIiwicCI6IjEwLC0xMCJ9XX0.N2Lh5iGEYdBGtvQoF-NpcdtjNprXW5br3mPFNpRaKSk/image;s=2048x1536;q=80,https://ireland.apollo.olxcdn.com/v1/files/eyJhbGciOiJIUzI1NiIsInR5cCI6IkpXVCJ9.eyJmbiI6InNtdjU5MmhzM2x2ODEtRUNPU1lTVEVNIiwidyI6W3siZm4iOiJlbnZmcXFlMWF5NGsxLUFQTCIsInMiOiIxNiIsImEiOiIwIiwicCI6IjEwLC0xMCJ9XX0.wShXAW9-94LBVIRXsneqqd7Ufbvm4ZRRTtUBWb-veNE/image;s=2048x1536;q=80,https://ireland.apollo.olxcdn.com/v1/files/eyJhbGciOiJIUzI1NiIsInR5cCI6IkpXVCJ9.eyJmbiI6Im14eDFpbG14N3JyczMtRUNPU1lTVEVNIiwidyI6W3siZm4iOiJlbnZmcXFlMWF5NGsxLUFQTCIsInMiOiIxNiIsImEiOiIwIiwicCI6IjEwLC0xMCJ9XX0.F7hIXkvNf6axxOZaAo_BxFfHXGLbLFk_DCezGT2Qoi4/image;s=2048x1536;q=80",,,,,
68414109,dom,✅Borówiec/ Działka 500 m2 /Rezerwacja✅,112.2,4,,898000,8004,Zapomniana,Kamionki,Borówiec,,52.276726,17.023288,,,,https://www.otodom.pl/pl/oferta/white-check-markborowiec-dzialka-500-m2-rezerwacjawhite-check-mark-ID4D3Dn,"https://ireland.apollo.olxcdn.com/v1/files/eyJhbGciOiJIUzI1NiIsInR5cCI6IkpXVCJ9.eyJmbiI6Ijh1aXYwNXk0YnZxYy1FQ09TWVNURU0iLCJ3IjpbeyJmbiI6ImVudmZxcWUxYXk0azEtQVBMIiwicyI6IjE2IiwiYSI6IjAiLCJwIjoiMTAsLTEwIn1dfQ.ULSm8uvxxIpSwccFZ9Txe17vr9AjxpuD0MJ94wqhcSk/image;s=2048x1536;q=80,https://ireland.apollo.olxcdn.com/v1/files/eyJhbGciOiJIUzI1NiIsInR5cCI6IkpXVCJ9.eyJmbiI6InE5bTVudGF0YTF6ejItRUNPU1lTVEVNIiwidyI6W3siZm4iOiJlbnZmcXFlMWF5NGsxLUFQTCIsInMiOiIxNiIsImEiOiIwIiwicCI6IjEwLC0xMCJ9XX0.2s5qWkSyu5mIjjD5QEhO5Omg0xVqv72L-JBN2vsphig/image;s=2048x1536;q=80,https://ireland.apollo.olxcdn.com/v1/files/eyJhbGciOiJIUzI1NiIsInR5cCI6IkpXVCJ9.eyJmbiI6InBzZXNkeTNlcGMweDItRUNPU1lTVEVNIiwidyI6W3siZm4iOiJlbnZmcXFlMWF5NGsxLUFQTCIsInMiOiIxNiIsImEiOiIwIiwicCI6IjEwLC0xMCJ9XX0._MqRJxShLfNhwGEGLcL0mH0nmfjGZwRiEkVpdhrFObk/image;s=2048x1536;q=80",,,,,
68414108,dom,✅Borówiec/ Działka 500 m2 /Piec Gazowy✅,112.2,4,,898000,8004,Zapomniana,Kamionki,Borówiec,,52.276726,17.023288,,,,https://www.otodom.pl/pl/oferta/white-check-markborowiec-dzialka-500-m2-piec-gazowywhite-check-mark-ID4D3Dm,"https://ireland.apollo.olxcdn.com/v1/files/eyJhbGciOiJIUzI1NiIsInR5cCI6IkpXVCJ9.eyJmbiI6InlwNDkzemszNWt0MDEtRUNPU1lTVEVNIiwidyI6W3siZm4iOiJlbnZmcXFlMWF5NGsxLUFQTCIsInMiOiIxNiIsImEiOiIwIiwicCI6IjEwLC0xMCJ9XX0.K7AS9EUgdBvc8_YT8npnGywf5XwzgrisroEX659v2kM/image;s=2048x1536;q=80,https://ireland.apollo.olxcdn.com/v1/files/eyJhbGciOiJIUzI1NiIsInR5cCI6IkpXVCJ9.eyJmbiI6IjQ1YWhzdHVlMG80ci1FQ09TWVNURU0iLCJ3IjpbeyJmbiI6ImVudmZxcWUxYXk0azEtQVBMIiwicyI6IjE2IiwiYSI6IjAiLCJwIjoiMTAsLTEwIn1dfQ.O7v5vr4CjxhL-7zNYa8usMRpY6DyUJBB2jELFzS7G90/image;s=2048x1536;q=80,https://ireland.apollo.olxcdn.com/v1/files/eyJhbGciOiJIUzI1NiIsInR5cCI6IkpXVCJ9.eyJmbiI6InF6bDU5OHR0N3FvOS1FQ09TWVNURU0iLCJ3IjpbeyJmbiI6ImVudmZxcWUxYXk0azEtQVBMIiwicyI6IjE2IiwiYSI6IjAiLCJwIjoiMTAsLTEwIn1dfQ.LwwflEIRveJXE18lBQLtBExZy_ZmW_cG2dXFDkl7lHk/image;s=2048x1536;q=80",,,,,
68413000,dom,✅Borówiec/ Działka 500 m2 /Piec Gazowy✅,112.2,4,,898000,8004,Zapomniana,Kamionki,Borówiec,,52.276726,17.023288,,,,https://www.otodom.pl/pl/oferta/white-check-markborowiec-dzialka-500-m2-piec-gazowywhite-check-mark-ID4D3lu,"https://ireland.apollo.olxcdn.com/v1/files/eyJhbGciOiJIUzI1NiIsInR5cCI6IkpXVCJ9.eyJmbiI6InlvMmxmcmo1em5lMzEtRUNPU1lTVEVNIiwidyI6W3siZm4iOiJlbnZmcXFlMWF5NGsxLUFQTCIsInMiOiIxNiIsImEiOiIwIiwicCI6IjEwLC0xMCJ9XX0.I6B2CYGvCHWv_yvxhQDEiVCukYNgNQmZHaJEh4pNV-M/image;s=2048x1536;q=80,https://ireland.apollo.olxcdn.com/v1/files/eyJhbGciOiJIUzI1NiIsInR5cCI6IkpXVCJ9.eyJmbiI6ImE5ZnhwMjQwbGt6MzItRUNPU1lTVEVNIiwidyI6W3siZm4iOiJlbnZmcXFlMWF5NGsxLUFQTCIsInMiOiIxNiIsImEiOiIwIiwicCI6IjEwLC0xMCJ9XX0.J9bVPJ2Q76cdV9yH_nr9WoxLHc0_h1-VppctlNHUHIU/image;s=2048x1536;q=80,https://ireland.apollo.olxcdn.com/v1/files/eyJhbGciOiJIUzI1NiIsInR5cCI6IkpXVCJ9.eyJmbiI6ImVsMnV6bWZjamNjai1FQ09TWVNURU0iLCJ3IjpbeyJmbiI6ImVudmZxcWUxYXk0azEtQVBMIiwicyI6IjE2IiwiYSI6IjAiLCJwIjoiMTAsLTEwIn1dfQ.Mnk182feDKGCmiH2N-mNkDJmFHyCQ4W1Lqx9bQBK6zo/image;s=2048x1536;q=80",,,,,
68412999,dom,✅Borówiec/ Działka 500 m2 /Piec Gazowy✅,112.2,4,,898000,8004,Zapomniana,Kamionki,Borówiec,,52.276726,17.023288,,,,https://www.otodom.pl/pl/oferta/white-check-markborowiec-dzialka-500-m2-piec-gazowywhite-check-mark-ID4D3lt,"https://ireland.apollo.olxcdn.com/v1/files/eyJhbGciOiJIUzI1NiIsInR5cCI6IkpXVCJ9.eyJmbiI6IjdqMTNoNjVmeDlwcy1FQ09TWVNURU0iLCJ3IjpbeyJmbiI6ImVudmZxcWUxYXk0azEtQVBMIiwicyI6IjE2IiwiYSI6IjAiLCJwIjoiMTAsLTEwIn1dfQ.w4wPt9TDY8WSyF2W5x1qsxyfD6jq9CdeQDBySxKU8nE/image;s=2048x1536;q=80,https://ireland.apollo.olxcdn.com/v1/files/eyJhbGciOiJIUzI1NiIsInR5cCI6IkpXVCJ9.eyJmbiI6Im8zeXBtejZ4N3hlazEtRUNPU1lTVEVNIiwidyI6W3siZm4iOiJlbnZmcXFlMWF5NGsxLUFQTCIsInMiOiIxNiIsImEiOiIwIiwicCI6IjEwLC0xMCJ9XX0.jCOqsywwH7NOh4o7axmtRxNCiRuDV07lYeaodHK_2AM/image;s=2048x1536;q=80,https://ireland.apollo.olxcdn.com/v1/files/eyJhbGciOiJIUzI1NiIsInR5cCI6IkpXVCJ9.eyJmbiI6ImVxNjA3NDI2dmhxdzEtRUNPU1lTVEVNIiwidyI6W3siZm4iOiJlbnZmcXFlMWF5NGsxLUFQTCIsInMiOiIxNiIsImEiOiIwIiwicCI6IjEwLC0xMCJ9XX0.zM6ZgpzxZg5krTR8uvUldYMNkr0euMMvEbsZmX51F0s/image;s=2048x1536;q=80",,,,,
68412696,dom,Dom przy lesie dz. 500 m2 dla lokalu w Borówcu,106.7,4,,898000,8416,Zapomniana,Borówiec,,,52.27746,17.02377,,,,https://www.otodom.pl/pl/oferta/dom-przy-lesie-dz-500-m2-dla-lokalu-w-borowcu-ID4D3gA,"https://ireland.apollo.olxcdn.com/v1/files/eyJhbGciOiJIUzI1NiIsInR5cCI6IkpXVCJ9.eyJmbiI6Inplb293N2tpeGEzaTMtRUNPU1lTVEVNIiwidyI6W3siZm4iOiJlbnZmcXFlMWF5NGsxLUFQTCIsInMiOiIxNiIsImEiOiIwIiwicCI6IjEwLC0xMCJ9XX0.QjM8r2WYS0_NldQ-r9YbLl3HB0ZyYeOwOKjbO04Ff7w/image;s=2048x1536;q=80,https://ireland.apollo.olxcdn.com/v1/files/eyJhbGciOiJIUzI1NiIsInR5cCI6IkpXVCJ9.eyJmbiI6InVrZnkwbDE0Y3NueDEtRUNPU1lTVEVNIiwidyI6W3siZm4iOiJlbnZmcXFlMWF5NGsxLUFQTCIsInMiOiIxNiIsImEiOiIwIiwicCI6IjEwLC0xMCJ9XX0.MomRHF2FE-JShaummYAGsh09kCBzTyoOzGh6AmR53M0/image;s=2048x1536;q=80,https://ireland.apollo.olxcdn.com/v1/files/eyJhbGciOiJIUzI1NiIsInR5cCI6IkpXVCJ9.eyJmbiI6IjJzZWpoZHU2cnBoMDMtRUNPU1lTVEVNIiwidyI6W3siZm4iOiJlbnZmcXFlMWF5NGsxLUFQTCIsInMiOiIxNiIsImEiOiIwIiwicCI6IjEwLC0xMCJ9XX0.l1OaovktjJsqx4dWvDlegpJGfWUGY1EeWxvGded55NY/image;s=2048x1536;q=80",,,,,
68401973,dom,✅Borówiec/ Działka 500 m2 /Piec Gazowy✅,112.2,4,,898000,8004,Zapomniana,Kamionki,Borówiec,,52.276726,17.023288,,,,https://www.otodom.pl/pl/oferta/borowiec-dzialka-500-m2-piec-gazowy-ID4D0tD,"https://ireland.apollo.olxcdn.com/v1/files/eyJhbGciOiJIUzI1NiIsInR5cCI6IkpXVCJ9.eyJmbiI6ImJvYzR1c2RwMmZteS1FQ09TWVNURU0iLCJ3IjpbeyJmbiI6ImVudmZxcWUxYXk0azEtQVBMIiwicyI6IjE2IiwiYSI6IjAiLCJwIjoiMTAsLTEwIn1dfQ.RDsUPk-8Imnac80kFAUYeFZ-uO56n7ym38IKJpMjEok/image;s=2048x1536;q=80,https://ireland.apollo.olxcdn.com/v1/files/eyJhbGciOiJIUzI1NiIsInR5cCI6IkpXVCJ9.eyJmbiI6ImVmbWtiMmowbG8yNTItRUNPU1lTVEVNIiwidyI6W3siZm4iOiJlbnZmcXFlMWF5NGsxLUFQTCIsInMiOiIxNiIsImEiOiIwIiwicCI6IjEwLC0xMCJ9XX0.jNSmV4ryLAJV4WjLkXR9YntHxe9-45vuyz5qJN-1DgY/image;s=2048x1536;q=80,https://ireland.apollo.olxcdn.com/v1/files/eyJhbGciOiJIUzI1NiIsInR5cCI6IkpXVCJ9.eyJmbiI6Inl6YXNucmUxeXNjazItRUNPU1lTVEVNIiwidyI6W3siZm4iOiJlbnZmcXFlMWF5NGsxLUFQTCIsInMiOiIxNiIsImEiOiIwIiwicCI6IjEwLC0xMCJ9XX0.3qZYpAkuJLKhfG5QTBPtRVs0AYoNMbxaa-0IkpOZbL8/image;s=2048x1536;q=80",,,,,
68288644,dom,"dom A+ | 6pok.| PV + 10 kW falownik, kanaliza, światłowód",121.9,6,,898000,7367,,Palędzie,Palędzie,,52.36676,16.73245,,,,https://www.otodom.pl/pl/oferta/dom-a-6pok-pv-10-kw-falownik-kanaliza-swiatlowod-ID4CvZK,"https://ireland.apollo.olxcdn.com/v1/files/eyJhbGciOiJIUzI1NiIsInR5cCI6IkpXVCJ9.eyJmbiI6IjJpY3NzOW0zcWNibjEtRUNPU1lTVEVNIiwidyI6W3siZm4iOiJlbnZmcXFlMWF5NGsxLUFQTCIsInMiOiIxNiIsImEiOiIwIiwicCI6IjEwLC0xMCJ9XX0.Gm59ylFr8lOjC7zQCEePZQAtd1Y8IgNKSJ9GM6zzQvk/image;s=2048x1536;q=80,https://ireland.apollo.olxcdn.com/v1/files/eyJhbGciOiJIUzI1NiIsInR5cCI6IkpXVCJ9.eyJmbiI6InFvbXAwcTU5aTR4cDEtRUNPU1lTVEVNIiwidyI6W3siZm4iOiJlbnZmcXFlMWF5NGsxLUFQTCIsInMiOiIxNiIsImEiOiIwIiwicCI6IjEwLC0xMCJ9XX0.q_cyLhcYFPy4-NpA6t59m37o-eR-w_kycTcl9eq36fY/image;s=2048x1536;q=80,https://ireland.apollo.olxcdn.com/v1/files/eyJhbGciOiJIUzI1NiIsInR5cCI6IkpXVCJ9.eyJmbiI6ImZrdHl5YzBoYWNoeTItRUNPU1lTVEVNIiwidyI6W3siZm4iOiJlbnZmcXFlMWF5NGsxLUFQTCIsInMiOiIxNiIsImEiOiIwIiwicCI6IjEwLC0xMCJ9XX0.JmKTGl8vVosC71wn1_YC7_KjcJ90OUabjA04MJrT1I0/image;s=2048x1536;q=80",,,,,
67842751,mieszkanie,4-pokojowe mieszkanie 76m2 + balkon Bez Prowizji,76.22,4,3,898264,11785,ul. Mogileńska,Warszawskie-Pomet-Maltańskie,Poznań,Atal Parkowa,52.410123,16.991362,,,,https://www.otodom.pl/pl/oferta/4-pokojowe-mieszkanie-76m2-balkon-bez-prowizji-ID4AEZW,"https://ireland.apollo.olxcdn.com/v1/files/eyJhbGciOiJIUzI1NiIsInR5cCI6IkpXVCJ9.eyJmbiI6ImMwdXVrem96b3pxdDItRUNPU1lTVEVNIiwidyI6W3siZm4iOiJlbnZmcXFlMWF5NGsxLUFQTCIsInMiOiIxNiIsImEiOiIwIiwicCI6IjEwLC0xMCJ9XX0.6GK5JCND8aTpJhz03yFJUF105TtLdVSnE2_-E-fwqRA/image;s=2048x1536;q=80,https://ireland.apollo.olxcdn.com/v1/files/eyJhbGciOiJIUzI1NiIsInR5cCI6IkpXVCJ9.eyJmbiI6Im56bG1wdWN4NWdxbTItRUNPU1lTVEVNIiwidyI6W3siZm4iOiJlbnZmcXFlMWF5NGsxLUFQTCIsInMiOiIxNiIsImEiOiIwIiwicCI6IjEwLC0xMCJ9XX0.b7CcbnUR7cRmo8tOytmu-56IMmXoczA9_8ZylmK5J2w/image;s=2048x1536;q=80,https://ireland.apollo.olxcdn.com/v1/files/eyJhbGciOiJIUzI1NiIsInR5cCI6IkpXVCJ9.eyJmbiI6IjE3OW9zZDk2MDFmOTMtRUNPU1lTVEVNIiwidyI6W3siZm4iOiJlbnZmcXFlMWF5NGsxLUFQTCIsInMiOiIxNiIsImEiOiIwIiwicCI6IjEwLC0xMCJ9XX0.mkiE8NzsCjSbwG_h2evdEJIyriXhIMG67iKftAiOBY8/image;s=2048x1536;q=80",,,,,
66706981,mieszkanie,Smardzewska 8 | mieszkanie 3-pok. | A/A/1/0.5,74.17,3,0,898495,12114,ul. Smardzewska,os. Mikołaja Kopernika,Poznań,Smardzewska 8,52.38921,16.85909,,,,https://www.otodom.pl/pl/oferta/smardzewska-8-mieszkanie-3-pok-a-a-1-0-5-ID4wTx3,"https://ireland.apollo.olxcdn.com/v1/files/eyJhbGciOiJIUzI1NiIsInR5cCI6IkpXVCJ9.eyJmbiI6IjZqdTNlY3NyZ2h3ODMtRUNPU1lTVEVNIiwidyI6W3siZm4iOiJlbnZmcXFlMWF5NGsxLUFQTCIsInMiOiIxNiIsImEiOiIwIiwicCI6IjEwLC0xMCJ9XX0.pVPAtR7y2RQFSagKHc8qw56FQVMUmSL9rNGNx0Xu9uE/image;s=2048x1536;q=80,https://ireland.apollo.olxcdn.com/v1/files/eyJhbGciOiJIUzI1NiIsInR5cCI6IkpXVCJ9.eyJmbiI6ImwwbDRtenV3dTR2ay1FQ09TWVNURU0iLCJ3IjpbeyJmbiI6ImVudmZxcWUxYXk0azEtQVBMIiwicyI6IjE2IiwiYSI6IjAiLCJwIjoiMTAsLTEwIn1dfQ.hT93pL4smDp2h5w5Izn7zoBl_crLUHHHb-dSQXQNilk/image;s=2048x1536;q=80,https://ireland.apollo.olxcdn.com/v1/files/eyJhbGciOiJIUzI1NiIsInR5cCI6IkpXVCJ9.eyJmbiI6Im5sN3FlbTZsMm5yajItRUNPU1lTVEVNIiwidyI6W3siZm4iOiJlbnZmcXFlMWF5NGsxLUFQTCIsInMiOiIxNiIsImEiOiIwIiwicCI6IjEwLC0xMCJ9XX0.IeHhe7KW9kP2MHNzylRpszSuBru13ctZBwhnqSOlnxw/image;s=2048x1536;q=80",,,,,
67868354,mieszkanie,Nowoczesne mieszkania w standardzie EKO - Dębiec - gotowe już latem,70.11,3,1,898816,12820,ul. Grabowa,Dębiec,Poznań,,52.37305,16.90062,,,,https://www.otodom.pl/pl/oferta/nowoczesne-mieszkania-w-standardzie-eko-debiec-gotowe-juz-latem-ID4ALES,"https://ireland.apollo.olxcdn.com/v1/files/eyJhbGciOiJIUzI1NiIsInR5cCI6IkpXVCJ9.eyJmbiI6InhpNWJicHpjMTg2Zi1BUEwiLCJ3IjpbeyJmbiI6ImVudmZxcWUxYXk0azEtQVBMIiwicyI6IjE2IiwiYSI6IjAiLCJwIjoiMTAsLTEwIn1dfQ._JrnHQSpMNw3mo5jhlMurtjVpsqWcXhNRGXenglfoCo/image;s=2048x1536;q=80,https://ireland.apollo.olxcdn.com/v1/files/eyJhbGciOiJIUzI1NiIsInR5cCI6IkpXVCJ9.eyJmbiI6InFib2ZzZ2xnOTJkejEtQVBMIiwidyI6W3siZm4iOiJlbnZmcXFlMWF5NGsxLUFQTCIsInMiOiIxNiIsImEiOiIwIiwicCI6IjEwLC0xMCJ9XX0.Ok1IAC7z8JRuPo1U_YUevunRfGaDwx-JC7lTMY7Ccdw/image;s=2048x1536;q=80,https://ireland.apollo.olxcdn.com/v1/files/eyJhbGciOiJIUzI1NiIsInR5cCI6IkpXVCJ9.eyJmbiI6IjQ1ZDA2d2ptazk3cDMtQVBMIiwidyI6W3siZm4iOiJlbnZmcXFlMWF5NGsxLUFQTCIsInMiOiIxNiIsImEiOiIwIiwicCI6IjEwLC0xMCJ9XX0.hRR0GbvpA2QjWDvKRHBItxCT_MVa-G0B7i197IH79Qg/image;s=2048x1536;q=80",,,,,
68449107,mieszkanie,4 pokoje 82 m² | na przestrzał | południowy salon,82,4,1,899000,10963,,Jeżyce,Poznań,,52.41706,16.89563,,,,https://www.otodom.pl/pl/oferta/4-pokoje-82-m-na-przestrzal-poludniowy-salon-ID4DcJR,"https://ireland.apollo.olxcdn.com/v1/files/eyJhbGciOiJIUzI1NiIsInR5cCI6IkpXVCJ9.eyJmbiI6ImI0b2ZydG52NjIxaDMtRUNPU1lTVEVNIiwidyI6W3siZm4iOiJlbnZmcXFlMWF5NGsxLUFQTCIsInMiOiIxNiIsImEiOiIwIiwicCI6IjEwLC0xMCJ9XX0.3sjTrN_36Xt0HeGJ-OavhpC0uipkyUZJja8HTQCAyDk/image;s=2048x1536;q=80,https://ireland.apollo.olxcdn.com/v1/files/eyJhbGciOiJIUzI1NiIsInR5cCI6IkpXVCJ9.eyJmbiI6Im42ZHYzZDN2a3RwejEtRUNPU1lTVEVNIiwidyI6W3siZm4iOiJlbnZmcXFlMWF5NGsxLUFQTCIsInMiOiIxNiIsImEiOiIwIiwicCI6IjEwLC0xMCJ9XX0.3E4ACNGsMscibCpt_RW-SwZemTFG6YHxsYCiyHyWdo4/image;s=2048x1536;q=80,https://ireland.apollo.olxcdn.com/v1/files/eyJhbGciOiJIUzI1NiIsInR5cCI6IkpXVCJ9.eyJmbiI6ImEwY2RyY3dwdXZzMzEtRUNPU1lTVEVNIiwidyI6W3siZm4iOiJlbnZmcXFlMWF5NGsxLUFQTCIsInMiOiIxNiIsImEiOiIwIiwicCI6IjEwLC0xMCJ9XX0.mjVS3DgTi5iNeukwva41yAmwEJmpFN1efaYFPseZMWA/image;s=2048x1536;q=80",,,,,
68413611,mieszkanie,PROMOCJA I TOP lokalizacja I 4 pokoje I Dwustronne I 0% prowizji,81.84,4,1,899000,10985,ul. Klemensa Janickiego,Jeżyce,Poznań,,52.413479,16.902793,,,,https://www.otodom.pl/pl/oferta/promocja-i-top-lokalizacja-i-4-pokoje-i-dwustronne-i-0-prowizji-ID4D3wl,"https://ireland.apollo.olxcdn.com/v1/files/eyJhbGciOiJIUzI1NiIsInR5cCI6IkpXVCJ9.eyJmbiI6ImFkZmRxNW9hdHVvNTEtQVBMIiwidyI6W3siZm4iOiJlbnZmcXFlMWF5NGsxLUFQTCIsInMiOiIxNiIsImEiOiIwIiwicCI6IjEwLC0xMCJ9XX0.NWZwl1RAvhopurCxZR-jS7IDIk1e-2zrTXOq84ikxN8/image;s=2048x1536;q=80,https://ireland.apollo.olxcdn.com/v1/files/eyJhbGciOiJIUzI1NiIsInR5cCI6IkpXVCJ9.eyJmbiI6Ijk4MXNlNzUyemIweTEtQVBMIiwidyI6W3siZm4iOiJlbnZmcXFlMWF5NGsxLUFQTCIsInMiOiIxNiIsImEiOiIwIiwicCI6IjEwLC0xMCJ9XX0.DNK1OQR9ibJ6RI5G0Jp0ewS8UuY4WPidIb7RAaajo4Y/image;s=2048x1536;q=80,https://ireland.apollo.olxcdn.com/v1/files/eyJhbGciOiJIUzI1NiIsInR5cCI6IkpXVCJ9.eyJmbiI6IjI4cmh5OXU2eXh6ZDEtQVBMIiwidyI6W3siZm4iOiJlbnZmcXFlMWF5NGsxLUFQTCIsInMiOiIxNiIsImEiOiIwIiwicCI6IjEwLC0xMCJ9XX0.liehEMMcoprkPyQpXodpYUXzC1aOVU_wYZ8TuWuSyF4/image;s=2048x1536;q=80",,,,,
68441488,dom,Dom 95 m² i ogród 500 m² | 10 min do r. Śródka,95,4,,899000,9463,ul. Janikowska,Janikowo,Poznań,,52.43351,17.02282,,,,https://www.otodom.pl/pl/oferta/dom-95-m-i-ogrod-500-m-10-min-do-r-srodka-ID4DaKY,"https://ireland.apollo.olxcdn.com/v1/files/eyJhbGciOiJIUzI1NiIsInR5cCI6IkpXVCJ9.eyJmbiI6Ind1bmVuZjY4Mmt0cDMtRUNPU1lTVEVNIiwidyI6W3siZm4iOiJlbnZmcXFlMWF5NGsxLUFQTCIsInMiOiIxNiIsImEiOiIwIiwicCI6IjEwLC0xMCJ9XX0.11UQM1uzqIyhaWRcZmhglG_QeUubDqFD9rGEjUu44A0/image;s=2048x1536;q=80,https://ireland.apollo.olxcdn.com/v1/files/eyJhbGciOiJIUzI1NiIsInR5cCI6IkpXVCJ9.eyJmbiI6IjRnMnYwYXp5YTFnZy1FQ09TWVNURU0iLCJ3IjpbeyJmbiI6ImVudmZxcWUxYXk0azEtQVBMIiwicyI6IjE2IiwiYSI6IjAiLCJwIjoiMTAsLTEwIn1dfQ.KfF7-UoUIemaonJvYNvbUmlkSBgl9lDlIEgqd-HsOZM/image;s=2048x1536;q=80,https://ireland.apollo.olxcdn.com/v1/files/eyJhbGciOiJIUzI1NiIsInR5cCI6IkpXVCJ9.eyJmbiI6IjA5bWN2eHp5Zng1ZjEtRUNPU1lTVEVNIiwidyI6W3siZm4iOiJlbnZmcXFlMWF5NGsxLUFQTCIsInMiOiIxNiIsImEiOiIwIiwicCI6IjEwLC0xMCJ9XX0.3l9399Di1o_REkBdFVKIGUq9euTmLvp388dnqxj5JIw/image;s=2048x1536;q=80",,,,,
67949141,dom,Dom z dużym ogrodem w gminie Swarzędz- Janikowo,102,4,,899000,8814,ul. Asfaltowa,Janikowo,Janikowo,,52.43993,17.02575,,,,https://www.otodom.pl/pl/oferta/dom-z-duzym-ogrodem-w-gminie-swarzedz-janikowo-ID4B6FT,"https://ireland.apollo.olxcdn.com/v1/files/eyJhbGciOiJIUzI1NiIsInR5cCI6IkpXVCJ9.eyJmbiI6ImIwaHJ3ZWFveW5pOC1BUEwiLCJ3IjpbeyJmbiI6ImVudmZxcWUxYXk0azEtQVBMIiwicyI6IjE2IiwiYSI6IjAiLCJwIjoiMTAsLTEwIn1dfQ.gxw8m5oKcdSVHXb-x9FXd7D_flVAIlvS0G_MzSSqcIc/image;s=2048x1536;q=80,https://ireland.apollo.olxcdn.com/v1/files/eyJhbGciOiJIUzI1NiIsInR5cCI6IkpXVCJ9.eyJmbiI6IjQ4eXg0OHk2MWp5aC1BUEwiLCJ3IjpbeyJmbiI6ImVudmZxcWUxYXk0azEtQVBMIiwicyI6IjE2IiwiYSI6IjAiLCJwIjoiMTAsLTEwIn1dfQ.HafrzQmoCNgSsL4q7pp2xuxwDJaen1bG0-c2uGmnXAQ/image;s=2048x1536;q=80,https://ireland.apollo.olxcdn.com/v1/files/eyJhbGciOiJIUzI1NiIsInR5cCI6IkpXVCJ9.eyJmbiI6ImVrenF1c21xMGlpajMtQVBMIiwidyI6W3siZm4iOiJlbnZmcXFlMWF5NGsxLUFQTCIsInMiOiIxNiIsImEiOiIwIiwicCI6IjEwLC0xMCJ9XX0.7zDptdLQFwkn1dWbC_4xBGUeyu0X61StDpmaqNjVjAk/image;s=2048x1536;q=80",,,,,
68437101,dom,"Nowoczesny bliźniak, blisko Poznania!",94.78,3,,899000,9485,,Janikowo,Janikowo,,52.44122,17.0124,,,,https://www.otodom.pl/pl/oferta/nowoczesny-blizniak-blisko-poznania-ID4D9Cd,"https://ireland.apollo.olxcdn.com/v1/files/eyJhbGciOiJIUzI1NiIsInR5cCI6IkpXVCJ9.eyJmbiI6ImdpcTF5eWttb3R1ai1FQ09TWVNURU0iLCJ3IjpbeyJmbiI6ImVudmZxcWUxYXk0azEtQVBMIiwicyI6IjE2IiwiYSI6IjAiLCJwIjoiMTAsLTEwIn1dfQ.f7Ra1wQjJC5Q23wAwWZpbmhhIqhwh0hAnXhnPKOSWqY/image;s=2048x1536;q=80,https://ireland.apollo.olxcdn.com/v1/files/eyJhbGciOiJIUzI1NiIsInR5cCI6IkpXVCJ9.eyJmbiI6InNkcjV3cWFwNHdpZS1FQ09TWVNURU0iLCJ3IjpbeyJmbiI6ImVudmZxcWUxYXk0azEtQVBMIiwicyI6IjE2IiwiYSI6IjAiLCJwIjoiMTAsLTEwIn1dfQ.sqg9Qb-E-Hz6Us_w4GgCHntG1qpnbYfm03K5dzhvVdw/image;s=2048x1536;q=80,https://ireland.apollo.olxcdn.com/v1/files/eyJhbGciOiJIUzI1NiIsInR5cCI6IkpXVCJ9.eyJmbiI6ImxhNnpyd3IxdnlhcDMtRUNPU1lTVEVNIiwidyI6W3siZm4iOiJlbnZmcXFlMWF5NGsxLUFQTCIsInMiOiIxNiIsImEiOiIwIiwicCI6IjEwLC0xMCJ9XX0.czQSSzWUIr-UC8nljc72ccOOFE4GPjxy0XrJxff9X5U/image;s=2048x1536;q=80",,,,,
68179222,dom,DOM 106m2 poddasze | las narożna działka 2 miejsca | Komorniki 0% PCC,106.71,4,,899000,8425,Cyprysowa,Komorniki,Komorniki,,52.337311,16.834927,,,,https://www.otodom.pl/pl/oferta/dom-106m2-poddasze-las-narozna-dzialka-2-miejsca-komorniki-0-pcc-ID4C4vS,"https://ireland.apollo.olxcdn.com/v1/files/eyJhbGciOiJIUzI1NiIsInR5cCI6IkpXVCJ9.eyJmbiI6InpvNTg3cHVnNmFsay1BUEwiLCJ3IjpbeyJmbiI6ImVudmZxcWUxYXk0azEtQVBMIiwicyI6IjE2IiwiYSI6IjAiLCJwIjoiMTAsLTEwIn1dfQ.eL_MFf5KWW3-qgmUWkkNme96GvNvTVcnjj2UwGaLG7c/image;s=2048x1536;q=80,https://ireland.apollo.olxcdn.com/v1/files/eyJhbGciOiJIUzI1NiIsInR5cCI6IkpXVCJ9.eyJmbiI6ImQzYWIwZG9hMjJ1bjItQVBMIiwidyI6W3siZm4iOiJlbnZmcXFlMWF5NGsxLUFQTCIsInMiOiIxNiIsImEiOiIwIiwicCI6IjEwLC0xMCJ9XX0.Fn9D91_UH-G6UvfYSQkn-qw2ez4b2dVlXrf3HEUXk7k/image;s=2048x1536;q=80,https://ireland.apollo.olxcdn.com/v1/files/eyJhbGciOiJIUzI1NiIsInR5cCI6IkpXVCJ9.eyJmbiI6IjJ2cXJuZzRxampjNy1BUEwiLCJ3IjpbeyJmbiI6ImVudmZxcWUxYXk0azEtQVBMIiwicyI6IjE2IiwiYSI6IjAiLCJwIjoiMTAsLTEwIn1dfQ.NBvjQYwkEpAEZ7BgvDrcX3u8ZIMVJl5RNuneRDb3Zng/image;s=2048x1536;q=80",,,,,
66213382,dom,"Olchowe Zacisze, osiedle premium, duży ogród!",95,4,,899000,9463,,Swarzędz,Janikowo,,52.440706,17.028063,,,,https://www.otodom.pl/pl/oferta/olchowe-zacisze-osiedle-premium-duzy-ogrod-ID4tP7M,"https://ireland.apollo.olxcdn.com/v1/files/eyJhbGciOiJIUzI1NiIsInR5cCI6IkpXVCJ9.eyJmbiI6ImJreXpta2lnaDR2czEtQVBMIiwidyI6W3siZm4iOiJlbnZmcXFlMWF5NGsxLUFQTCIsInMiOiIxNiIsImEiOiIwIiwicCI6IjEwLC0xMCJ9XX0.dBFY4vprP8X7JqH_CgEdNRD-KCPuxGMVMyHXsdtPRG4/image;s=2048x1536;q=80,https://ireland.apollo.olxcdn.com/v1/files/eyJhbGciOiJIUzI1NiIsInR5cCI6IkpXVCJ9.eyJmbiI6InN5amhpYmg4N2JlMzMtQVBMIiwidyI6W3siZm4iOiJlbnZmcXFlMWF5NGsxLUFQTCIsInMiOiIxNiIsImEiOiIwIiwicCI6IjEwLC0xMCJ9XX0.vmNAo6Jlv58RZIzb-B0Vskpks0G_v3GK14jPRssVtt4/image;s=2048x1536;q=80,https://ireland.apollo.olxcdn.com/v1/files/eyJhbGciOiJIUzI1NiIsInR5cCI6IkpXVCJ9.eyJmbiI6ImZzdTAxYjVzd3djbDMtQVBMIiwidyI6W3siZm4iOiJlbnZmcXFlMWF5NGsxLUFQTCIsInMiOiIxNiIsImEiOiIwIiwicCI6IjEwLC0xMCJ9XX0.I71PGJhXQ3k1XvZB179GvswxIWrwBx-40uz806H3s_c/image;s=2048x1536;q=80",,,,,
68478516,dom,Suchy Las Centrum  - nowoczesny dom z garażem,85,4,,899000,10576,ul. Borówkowa,Suchy Las,,,52.47378,16.86302,,,,https://www.otodom.pl/pl/oferta/suchy-las-centrum-nowoczesny-dom-z-garazem-ID4Dkoc,"https://ireland.apollo.olxcdn.com/v1/files/eyJhbGciOiJIUzI1NiIsInR5cCI6IkpXVCJ9.eyJmbiI6ImFoNnQ4NjhkbmFoMzEtQVBMIiwidyI6W3siZm4iOiJlbnZmcXFlMWF5NGsxLUFQTCIsInMiOiIxNiIsImEiOiIwIiwicCI6IjEwLC0xMCJ9XX0.-2tfiYHWBlDGki54OT4QgDLJBGttuj4PEo1K1OkSxzA/image;s=2048x1536;q=80,https://ireland.apollo.olxcdn.com/v1/files/eyJhbGciOiJIUzI1NiIsInR5cCI6IkpXVCJ9.eyJmbiI6ImpiM3M0Zmo5Mmg1ZDItQVBMIiwidyI6W3siZm4iOiJlbnZmcXFlMWF5NGsxLUFQTCIsInMiOiIxNiIsImEiOiIwIiwicCI6IjEwLC0xMCJ9XX0.svP2k9W6uVAVeaf-8YOUOaisXPWVZJp98NjAdWcTlOY/image;s=2048x1536;q=80,https://ireland.apollo.olxcdn.com/v1/files/eyJhbGciOiJIUzI1NiIsInR5cCI6IkpXVCJ9.eyJmbiI6IjBlZTI0aTd3dWVqNy1BUEwiLCJ3IjpbeyJmbiI6ImVudmZxcWUxYXk0azEtQVBMIiwicyI6IjE2IiwiYSI6IjAiLCJwIjoiMTAsLTEwIn1dfQ.XBUmBPPaurFJag8S5aCQS9TWAsltppgZxKxobyYtDm8/image;s=2048x1536;q=80",,,,,
68245002,dom,Ostatnie 2 lokale |Odbiór IV Kwartał 2026| Gerberowa Park Bezpośrednio,104,4,,899000,8644,,Swarzędz,Jasin,,52.416782,17.10164,,,,https://www.otodom.pl/pl/oferta/ostatnie-2-lokale-odbior-iv-kwartal-2026-gerberowa-park-bezposrednio-ID4ClDQ,"https://ireland.apollo.olxcdn.com/v1/files/eyJhbGciOiJIUzI1NiIsInR5cCI6IkpXVCJ9.eyJmbiI6Ijlra2xiZ2I3YThuYTEtQVBMIiwidyI6W3siZm4iOiJlbnZmcXFlMWF5NGsxLUFQTCIsInMiOiIxNiIsImEiOiIwIiwicCI6IjEwLC0xMCJ9XX0.fsJhaIs-iINRlkhspvshlRzwOn1Mb7npZ_vZNoBfeIk/image;s=2048x1536;q=80,https://ireland.apollo.olxcdn.com/v1/files/eyJhbGciOiJIUzI1NiIsInR5cCI6IkpXVCJ9.eyJmbiI6Imh4cnFlbTJjemNnazEtQVBMIiwidyI6W3siZm4iOiJlbnZmcXFlMWF5NGsxLUFQTCIsInMiOiIxNiIsImEiOiIwIiwicCI6IjEwLC0xMCJ9XX0.fGMFMQjRB2PtrelmWIY0nYr6MWcvF_T3NiWYnWaCSq8/image;s=2048x1536;q=80,https://ireland.apollo.olxcdn.com/v1/files/eyJhbGciOiJIUzI1NiIsInR5cCI6IkpXVCJ9.eyJmbiI6InkwbDhwZ3lvOGY5cy1BUEwiLCJ3IjpbeyJmbiI6ImVudmZxcWUxYXk0azEtQVBMIiwicyI6IjE2IiwiYSI6IjAiLCJwIjoiMTAsLTEwIn1dfQ.KiqB2rzNEwDguUKM3z1vEPRok9ubzGW_HJV9LQAtYFs/image;s=2048x1536;q=80",,,,,
68468873,dom,Dni Otwarte Inwestycji 3.10 g. 10-13,100.58,4,,899000,8938,Graniczna,Przeźmierowo,Przeźmierowo,,52.42745,16.78375,,,,https://www.otodom.pl/pl/oferta/dni-otwarte-inwestycji-3-10-g-10-13-ID4DhSF,"https://ireland.apollo.olxcdn.com/v1/files/eyJhbGciOiJIUzI1NiIsInR5cCI6IkpXVCJ9.eyJmbiI6InhibHpsNzF5aG44di1FQ09TWVNURU0iLCJ3IjpbeyJmbiI6ImVudmZxcWUxYXk0azEtQVBMIiwicyI6IjE2IiwiYSI6IjAiLCJwIjoiMTAsLTEwIn1dfQ.aoiAhiqg5buSXP2EJKHjo-qifpfeg4PIzSNrG_P7E9s/image;s=2048x1536;q=80,https://ireland.apollo.olxcdn.com/v1/files/eyJhbGciOiJIUzI1NiIsInR5cCI6IkpXVCJ9.eyJmbiI6IncyenZsdWpjd2M1ODItRUNPU1lTVEVNIiwidyI6W3siZm4iOiJlbnZmcXFlMWF5NGsxLUFQTCIsInMiOiIxNiIsImEiOiIwIiwicCI6IjEwLC0xMCJ9XX0.WFHqvTLw0nMR-sVH2ZtLAFQLIfi5AHF55dJMQv74h_c/image;s=2048x1536;q=80,https://ireland.apollo.olxcdn.com/v1/files/eyJhbGciOiJIUzI1NiIsInR5cCI6IkpXVCJ9.eyJmbiI6Im9vcjl0azlicG16OTMtRUNPU1lTVEVNIiwidyI6W3siZm4iOiJlbnZmcXFlMWF5NGsxLUFQTCIsInMiOiIxNiIsImEiOiIwIiwicCI6IjEwLC0xMCJ9XX0.-aNiL6amumjf23-Zni3meZmri-uWIxGMlhs3xneNSyI/image;s=2048x1536;q=80",,,,,
68468872,dom,Dzień otwarty na budowie 3.10. Zapraszamy 11-13,100.58,4,,899000,8938,Graniczna,Przeźmierowo,Przeźmierowo,,52.42745,16.78375,,,,https://www.otodom.pl/pl/oferta/dzien-otwarty-na-budowie-3-10-zapraszamy-11-13-ID4DhSE,"https://ireland.apollo.olxcdn.com/v1/files/eyJhbGciOiJIUzI1NiIsInR5cCI6IkpXVCJ9.eyJmbiI6IjVmcXltM3lkcXFkdTMtRUNPU1lTVEVNIiwidyI6W3siZm4iOiJlbnZmcXFlMWF5NGsxLUFQTCIsInMiOiIxNiIsImEiOiIwIiwicCI6IjEwLC0xMCJ9XX0.ewgUomdRHIwj5oZbtNkpFOOAEsOUePOiA8dKcl6Aols/image;s=2048x1536;q=80,https://ireland.apollo.olxcdn.com/v1/files/eyJhbGciOiJIUzI1NiIsInR5cCI6IkpXVCJ9.eyJmbiI6ImR0NmcwMnFrYmc3aDItRUNPU1lTVEVNIiwidyI6W3siZm4iOiJlbnZmcXFlMWF5NGsxLUFQTCIsInMiOiIxNiIsImEiOiIwIiwicCI6IjEwLC0xMCJ9XX0.nYkHGa9ebGpId13K5xbKoBkpNNVXMeJvHwzn5wx7_yw/image;s=2048x1536;q=80,https://ireland.apollo.olxcdn.com/v1/files/eyJhbGciOiJIUzI1NiIsInR5cCI6IkpXVCJ9.eyJmbiI6IjFjc3A5NWZjNjN6cDItRUNPU1lTVEVNIiwidyI6W3siZm4iOiJlbnZmcXFlMWF5NGsxLUFQTCIsInMiOiIxNiIsImEiOiIwIiwicCI6IjEwLC0xMCJ9XX0.f3LlirMHizFb7zTBGCeRWfQyKL22dVl6dAfxWhDV07Q/image;s=2048x1536;q=80",,,,,
66390358,dom,"GRUSZCZYN, Gotowy Dom,107m2, Kanalizacja, internet",107,4,,899000,8402,,Gruszczyn,Gruszczyn,,52.43072,17.07297,,,,https://www.otodom.pl/pl/oferta/gruszczyn-gotowy-dom-107m2-kanalizacja-internet-ID4uzae,"https://ireland.apollo.olxcdn.com/v1/files/eyJhbGciOiJIUzI1NiIsInR5cCI6IkpXVCJ9.eyJmbiI6IjB0cXVzZzgxMnN2MjMtQVBMIiwidyI6W3siZm4iOiJlbnZmcXFlMWF5NGsxLUFQTCIsInMiOiIxNiIsImEiOiIwIiwicCI6IjEwLC0xMCJ9XX0.jHVC15p8r5qQR4nfifGLO74M0eJnwhUf5oqNSEpKfiI/image;s=2048x1536;q=80,https://ireland.apollo.olxcdn.com/v1/files/eyJhbGciOiJIUzI1NiIsInR5cCI6IkpXVCJ9.eyJmbiI6InhicWgxc3U2MXpibjEtQVBMIiwidyI6W3siZm4iOiJlbnZmcXFlMWF5NGsxLUFQTCIsInMiOiIxNiIsImEiOiIwIiwicCI6IjEwLC0xMCJ9XX0.DeNpwKo9THqR55M_yxsdOsrdlzdObxETqBNmmdoVZII/image;s=2048x1536;q=80,https://ireland.apollo.olxcdn.com/v1/files/eyJhbGciOiJIUzI1NiIsInR5cCI6IkpXVCJ9.eyJmbiI6ImNuM2tiM2F6M2p1di1BUEwiLCJ3IjpbeyJmbiI6ImVudmZxcWUxYXk0azEtQVBMIiwicyI6IjE2IiwiYSI6IjAiLCJwIjoiMTAsLTEwIn1dfQ.cclrVnaIAZt4w1lorQis85XM7sPVnPaFHW3XOs3G0LI/image;s=2048x1536;q=80",,,,,
68385107,dom,"Parterowy Dom dla Ciebie 87,60 m2 + wiata garażowa - Standard Premium",87.6,4,,899000,10263,,Komorniki,Komorniki,,52.33153,16.78911,,,,https://www.otodom.pl/pl/oferta/parterowy-dom-dla-ciebie-87-60-m2-wiata-garazowa-standard-premium-ID4CV5B,"https://ireland.apollo.olxcdn.com/v1/files/eyJhbGciOiJIUzI1NiIsInR5cCI6IkpXVCJ9.eyJmbiI6ImhzM204eXk0OGYxaC1BUEwiLCJ3IjpbeyJmbiI6ImVudmZxcWUxYXk0azEtQVBMIiwicyI6IjE2IiwiYSI6IjAiLCJwIjoiMTAsLTEwIn1dfQ.SyuRS7F-tbSlUgakSy-fJ_aw_5ixBUuNmTvIbgUfVGs/image;s=2048x1536;q=80,https://ireland.apollo.olxcdn.com/v1/files/eyJhbGciOiJIUzI1NiIsInR5cCI6IkpXVCJ9.eyJmbiI6IjFoOHVxZ3l6YTlqOTItQVBMIiwidyI6W3siZm4iOiJlbnZmcXFlMWF5NGsxLUFQTCIsInMiOiIxNiIsImEiOiIwIiwicCI6IjEwLC0xMCJ9XX0.u17ChfqIbse8I5F5Ls9iGIHzsy_xgWi5MN5cx3zCB_0/image;s=2048x1536;q=80,https://ireland.apollo.olxcdn.com/v1/files/eyJhbGciOiJIUzI1NiIsInR5cCI6IkpXVCJ9.eyJmbiI6ImpwbWsxZzN4NjRwOTItQVBMIiwidyI6W3siZm4iOiJlbnZmcXFlMWF5NGsxLUFQTCIsInMiOiIxNiIsImEiOiIwIiwicCI6IjEwLC0xMCJ9XX0.JqUx7MJLVgHFtO9dLw9xXVjflZOQMRSEYM63FZoGl68/image;s=2048x1536;q=80",,,,,
68385074,dom,"Ostatnia połówka II etapu osiedla Owocowego 108,62 m2 plus poddasze",108.62,4,,899000,8277,,Rosnowo,Komorniki,,52.33025,16.78328,,,,https://www.otodom.pl/pl/oferta/ostatnia-polowka-ii-etapu-osiedla-owocowego-108-62-m2-plus-poddasze-ID4CV54,"https://ireland.apollo.olxcdn.com/v1/files/eyJhbGciOiJIUzI1NiIsInR5cCI6IkpXVCJ9.eyJmbiI6ImFpaWFuamVsYXo2NDItQVBMIiwidyI6W3siZm4iOiJlbnZmcXFlMWF5NGsxLUFQTCIsInMiOiIxNiIsImEiOiIwIiwicCI6IjEwLC0xMCJ9XX0.XLYR-lezZuyKvLX4wyNVv43Q39NhfATARAxZqu7nmdk/image;s=2048x1536;q=80,https://ireland.apollo.olxcdn.com/v1/files/eyJhbGciOiJIUzI1NiIsInR5cCI6IkpXVCJ9.eyJmbiI6Imp0azc0emlybmtjOTMtQVBMIiwidyI6W3siZm4iOiJlbnZmcXFlMWF5NGsxLUFQTCIsInMiOiIxNiIsImEiOiIwIiwicCI6IjEwLC0xMCJ9XX0.oU_fYGmkThC9lqfA-50NEedCV13RoTA9Y7NlbHKlGTc/image;s=2048x1536;q=80,https://ireland.apollo.olxcdn.com/v1/files/eyJhbGciOiJIUzI1NiIsInR5cCI6IkpXVCJ9.eyJmbiI6ImdrZ2pwaDA2c2d2ci1BUEwiLCJ3IjpbeyJmbiI6ImVudmZxcWUxYXk0azEtQVBMIiwicyI6IjE2IiwiYSI6IjAiLCJwIjoiMTAsLTEwIn1dfQ.a9pN_nGxdOzomi0b9d_pkMrpe4HaxhRQyjtzGIOOnd8/image;s=2048x1536;q=80",,,,,
68432245,dom,✅Lusówko / Garaż Lub Kuchnia albo Pokój  ✅,101.35,4,,899000,8870,,Rozalin,Lusówko,,52.41909,16.635052,,,,https://www.otodom.pl/pl/oferta/white-check-marklusowko-garaz-lub-kuchnia-albo-pokoj-white-check-mark-ID4D8lT,"https://ireland.apollo.olxcdn.com/v1/files/eyJhbGciOiJIUzI1NiIsInR5cCI6IkpXVCJ9.eyJmbiI6ImIwazNhc3Jtczlwcy1FQ09TWVNURU0iLCJ3IjpbeyJmbiI6ImVudmZxcWUxYXk0azEtQVBMIiwicyI6IjE2IiwiYSI6IjAiLCJwIjoiMTAsLTEwIn1dfQ.tgcB987tfTOAfB6IK2oc0PLhF2Tswaql8SCW6Erqkpg/image;s=2048x1536;q=80,https://ireland.apollo.olxcdn.com/v1/files/eyJhbGciOiJIUzI1NiIsInR5cCI6IkpXVCJ9.eyJmbiI6ImVsNzQ4amllZXdhejEtRUNPU1lTVEVNIiwidyI6W3siZm4iOiJlbnZmcXFlMWF5NGsxLUFQTCIsInMiOiIxNiIsImEiOiIwIiwicCI6IjEwLC0xMCJ9XX0.DX7OpjEKDoXIP7NyzDjDtH7778Ac4DfvxmQtuWzwDXE/image;s=2048x1536;q=80,https://ireland.apollo.olxcdn.com/v1/files/eyJhbGciOiJIUzI1NiIsInR5cCI6IkpXVCJ9.eyJmbiI6InZ2aGEydjR4ZWFiNzItRUNPU1lTVEVNIiwidyI6W3siZm4iOiJlbnZmcXFlMWF5NGsxLUFQTCIsInMiOiIxNiIsImEiOiIwIiwicCI6IjEwLC0xMCJ9XX0.MBn7URmTQW-T6lMl4TIaMGf1KLA5x8cVKkCACgM9XPA/image;s=2048x1536;q=80",,,,,
68429457,dom,Dom z ogrodem przy lesie | 4 min. do PKP | Wykończony pod klucz,88.47,4,,899000,10162,,Promno,,,52.45083,17.24351,,,,https://www.otodom.pl/pl/oferta/dom-z-ogrodem-przy-lesie-4-min-do-pkp-wykonczony-pod-klucz-ID4D7CW,"https://ireland.apollo.olxcdn.com/v1/files/eyJhbGciOiJIUzI1NiIsInR5cCI6IkpXVCJ9.eyJmbiI6IjhvdTFoY2x0cWF0azMtQVBMIiwidyI6W3siZm4iOiJlbnZmcXFlMWF5NGsxLUFQTCIsInMiOiIxNiIsImEiOiIwIiwicCI6IjEwLC0xMCJ9XX0.TY7mtIzsXOHxtx1OFFuU2gnCGksUbMAQUddRXe_GHow/image;s=2048x1536;q=80,https://ireland.apollo.olxcdn.com/v1/files/eyJhbGciOiJIUzI1NiIsInR5cCI6IkpXVCJ9.eyJmbiI6Ing4aHlyZGMxMzA1dTItQVBMIiwidyI6W3siZm4iOiJlbnZmcXFlMWF5NGsxLUFQTCIsInMiOiIxNiIsImEiOiIwIiwicCI6IjEwLC0xMCJ9XX0.sJG02J6fWY2APkGEZt1Tzg9i2aNT7BrltkWdIXAUYc4/image;s=2048x1536;q=80,https://ireland.apollo.olxcdn.com/v1/files/eyJhbGciOiJIUzI1NiIsInR5cCI6IkpXVCJ9.eyJmbiI6IjhkZTlkaWVpbXRoZzItQVBMIiwidyI6W3siZm4iOiJlbnZmcXFlMWF5NGsxLUFQTCIsInMiOiIxNiIsImEiOiIwIiwicCI6IjEwLC0xMCJ9XX0.anzojcTsYTbanawZGhgEjXVr4yDjczVEDsnhnSmKagQ/image;s=2048x1536;q=80",,,,,
96842945700067,dom,Dom z ogrodem przy lesie | 4 min. do PKP | Wykończony pod klucz,88.47,4,,899000,10162,,Promno,,,52.45083,17.24351,,,,https://www.otodom.pl/pl/oferta/dom-z-ogrodem-przy-lesie-4-min-do-pkp-wykonczony-pod-klucz-ID4D7CW,"https://ireland.apollo.olxcdn.com/v1/files/eyJhbGciOiJIUzI1NiIsInR5cCI6IkpXVCJ9.eyJmbiI6IjhvdTFoY2x0cWF0azMtQVBMIiwidyI6W3siZm4iOiJlbnZmcXFlMWF5NGsxLUFQTCIsInMiOiIxNiIsImEiOiIwIiwicCI6IjEwLC0xMCJ9XX0.TY7mtIzsXOHxtx1OFFuU2gnCGksUbMAQUddRXe_GHow/image;s=2048x1536;q=80,https://ireland.apollo.olxcdn.com/v1/files/eyJhbGciOiJIUzI1NiIsInR5cCI6IkpXVCJ9.eyJmbiI6Ing4aHlyZGMxMzA1dTItQVBMIiwidyI6W3siZm4iOiJlbnZmcXFlMWF5NGsxLUFQTCIsInMiOiIxNiIsImEiOiIwIiwicCI6IjEwLC0xMCJ9XX0.sJG02J6fWY2APkGEZt1Tzg9i2aNT7BrltkWdIXAUYc4/image;s=2048x1536;q=80,https://ireland.apollo.olxcdn.com/v1/files/eyJhbGciOiJIUzI1NiIsInR5cCI6IkpXVCJ9.eyJmbiI6IjhkZTlkaWVpbXRoZzItQVBMIiwidyI6W3siZm4iOiJlbnZmcXFlMWF5NGsxLUFQTCIsInMiOiIxNiIsImEiOiIwIiwicCI6IjEwLC0xMCJ9XX0.anzojcTsYTbanawZGhgEjXVr4yDjczVEDsnhnSmKagQ/image;s=2048x1536;q=80",,,,,
68391868,dom,✅ Promocja DO Końca Września✅,136.49,4,,899000,6587,,Wiry,Wiry,,52.33239,16.83649,,,,https://www.otodom.pl/pl/oferta/promocja-do-konca-wrzesnia-ID4CXQE,"https://ireland.apollo.olxcdn.com/v1/files/eyJhbGciOiJIUzI1NiIsInR5cCI6IkpXVCJ9.eyJmbiI6InVvbmhsNWNmcWswbTItRUNPU1lTVEVNIiwidyI6W3siZm4iOiJlbnZmcXFlMWF5NGsxLUFQTCIsInMiOiIxNiIsImEiOiIwIiwicCI6IjEwLC0xMCJ9XX0.DuRa1MQJNBQqrtNLz3l0lUs6NFV0eMVB9YvbS0LsV3M/image;s=2048x1536;q=80,https://ireland.apollo.olxcdn.com/v1/files/eyJhbGciOiJIUzI1NiIsInR5cCI6IkpXVCJ9.eyJmbiI6Ijc1ZmlsM3M5ZHF2czMtRUNPU1lTVEVNIiwidyI6W3siZm4iOiJlbnZmcXFlMWF5NGsxLUFQTCIsInMiOiIxNiIsImEiOiIwIiwicCI6IjEwLC0xMCJ9XX0.WwGhNgXD_-PZPALktRcloexF6ciEREI8aYKTiWwzaiU/image;s=2048x1536;q=80,https://ireland.apollo.olxcdn.com/v1/files/eyJhbGciOiJIUzI1NiIsInR5cCI6IkpXVCJ9.eyJmbiI6InhoczJqOTI1NTFwbDEtRUNPU1lTVEVNIiwidyI6W3siZm4iOiJlbnZmcXFlMWF5NGsxLUFQTCIsInMiOiIxNiIsImEiOiIwIiwicCI6IjEwLC0xMCJ9XX0.SoAvjVp-GofdS7m5OQ4F93lUzur7eAngu4fpRaW3yRs/image;s=2048x1536;q=80",,,,,
68391017,dom,✅Lusówko / Garaż Lub Kuchnia albo Pokój  ✅,101.35,4,,899000,8870,,Rozalin,Lusówko,,52.41909,16.635052,,,,https://www.otodom.pl/pl/oferta/lusowko-garaz-lub-kuchnia-albo-pokoj-ID4CXCW,"https://ireland.apollo.olxcdn.com/v1/files/eyJhbGciOiJIUzI1NiIsInR5cCI6IkpXVCJ9.eyJmbiI6IjRnMjQzNGkzb3hpazMtRUNPU1lTVEVNIiwidyI6W3siZm4iOiJlbnZmcXFlMWF5NGsxLUFQTCIsInMiOiIxNiIsImEiOiIwIiwicCI6IjEwLC0xMCJ9XX0.LOLVWOA_ETuhfM-Myg5mqSmHc9b6gy0m5IHKRvsp0w4/image;s=2048x1536;q=80,https://ireland.apollo.olxcdn.com/v1/files/eyJhbGciOiJIUzI1NiIsInR5cCI6IkpXVCJ9.eyJmbiI6Imtmcmh3aG04NWs5MTEtRUNPU1lTVEVNIiwidyI6W3siZm4iOiJlbnZmcXFlMWF5NGsxLUFQTCIsInMiOiIxNiIsImEiOiIwIiwicCI6IjEwLC0xMCJ9XX0.wsTHf39AnJHMXgjNqEvRdRdxrAyFl_bNQ_m1Bnf6Pc8/image;s=2048x1536;q=80,https://ireland.apollo.olxcdn.com/v1/files/eyJhbGciOiJIUzI1NiIsInR5cCI6IkpXVCJ9.eyJmbiI6Im5yeWs3amdoc2lkdS1FQ09TWVNURU0iLCJ3IjpbeyJmbiI6ImVudmZxcWUxYXk0azEtQVBMIiwicyI6IjE2IiwiYSI6IjAiLCJwIjoiMTAsLTEwIn1dfQ.m_T8FzqgM8S6d_UgxPjPdhOTQDCRIzUhPFa1Y3KIrjU/image;s=2048x1536;q=80",,,,,
68390994,dom,✅Komorniki / Gotowe /  Działka 340 m2 ✅,104.9,4,,899000,8570,Chabrowa,Komorniki,,,52.3373,16.79243,,,,https://www.otodom.pl/pl/oferta/white-check-markkomorniki-gotowe-dzialka-340-m2-white-check-mark-ID4CXCy,"https://ireland.apollo.olxcdn.com/v1/files/eyJhbGciOiJIUzI1NiIsInR5cCI6IkpXVCJ9.eyJmbiI6IjRuMThvZGd5dnRxeTItRUNPU1lTVEVNIiwidyI6W3siZm4iOiJlbnZmcXFlMWF5NGsxLUFQTCIsInMiOiIxNiIsImEiOiIwIiwicCI6IjEwLC0xMCJ9XX0.y6_e9bV8Nih1ueOXxBIfB4CjOxU5IXcAgK2U8hQCkiU/image;s=2048x1536;q=80,https://ireland.apollo.olxcdn.com/v1/files/eyJhbGciOiJIUzI1NiIsInR5cCI6IkpXVCJ9.eyJmbiI6IjY0OGh1aTFkODc3cy1FQ09TWVNURU0iLCJ3IjpbeyJmbiI6ImVudmZxcWUxYXk0azEtQVBMIiwicyI6IjE2IiwiYSI6IjAiLCJwIjoiMTAsLTEwIn1dfQ.Qntf64jBt_W3bhOoxOw734Yqn0B3HD-VcmVSjE9XeC4/image;s=2048x1536;q=80,https://ireland.apollo.olxcdn.com/v1/files/eyJhbGciOiJIUzI1NiIsInR5cCI6IkpXVCJ9.eyJmbiI6ImljOXJsemZ6ZjJ1eDEtRUNPU1lTVEVNIiwidyI6W3siZm4iOiJlbnZmcXFlMWF5NGsxLUFQTCIsInMiOiIxNiIsImEiOiIwIiwicCI6IjEwLC0xMCJ9XX0.4L2Fy2-UPbjd_pPPPP4Lwh7amTszVjhsnn0Zev3RVOM/image;s=2048x1536;q=80",,,,,
68164293,dom,Dopiewiec / Dom / 6pok / 118m2 / Ogród  /,118.84,6,,899000,7565,ul. Szkolna,Dopiewiec,Dopiewiec,,52.360606,16.705032,,,,https://www.otodom.pl/pl/oferta/dopiewiec-dom-6pok-118m2-ogrod-ID4C0E5,"https://ireland.apollo.olxcdn.com/v1/files/eyJhbGciOiJIUzI1NiIsInR5cCI6IkpXVCJ9.eyJmbiI6Im5hamo1ZHFhbTA4cS1FQ09TWVNURU0iLCJ3IjpbeyJmbiI6ImVudmZxcWUxYXk0azEtQVBMIiwicyI6IjE2IiwiYSI6IjAiLCJwIjoiMTAsLTEwIn1dfQ.-kfDb5oihaLlkflcF8tdVTCtUiXM1NvP1B7FrqwHY-Q/image;s=2048x1536;q=80,https://ireland.apollo.olxcdn.com/v1/files/eyJhbGciOiJIUzI1NiIsInR5cCI6IkpXVCJ9.eyJmbiI6IjNndHcxaGVpbzJoejEtRUNPU1lTVEVNIiwidyI6W3siZm4iOiJlbnZmcXFlMWF5NGsxLUFQTCIsInMiOiIxNiIsImEiOiIwIiwicCI6IjEwLC0xMCJ9XX0.HuLJm15_XP_5NR1ZJGMpoLtlmSmo2OwDF7pke8gAUuE/image;s=2048x1536;q=80,https://ireland.apollo.olxcdn.com/v1/files/eyJhbGciOiJIUzI1NiIsInR5cCI6IkpXVCJ9.eyJmbiI6InVnNHVjeDk2cHBsNS1FQ09TWVNURU0iLCJ3IjpbeyJmbiI6ImVudmZxcWUxYXk0azEtQVBMIiwicyI6IjE2IiwiYSI6IjAiLCJwIjoiMTAsLTEwIn1dfQ.1aycEp6nAZTWIzHmt4C1jgevtHqr7Z_h44Qisrx2g6I/image;s=2048x1536;q=80",,,,,
67869758,dom,Pełne media/działka (487m2)/garaż/polecam,105.7,5,,899000,8505,,Swarzędz,Swarzędz,,52.4076,17.07351,,,,https://www.otodom.pl/pl/oferta/pelne-media-dzialka-487m2-garaz-polecam-ID4AM1v,"https://ireland.apollo.olxcdn.com/v1/files/eyJhbGciOiJIUzI1NiIsInR5cCI6IkpXVCJ9.eyJmbiI6IjN6MHlvOXYzbWdocTMtQVBMIiwidyI6W3siZm4iOiJlbnZmcXFlMWF5NGsxLUFQTCIsInMiOiIxNiIsImEiOiIwIiwicCI6IjEwLC0xMCJ9XX0.ag77prIJIT0hZ8cqGUCLkvLCJG4TVF5r_qMLSZq7_iY/image;s=2048x1536;q=80,https://ireland.apollo.olxcdn.com/v1/files/eyJhbGciOiJIUzI1NiIsInR5cCI6IkpXVCJ9.eyJmbiI6InNtd2toZm55M29rNi1BUEwiLCJ3IjpbeyJmbiI6ImVudmZxcWUxYXk0azEtQVBMIiwicyI6IjE2IiwiYSI6IjAiLCJwIjoiMTAsLTEwIn1dfQ.j0beAPugJo5PTzujRIJlHrUKoUt04993mowuKhdZs58/image;s=2048x1536;q=80,https://ireland.apollo.olxcdn.com/v1/files/eyJhbGciOiJIUzI1NiIsInR5cCI6IkpXVCJ9.eyJmbiI6InRmZHJoNmtjaXNrNy1BUEwiLCJ3IjpbeyJmbiI6ImVudmZxcWUxYXk0azEtQVBMIiwicyI6IjE2IiwiYSI6IjAiLCJwIjoiMTAsLTEwIn1dfQ.EL91ot5LyNpGX2zHZuLZhW87X7llsAPN0Ni7KhPg7Dk/image;s=2048x1536;q=80",,,,,
67904972,dom,Gruntowa Pompa ciepła! |Etap II Gerberowa,104,5,,899000,8644,Gerberowa,Jasin,Jasin,,52.416782,17.10164,,,,https://www.otodom.pl/pl/oferta/gruntowa-pompa-ciepla-etap-ii-gerberowa-ID4AWbu,"https://ireland.apollo.olxcdn.com/v1/files/eyJhbGciOiJIUzI1NiIsInR5cCI6IkpXVCJ9.eyJmbiI6ImVyNnd2Z3Q2d3Q1dDItQVBMIiwidyI6W3siZm4iOiJlbnZmcXFlMWF5NGsxLUFQTCIsInMiOiIxNiIsImEiOiIwIiwicCI6IjEwLC0xMCJ9XX0.AfiZyNJ6hHuxFL_0VBptCvg_bU2zH0cJmEcTb_HIEZA/image;s=2048x1536;q=80,https://ireland.apollo.olxcdn.com/v1/files/eyJhbGciOiJIUzI1NiIsInR5cCI6IkpXVCJ9.eyJmbiI6IjdybWVlNWdwbm40ZzItQVBMIiwidyI6W3siZm4iOiJlbnZmcXFlMWF5NGsxLUFQTCIsInMiOiIxNiIsImEiOiIwIiwicCI6IjEwLC0xMCJ9XX0.Pkffxi8Byj_8Sp-efcMGYV96vaqf06pY3Abme747mmg/image;s=2048x1536;q=80,https://ireland.apollo.olxcdn.com/v1/files/eyJhbGciOiJIUzI1NiIsInR5cCI6IkpXVCJ9.eyJmbiI6Ijk5cnYwNmVhMHpjeS1BUEwiLCJ3IjpbeyJmbiI6ImVudmZxcWUxYXk0azEtQVBMIiwicyI6IjE2IiwiYSI6IjAiLCJwIjoiMTAsLTEwIn1dfQ.ZhIlzIbgmDRE9c44fcaWQkRRUrARYDwLUFbyDjYw0_A/image;s=2048x1536;q=80",,,,,
68268884,dom,Dzień pokazowy na budowie 3.10 g. 10-13,100.58,4,,899000,8938,Graniczna,Przeźmierowo,Przeźmierowo,,52.42745,16.78375,,,,https://www.otodom.pl/pl/oferta/dzien-pokazowy-na-budowie-3-10-g-10-13-ID4CrR2,"https://ireland.apollo.olxcdn.com/v1/files/eyJhbGciOiJIUzI1NiIsInR5cCI6IkpXVCJ9.eyJmbiI6IjBzb3UwbDl0aHA5ei1FQ09TWVNURU0iLCJ3IjpbeyJmbiI6ImVudmZxcWUxYXk0azEtQVBMIiwicyI6IjE2IiwiYSI6IjAiLCJwIjoiMTAsLTEwIn1dfQ.kwc5BaUhLAbrG3b6uHLR7u6b55E6fsVzYngZOG6c18M/image;s=2048x1536;q=80,https://ireland.apollo.olxcdn.com/v1/files/eyJhbGciOiJIUzI1NiIsInR5cCI6IkpXVCJ9.eyJmbiI6ImV1NWZyZGl6dnh3cTItRUNPU1lTVEVNIiwidyI6W3siZm4iOiJlbnZmcXFlMWF5NGsxLUFQTCIsInMiOiIxNiIsImEiOiIwIiwicCI6IjEwLC0xMCJ9XX0.o6H_Ii0590KdtKQIMCV9XtxQdxrjHhXp3J7qEkDMuKc/image;s=2048x1536;q=80,https://ireland.apollo.olxcdn.com/v1/files/eyJhbGciOiJIUzI1NiIsInR5cCI6IkpXVCJ9.eyJmbiI6IjA3bGJmb3Rxaml2bzItRUNPU1lTVEVNIiwidyI6W3siZm4iOiJlbnZmcXFlMWF5NGsxLUFQTCIsInMiOiIxNiIsImEiOiIwIiwicCI6IjEwLC0xMCJ9XX0.rBHF1ObBvOr5B4fnXV1A6vdR3GzpSC72P2hN6TUBwCw/image;s=2048x1536;q=80",,,,,
68262089,dom,Dom przy lesie,101.35,4,,899000,8870,Agawy,Lusówko,Lusówko,,52.41733,16.63128,,,,https://www.otodom.pl/pl/oferta/dom-przy-lesie-ID4Cq5r,"https://ireland.apollo.olxcdn.com/v1/files/eyJhbGciOiJIUzI1NiIsInR5cCI6IkpXVCJ9.eyJmbiI6IjhtZmNmeDlvd29mNTMtRUNPU1lTVEVNIiwidyI6W3siZm4iOiJlbnZmcXFlMWF5NGsxLUFQTCIsInMiOiIxNiIsImEiOiIwIiwicCI6IjEwLC0xMCJ9XX0.LIVTHg2tBayvjstjOmuyjIYuA6bsjXpGvXrW-bPvEB4/image;s=2048x1536;q=80,https://ireland.apollo.olxcdn.com/v1/files/eyJhbGciOiJIUzI1NiIsInR5cCI6IkpXVCJ9.eyJmbiI6InVtNHBqcGlpZWtnODMtRUNPU1lTVEVNIiwidyI6W3siZm4iOiJlbnZmcXFlMWF5NGsxLUFQTCIsInMiOiIxNiIsImEiOiIwIiwicCI6IjEwLC0xMCJ9XX0.QpHIC2msEPC_LTbWHUVJrEOLF4xYeGsbJTLk13zXT3U/image;s=2048x1536;q=80,https://ireland.apollo.olxcdn.com/v1/files/eyJhbGciOiJIUzI1NiIsInR5cCI6IkpXVCJ9.eyJmbiI6ImlveW8yNTV5MGR2MzItRUNPU1lTVEVNIiwidyI6W3siZm4iOiJlbnZmcXFlMWF5NGsxLUFQTCIsInMiOiIxNiIsImEiOiIwIiwicCI6IjEwLC0xMCJ9XX0.OMtIc1n63YiB_3aXiLhM1Ouo8HVjazUqo-s9ISoadEE/image;s=2048x1536;q=80",,,,,
68258822,dom,GERBEROWA PARK - DOMY PREMIUM W SWARZĘDZU,103.56,6,,899000,8681,,Jasin,Jasin,,52.41678,17.10164,,,,https://www.otodom.pl/pl/oferta/gerberowa-park-domy-premium-w-swarzedzu-ID4CpeK,"https://ireland.apollo.olxcdn.com/v1/files/eyJhbGciOiJIUzI1NiIsInR5cCI6IkpXVCJ9.eyJmbiI6Im9hZXltdWY4b2hvbjItRUNPU1lTVEVNIiwidyI6W3siZm4iOiJlbnZmcXFlMWF5NGsxLUFQTCIsInMiOiIxNiIsImEiOiIwIiwicCI6IjEwLC0xMCJ9XX0.fq5xv84YCIVtTzJwT9VT22bLsWG8O0sbupydWjjEdyA/image;s=2048x1536;q=80,https://ireland.apollo.olxcdn.com/v1/files/eyJhbGciOiJIUzI1NiIsInR5cCI6IkpXVCJ9.eyJmbiI6Imw2eXkxcWE0MzA1MzMtRUNPU1lTVEVNIiwidyI6W3siZm4iOiJlbnZmcXFlMWF5NGsxLUFQTCIsInMiOiIxNiIsImEiOiIwIiwicCI6IjEwLC0xMCJ9XX0.HEwRYc9DKNtSGeccbZWIXGCbEAv7Aoj8zc0a2ER6TJM/image;s=2048x1536;q=80,https://ireland.apollo.olxcdn.com/v1/files/eyJhbGciOiJIUzI1NiIsInR5cCI6IkpXVCJ9.eyJmbiI6Inl5MDV3anBmY3R1eTItRUNPU1lTVEVNIiwidyI6W3siZm4iOiJlbnZmcXFlMWF5NGsxLUFQTCIsInMiOiIxNiIsImEiOiIwIiwicCI6IjEwLC0xMCJ9XX0.NiXykVyJnJcKEkSIU_uhmNz0REkeNhOfuhA19IX8Zrw/image;s=2048x1536;q=80",,,,,
68200339,dom,"Dom 136,49 m2/bliźniak/gotowy do odbioru",136.49,4,,899000,6587,ul. Brzoskwiniowa,Wiry,Wiry,,52.33232,16.84052,,,,https://www.otodom.pl/pl/oferta/dom-136-49-m2-blizniak-gotowy-do-odbioru-ID4Ca1t,"https://ireland.apollo.olxcdn.com/v1/files/eyJhbGciOiJIUzI1NiIsInR5cCI6IkpXVCJ9.eyJmbiI6Imk5NW5rOTJocmJqai1FQ09TWVNURU0iLCJ3IjpbeyJmbiI6ImVudmZxcWUxYXk0azEtQVBMIiwicyI6IjE2IiwiYSI6IjAiLCJwIjoiMTAsLTEwIn1dfQ.lAuPDVOCrho2WuFF3Ic-nJCyEqHgUt_a_cI7vE5LwaQ/image;s=2048x1536;q=80,https://ireland.apollo.olxcdn.com/v1/files/eyJhbGciOiJIUzI1NiIsInR5cCI6IkpXVCJ9.eyJmbiI6ImdibmRra3pyMXB4MjItRUNPU1lTVEVNIiwidyI6W3siZm4iOiJlbnZmcXFlMWF5NGsxLUFQTCIsInMiOiIxNiIsImEiOiIwIiwicCI6IjEwLC0xMCJ9XX0.Xei7pV59deNy2Iu4ZDZw74MQ8C19EciIB3tAadOGFxc/image;s=2048x1536;q=80,https://ireland.apollo.olxcdn.com/v1/files/eyJhbGciOiJIUzI1NiIsInR5cCI6IkpXVCJ9.eyJmbiI6InoxcWlvbzgyeWRnMDMtRUNPU1lTVEVNIiwidyI6W3siZm4iOiJlbnZmcXFlMWF5NGsxLUFQTCIsInMiOiIxNiIsImEiOiIwIiwicCI6IjEwLC0xMCJ9XX0.-yONja3mKRGkcBT7jGQ1_eUdxu-hWjWDsUTNvrdbUWg/image;s=2048x1536;q=80",,,,,
67630156,dom,"Dom z wyjściem do Puszczy Zielonki, odbiór w tym r",108.09,5,,899308,8320,Dębowa,Potasze,Potasze,,52.5195,17.006,,,,https://www.otodom.pl/pl/oferta/dom-z-wyjsciem-do-puszczy-zielonki-odbior-w-tym-r-ID4zLGY,"https://ireland.apollo.olxcdn.com/v1/files/eyJhbGciOiJIUzI1NiIsInR5cCI6IkpXVCJ9.eyJmbiI6IjB2cW9kcDVhdGx3aTEtQVBMIiwidyI6W3siZm4iOiJlbnZmcXFlMWF5NGsxLUFQTCIsInMiOiIxNiIsImEiOiIwIiwicCI6IjEwLC0xMCJ9XX0.BfLsZ3ui1kCTlH0t52gzzkNhjXcNjOmIyzQlRcBQOIs/image;s=2048x1536;q=80,https://ireland.apollo.olxcdn.com/v1/files/eyJhbGciOiJIUzI1NiIsInR5cCI6IkpXVCJ9.eyJmbiI6Im11dmw4czd3bWQzNDMtQVBMIiwidyI6W3siZm4iOiJlbnZmcXFlMWF5NGsxLUFQTCIsInMiOiIxNiIsImEiOiIwIiwicCI6IjEwLC0xMCJ9XX0.hRbAGgmvXoe1zaxP1z255oiQAxuULWjJQflmVhiz0fE/image;s=2048x1536;q=80,https://ireland.apollo.olxcdn.com/v1/files/eyJhbGciOiJIUzI1NiIsInR5cCI6IkpXVCJ9.eyJmbiI6ImhwbnFtZHRqd2NoMy1BUEwiLCJ3IjpbeyJmbiI6ImVudmZxcWUxYXk0azEtQVBMIiwicyI6IjE2IiwiYSI6IjAiLCJwIjoiMTAsLTEwIn1dfQ.T3pUZLmiiBSzJDp-7I9QQSA5a_QzqdhkXDuf56xMCkw/image;s=2048x1536;q=80",,,,,
68462152,dom,Dom bezpośrednio od dewelopera - 13 km Poznań ( BRAK PCC !!!),108.09,5,,899308,8320,,Potasze,Potasze,,52.52336,17.02593,,,,https://www.otodom.pl/pl/oferta/dom-bezposrednio-od-dewelopera-13-km-poznan-brak-pcc-ID4Dg8g,"https://ireland.apollo.olxcdn.com/v1/files/eyJhbGciOiJIUzI1NiIsInR5cCI6IkpXVCJ9.eyJmbiI6IjNoZTRocDg0eDJmdjItQVBMIiwidyI6W3siZm4iOiJlbnZmcXFlMWF5NGsxLUFQTCIsInMiOiIxNiIsImEiOiIwIiwicCI6IjEwLC0xMCJ9XX0.B1tz-n5tUooMba5oz85yC3lvks0v3-JqfdPuU3SoiDM/image;s=2048x1536;q=80,https://ireland.apollo.olxcdn.com/v1/files/eyJhbGciOiJIUzI1NiIsInR5cCI6IkpXVCJ9.eyJmbiI6Inh0aDU1eG9zMHhueC1BUEwiLCJ3IjpbeyJmbiI6ImVudmZxcWUxYXk0azEtQVBMIiwicyI6IjE2IiwiYSI6IjAiLCJwIjoiMTAsLTEwIn1dfQ.U-WwFCn_EX6dKbJQwhOMhy-FmaGAnf0yTMwvLu2SgFw/image;s=2048x1536;q=80,https://ireland.apollo.olxcdn.com/v1/files/eyJhbGciOiJIUzI1NiIsInR5cCI6IkpXVCJ9.eyJmbiI6InBmbHRrYWZpaWJyeDItQVBMIiwidyI6W3siZm4iOiJlbnZmcXFlMWF5NGsxLUFQTCIsInMiOiIxNiIsImEiOiIwIiwicCI6IjEwLC0xMCJ9XX0.NbLHNgR3U_mCsexJc0nW9G6tJ8cefSsNMKfms-JLrqA/image;s=2048x1536;q=80",,,,,
68371062,dom,Uwaga! Obniżka Ceny !,108.09,5,,899308.8,8320,,Potasze,Potasze,,52.52385,17.02625,,,,https://www.otodom.pl/pl/oferta/uwaga-obnizka-ceny-ID4CSr4,"https://ireland.apollo.olxcdn.com/v1/files/eyJhbGciOiJIUzI1NiIsInR5cCI6IkpXVCJ9.eyJmbiI6ImljZzhmdjlnMzJjNTMtQVBMIiwidyI6W3siZm4iOiJlbnZmcXFlMWF5NGsxLUFQTCIsInMiOiIxNiIsImEiOiIwIiwicCI6IjEwLC0xMCJ9XX0.y0XK3Gs4K6ggK-RS8oFCkGij1eivGCRw2ieWhwCP4mw/image;s=2048x1536;q=80,https://ireland.apollo.olxcdn.com/v1/files/eyJhbGciOiJIUzI1NiIsInR5cCI6IkpXVCJ9.eyJmbiI6ImxrbDRpczhpaDQxMDMtQVBMIiwidyI6W3siZm4iOiJlbnZmcXFlMWF5NGsxLUFQTCIsInMiOiIxNiIsImEiOiIwIiwicCI6IjEwLC0xMCJ9XX0.AzK-TpygxQ8oYgQUrrUNjjZb3A3m34yynKaBNLy0E38/image;s=2048x1536;q=80,https://ireland.apollo.olxcdn.com/v1/files/eyJhbGciOiJIUzI1NiIsInR5cCI6IkpXVCJ9.eyJmbiI6InpiYnc1d2Z3cXRyODItQVBMIiwidyI6W3siZm4iOiJlbnZmcXFlMWF5NGsxLUFQTCIsInMiOiIxNiIsImEiOiIwIiwicCI6IjEwLC0xMCJ9XX0.-mfnmb1B76gW2Ct1PnImrmWihpWnx8_m2Gb8CjiUwtw/image;s=2048x1536;q=80",,,,,
96837106200067,dom,Uwaga! Obniżka Ceny !,108.09,5,,899308.8,8320,,Potasze,Potasze,,52.52385,17.02625,,,,https://www.otodom.pl/pl/oferta/uwaga-obnizka-ceny-ID4CSr4,"https://ireland.apollo.olxcdn.com/v1/files/eyJhbGciOiJIUzI1NiIsInR5cCI6IkpXVCJ9.eyJmbiI6ImljZzhmdjlnMzJjNTMtQVBMIiwidyI6W3siZm4iOiJlbnZmcXFlMWF5NGsxLUFQTCIsInMiOiIxNiIsImEiOiIwIiwicCI6IjEwLC0xMCJ9XX0.y0XK3Gs4K6ggK-RS8oFCkGij1eivGCRw2ieWhwCP4mw/image;s=2048x1536;q=80,https://ireland.apollo.olxcdn.com/v1/files/eyJhbGciOiJIUzI1NiIsInR5cCI6IkpXVCJ9.eyJmbiI6ImxrbDRpczhpaDQxMDMtQVBMIiwidyI6W3siZm4iOiJlbnZmcXFlMWF5NGsxLUFQTCIsInMiOiIxNiIsImEiOiIwIiwicCI6IjEwLC0xMCJ9XX0.AzK-TpygxQ8oYgQUrrUNjjZb3A3m34yynKaBNLy0E38/image;s=2048x1536;q=80,https://ireland.apollo.olxcdn.com/v1/files/eyJhbGciOiJIUzI1NiIsInR5cCI6IkpXVCJ9.eyJmbiI6InpiYnc1d2Z3cXRyODItQVBMIiwidyI6W3siZm4iOiJlbnZmcXFlMWF5NGsxLUFQTCIsInMiOiIxNiIsImEiOiIwIiwicCI6IjEwLC0xMCJ9XX0.-mfnmb1B76gW2Ct1PnImrmWihpWnx8_m2Gb8CjiUwtw/image;s=2048x1536;q=80",,,,,
68399546,dom,Energooszczędny parterowy z 3 sypialniami. Fotowoltaika,90,4,,900000,10000,Kochanowskiego,Kostrzyn,Kostrzyn,,52.40098,17.22671,,,,https://www.otodom.pl/pl/oferta/energooszczedny-parterowy-z-3-sypialniami-fotowoltaika-ID4CZQu,"https://ireland.apollo.olxcdn.com/v1/files/eyJhbGciOiJIUzI1NiIsInR5cCI6IkpXVCJ9.eyJmbiI6IjA4Yngxc2x3MXpqbi1BUEwiLCJ3IjpbeyJmbiI6ImVudmZxcWUxYXk0azEtQVBMIiwicyI6IjE2IiwiYSI6IjAiLCJwIjoiMTAsLTEwIn1dfQ.pqwgV_sKR6yyKPc6d4j8fmo_VnIKTeO__JWmEb48It4/image;s=2048x1536;q=80,https://ireland.apollo.olxcdn.com/v1/files/eyJhbGciOiJIUzI1NiIsInR5cCI6IkpXVCJ9.eyJmbiI6InV6cGFoc3pjMXk0bTEtQVBMIiwidyI6W3siZm4iOiJlbnZmcXFlMWF5NGsxLUFQTCIsInMiOiIxNiIsImEiOiIwIiwicCI6IjEwLC0xMCJ9XX0.VCrTZw3RxPYeK-q-C_QF1nKDTSRxreb4qxcHOtmf7lI/image;s=2048x1536;q=80,https://ireland.apollo.olxcdn.com/v1/files/eyJhbGciOiJIUzI1NiIsInR5cCI6IkpXVCJ9.eyJmbiI6IjRmOHB5M3p3M3Q0MS1BUEwiLCJ3IjpbeyJmbiI6ImVudmZxcWUxYXk0azEtQVBMIiwicyI6IjE2IiwiYSI6IjAiLCJwIjoiMTAsLTEwIn1dfQ.CZZ2e7luikPfMUvnf0fJFHB11RHLyQzWjhmDRA0eqwA/image;s=2048x1536;q=80",,,,,
67842779,mieszkanie,4-pokojowe mieszkanie 76m2 + balkon Bez Prowizji,76.22,4,4,905886,11885,ul. Mogileńska,Warszawskie-Pomet-Maltańskie,Poznań,Atal Parkowa,52.410123,16.991362,,,,https://www.otodom.pl/pl/oferta/4-pokojowe-mieszkanie-76m2-balkon-bez-prowizji-ID4AF0n,"https://ireland.apollo.olxcdn.com/v1/files/eyJhbGciOiJIUzI1NiIsInR5cCI6IkpXVCJ9.eyJmbiI6ImdwaWJkYWNuenJuaDItRUNPU1lTVEVNIiwidyI6W3siZm4iOiJlbnZmcXFlMWF5NGsxLUFQTCIsInMiOiIxNiIsImEiOiIwIiwicCI6IjEwLC0xMCJ9XX0.C01Q9Nkwqs0hOtWd8Y083GXfb8FnEBAkIWkCt7N5ZME/image;s=2048x1536;q=80,https://ireland.apollo.olxcdn.com/v1/files/eyJhbGciOiJIUzI1NiIsInR5cCI6IkpXVCJ9.eyJmbiI6Im56bG1wdWN4NWdxbTItRUNPU1lTVEVNIiwidyI6W3siZm4iOiJlbnZmcXFlMWF5NGsxLUFQTCIsInMiOiIxNiIsImEiOiIwIiwicCI6IjEwLC0xMCJ9XX0.b7CcbnUR7cRmo8tOytmu-56IMmXoczA9_8ZylmK5J2w/image;s=2048x1536;q=80,https://ireland.apollo.olxcdn.com/v1/files/eyJhbGciOiJIUzI1NiIsInR5cCI6IkpXVCJ9.eyJmbiI6IjE3OW9zZDk2MDFmOTMtRUNPU1lTVEVNIiwidyI6W3siZm4iOiJlbnZmcXFlMWF5NGsxLUFQTCIsInMiOiIxNiIsImEiOiIwIiwicCI6IjEwLC0xMCJ9XX0.mkiE8NzsCjSbwG_h2evdEJIyriXhIMG67iKftAiOBY8/image;s=2048x1536;q=80",,,,,
68485415,mieszkanie,Dwupoziomowe z tarasem na dachu i 2 balkonami❗️,93.69,4,5,907856,9690,,Podolany,,,52.44379,16.89553,,,,https://www.otodom.pl/pl/oferta/dwupoziomowe-z-tarasem-na-dachu-i-2-balkonamiexclamation-ID4Dmbt,"https://ireland.apollo.olxcdn.com/v1/files/eyJhbGciOiJIUzI1NiIsInR5cCI6IkpXVCJ9.eyJmbiI6IndsajR0bGpjNzg2ajItRUNPU1lTVEVNIiwidyI6W3siZm4iOiJlbnZmcXFlMWF5NGsxLUFQTCIsInMiOiIxNiIsImEiOiIwIiwicCI6IjEwLC0xMCJ9XX0.eC6aqwNnbCc-TRZgnqUUuL-uazXdN3aclgPWP0_iUZ8/image;s=2048x1536;q=80,https://ireland.apollo.olxcdn.com/v1/files/eyJhbGciOiJIUzI1NiIsInR5cCI6IkpXVCJ9.eyJmbiI6ImpxZG9tbnY2aHdndi1FQ09TWVNURU0iLCJ3IjpbeyJmbiI6ImVudmZxcWUxYXk0azEtQVBMIiwicyI6IjE2IiwiYSI6IjAiLCJwIjoiMTAsLTEwIn1dfQ.Yps6AHlvfeOnikIf3GWzAJsx8_QtqOffFKpYPp3oHu0/image;s=2048x1536;q=80,https://ireland.apollo.olxcdn.com/v1/files/eyJhbGciOiJIUzI1NiIsInR5cCI6IkpXVCJ9.eyJmbiI6InBlN3F5ZTJhN3hwcTItRUNPU1lTVEVNIiwidyI6W3siZm4iOiJlbnZmcXFlMWF5NGsxLUFQTCIsInMiOiIxNiIsImEiOiIwIiwicCI6IjEwLC0xMCJ9XX0.nOmyNDFKe2G88Fo6IpM1VyVKkWklJo8srLxoV5QXxY8/image;s=2048x1536;q=80",,,,,
68208680,mieszkanie,Duże Piętrowe i Przestrzenne 4pok 93m2| Taras!,93.69,4,5,907856,9690,Jasielska,Podolany,Poznań,,52.456781,16.887939,,,,https://www.otodom.pl/pl/oferta/duze-pietrowe-i-przestrzenne-4pok-93m2-taras-ID4Ccc0,"https://ireland.apollo.olxcdn.com/v1/files/eyJhbGciOiJIUzI1NiIsInR5cCI6IkpXVCJ9.eyJmbiI6ImdnaTRpNmlzZGt0OS1FQ09TWVNURU0iLCJ3IjpbeyJmbiI6ImVudmZxcWUxYXk0azEtQVBMIiwicyI6IjE2IiwiYSI6IjAiLCJwIjoiMTAsLTEwIn1dfQ.gKmdvSRdroTb8bEO38x63lfVbi2VsKgL7lp6TdejzCw/image;s=2048x1536;q=80,https://ireland.apollo.olxcdn.com/v1/files/eyJhbGciOiJIUzI1NiIsInR5cCI6IkpXVCJ9.eyJmbiI6IjJ6eDFrMDBsYjdwdi1FQ09TWVNURU0iLCJ3IjpbeyJmbiI6ImVudmZxcWUxYXk0azEtQVBMIiwicyI6IjE2IiwiYSI6IjAiLCJwIjoiMTAsLTEwIn1dfQ.SPHjUororpZMpDfAiyIE5BgMh2RsEVkfuqdvwjWmI8k/image;s=2048x1536;q=80,https://ireland.apollo.olxcdn.com/v1/files/eyJhbGciOiJIUzI1NiIsInR5cCI6IkpXVCJ9.eyJmbiI6IjVoMHV4dzg4azN5dzEtRUNPU1lTVEVNIiwidyI6W3siZm4iOiJlbnZmcXFlMWF5NGsxLUFQTCIsInMiOiIxNiIsImEiOiIwIiwicCI6IjEwLC0xMCJ9XX0.Gbc3AKv2iSV8O_MGNyYwBMSsC0pUwVrKPv73lyS_GKw/image;s=2048x1536;q=80",,,,,
68433148,mieszkanie,3 pokoje -gotowe mieszkanie w promocyjnej cenie| JASIELSKA 8C,93.69,3,5,907856.1,9690,Jasielska 10C,Podolany,Poznań,,52.443035,16.891833,,,,https://www.otodom.pl/pl/oferta/3-pokoje-gotowe-mieszkanie-w-promocyjnej-cenie-jasielska-8c-ID4D8As,"https://ireland.apollo.olxcdn.com/v1/files/eyJhbGciOiJIUzI1NiIsInR5cCI6IkpXVCJ9.eyJmbiI6InkwMjkxcGlmeGxlcC1BUEwiLCJ3IjpbeyJmbiI6ImVudmZxcWUxYXk0azEtQVBMIiwicyI6IjE2IiwiYSI6IjAiLCJwIjoiMTAsLTEwIn1dfQ.B6gl5qktBm9DpoXs2yLdNyNMoKYPDHYFLfV-iqvyN5k/image;s=2048x1536;q=80,https://ireland.apollo.olxcdn.com/v1/files/eyJhbGciOiJIUzI1NiIsInR5cCI6IkpXVCJ9.eyJmbiI6ImswYmhybWtjbzVyYTMtQVBMIiwidyI6W3siZm4iOiJlbnZmcXFlMWF5NGsxLUFQTCIsInMiOiIxNiIsImEiOiIwIiwicCI6IjEwLC0xMCJ9XX0.VcTtY6y3HIdvy5Lrt7pan9rN-se2K-j_KLE19Ds5dW8/image;s=2048x1536;q=80,https://ireland.apollo.olxcdn.com/v1/files/eyJhbGciOiJIUzI1NiIsInR5cCI6IkpXVCJ9.eyJmbiI6ImhyeGJmZWxveGE0aTItQVBMIiwidyI6W3siZm4iOiJlbnZmcXFlMWF5NGsxLUFQTCIsInMiOiIxNiIsImEiOiIwIiwicCI6IjEwLC0xMCJ9XX0.oLTOngl8o9oXd9Lj-eHOgcrQJNqjDODCvTxnREYUAB8/image;s=2048x1536;q=80",,,,,
68403181,mieszkanie,CENTRUM JEŻYC - DWUSTRONNE - DWA WIELKIE BALKONY - WYSOKI STANDARD,92,3,1,910685,9899,ul. św. Wawrzyńca,Jeżyce,Poznań,,52.413479,16.902793,,,,https://www.otodom.pl/pl/oferta/centrum-jezyc-dwustronne-dwa-wielkie-balkony-wysoki-standard-ID4D0N7,"https://ireland.apollo.olxcdn.com/v1/files/eyJhbGciOiJIUzI1NiIsInR5cCI6IkpXVCJ9.eyJmbiI6IjJhenB0YTltcWQxejEtQVBMIiwidyI6W3siZm4iOiJlbnZmcXFlMWF5NGsxLUFQTCIsInMiOiIxNiIsImEiOiIwIiwicCI6IjEwLC0xMCJ9XX0.cOsNoYSer5hnbm_55wQ27nn-rPgrwhHp7--Up7YRzjU/image;s=2048x1536;q=80,https://ireland.apollo.olxcdn.com/v1/files/eyJhbGciOiJIUzI1NiIsInR5cCI6IkpXVCJ9.eyJmbiI6IjU5b2NibjhnY3RveDEtQVBMIiwidyI6W3siZm4iOiJlbnZmcXFlMWF5NGsxLUFQTCIsInMiOiIxNiIsImEiOiIwIiwicCI6IjEwLC0xMCJ9XX0.d0qz1aVXR9kUTEHG7SNRvg7KbTOzMLslgmmXdLqs01s/image;s=2048x1536;q=80,https://ireland.apollo.olxcdn.com/v1/files/eyJhbGciOiJIUzI1NiIsInR5cCI6IkpXVCJ9.eyJmbiI6Inhqd3Byb2wwNWJqeDItQVBMIiwidyI6W3siZm4iOiJlbnZmcXFlMWF5NGsxLUFQTCIsInMiOiIxNiIsImEiOiIwIiwicCI6IjEwLC0xMCJ9XX0.qwO8_AbSEOL8XssrNadrhD3Vg9GFJr_AM38KEuWNg-A/image;s=2048x1536;q=80",,,,,
68238817,mieszkanie,4-pokojowe mieszkanie 82m2 + 2 loggie,82.77,4,2,911067,11007,Heleny Tadeuszak,Starołęka Mała,Poznań,Unii Lubelskiej,52.374245,16.95292,,,,https://www.otodom.pl/pl/oferta/4-pokojowe-mieszkanie-82m2-2-loggie-ID4Ck25,"https://ireland.apollo.olxcdn.com/v1/files/eyJhbGciOiJIUzI1NiIsInR5cCI6IkpXVCJ9.eyJmbiI6IjhndDZxYnFmcG9jNDItRUNPU1lTVEVNIiwidyI6W3siZm4iOiJlbnZmcXFlMWF5NGsxLUFQTCIsInMiOiIxNiIsImEiOiIwIiwicCI6IjEwLC0xMCJ9XX0.kmgqH4lwrC3FCsrU7H18aIMwpL58DARAXehQ-f6VKhI/image;s=2048x1536;q=80,https://ireland.apollo.olxcdn.com/v1/files/eyJhbGciOiJIUzI1NiIsInR5cCI6IkpXVCJ9.eyJmbiI6IjExd2g4ZnV6bDQ0ai1FQ09TWVNURU0iLCJ3IjpbeyJmbiI6ImVudmZxcWUxYXk0azEtQVBMIiwicyI6IjE2IiwiYSI6IjAiLCJwIjoiMTAsLTEwIn1dfQ.PzRTZQ29Aab_I9oYNjCKCIOIxlp5DrhW0aixPTM1WEk/image;s=2048x1536;q=80,https://ireland.apollo.olxcdn.com/v1/files/eyJhbGciOiJIUzI1NiIsInR5cCI6IkpXVCJ9.eyJmbiI6IndrYW00cDlwMmZoaTEtRUNPU1lTVEVNIiwidyI6W3siZm4iOiJlbnZmcXFlMWF5NGsxLUFQTCIsInMiOiIxNiIsImEiOiIwIiwicCI6IjEwLC0xMCJ9XX0.bdp8LRyOIphe5zECtBMeqWKynaPi-8FoExC_L1RwCKo/image;s=2048x1536;q=80",,,,,
68445870,mieszkanie,CENTRUM JEŻYC - DWA BALKONY - OKNA WSCHÓD / ZACHÓD - WIDOK NA ZIELEŃ,92,4,5,913500,9929,ul. św. Wawrzyńca,Winogrady,Poznań,,52.425974,16.939207,,,,https://www.otodom.pl/pl/oferta/centrum-jezyc-dwa-balkony-okna-wschod-zachod-widok-na-zielen-ID4DbTE,"https://ireland.apollo.olxcdn.com/v1/files/eyJhbGciOiJIUzI1NiIsInR5cCI6IkpXVCJ9.eyJmbiI6IjFjMmQzNXFvcDd4ajItQVBMIiwidyI6W3siZm4iOiJlbnZmcXFlMWF5NGsxLUFQTCIsInMiOiIxNiIsImEiOiIwIiwicCI6IjEwLC0xMCJ9XX0.uBchaa7k2QyV5zSy6rdC7a3LQvYQW8YQScvCjisX6Ng/image;s=2048x1536;q=80,https://ireland.apollo.olxcdn.com/v1/files/eyJhbGciOiJIUzI1NiIsInR5cCI6IkpXVCJ9.eyJmbiI6IjA2aGtrNzhiNWR3eTEtQVBMIiwidyI6W3siZm4iOiJlbnZmcXFlMWF5NGsxLUFQTCIsInMiOiIxNiIsImEiOiIwIiwicCI6IjEwLC0xMCJ9XX0.zYhXN11rhS1Ii5sC0muGew5C2Ws334xFJ1m06gyrdt0/image;s=2048x1536;q=80,https://ireland.apollo.olxcdn.com/v1/files/eyJhbGciOiJIUzI1NiIsInR5cCI6IkpXVCJ9.eyJmbiI6Imx1OXNuejFxeWJ1bi1BUEwiLCJ3IjpbeyJmbiI6ImVudmZxcWUxYXk0azEtQVBMIiwicyI6IjE2IiwiYSI6IjAiLCJwIjoiMTAsLTEwIn1dfQ.uvlHZpL-ZV8udFovbZbX4YUPNAlK-jeVObkG1sPra7Q/image;s=2048x1536;q=80",,,,,
67842780,mieszkanie,4-pokojowe mieszkanie 76m2 + balkon Bez Prowizji,76.22,4,5,913508,11985,ul. Mogileńska,Warszawskie-Pomet-Maltańskie,Poznań,Atal Parkowa,52.410123,16.991362,,,,https://www.otodom.pl/pl/oferta/4-pokojowe-mieszkanie-76m2-balkon-bez-prowizji-ID4AF0o,"https://ireland.apollo.olxcdn.com/v1/files/eyJhbGciOiJIUzI1NiIsInR5cCI6IkpXVCJ9.eyJmbiI6ImNpaDlnMzJiYTJlOC1FQ09TWVNURU0iLCJ3IjpbeyJmbiI6ImVudmZxcWUxYXk0azEtQVBMIiwicyI6IjE2IiwiYSI6IjAiLCJwIjoiMTAsLTEwIn1dfQ.YnDLEHKIaa_Ku7Xz6MzE4R2I7dHahRS2b4ULO9zZw8s/image;s=2048x1536;q=80,https://ireland.apollo.olxcdn.com/v1/files/eyJhbGciOiJIUzI1NiIsInR5cCI6IkpXVCJ9.eyJmbiI6Im56bG1wdWN4NWdxbTItRUNPU1lTVEVNIiwidyI6W3siZm4iOiJlbnZmcXFlMWF5NGsxLUFQTCIsInMiOiIxNiIsImEiOiIwIiwicCI6IjEwLC0xMCJ9XX0.b7CcbnUR7cRmo8tOytmu-56IMmXoczA9_8ZylmK5J2w/image;s=2048x1536;q=80,https://ireland.apollo.olxcdn.com/v1/files/eyJhbGciOiJIUzI1NiIsInR5cCI6IkpXVCJ9.eyJmbiI6IjE3OW9zZDk2MDFmOTMtRUNPU1lTVEVNIiwidyI6W3siZm4iOiJlbnZmcXFlMWF5NGsxLUFQTCIsInMiOiIxNiIsImEiOiIwIiwicCI6IjEwLC0xMCJ9XX0.mkiE8NzsCjSbwG_h2evdEJIyriXhIMG67iKftAiOBY8/image;s=2048x1536;q=80",,,,,
68400403,mieszkanie,OGROMNY TARAS - OKNA WSCHÓD / ZACHÓD - WISOK NA ZIELEŃ - PREMIUM,92,4,1,913685,9931,ul. św. Wawrzyńca,Jeżyce,Poznań,,52.413479,16.902793,,,,https://www.otodom.pl/pl/oferta/ogromny-taras-okna-wschod-zachod-wisok-na-zielen-premium-ID4D04j,"https://ireland.apollo.olxcdn.com/v1/files/eyJhbGciOiJIUzI1NiIsInR5cCI6IkpXVCJ9.eyJmbiI6IndiNXpyc3VsNjFnOC1BUEwiLCJ3IjpbeyJmbiI6ImVudmZxcWUxYXk0azEtQVBMIiwicyI6IjE2IiwiYSI6IjAiLCJwIjoiMTAsLTEwIn1dfQ.EKXW96kjx5ggXygbkiabGVHgdhFVxodlMlEW3xNb_oc/image;s=2048x1536;q=80,https://ireland.apollo.olxcdn.com/v1/files/eyJhbGciOiJIUzI1NiIsInR5cCI6IkpXVCJ9.eyJmbiI6IjM1MXpnaDhidjg0bzItQVBMIiwidyI6W3siZm4iOiJlbnZmcXFlMWF5NGsxLUFQTCIsInMiOiIxNiIsImEiOiIwIiwicCI6IjEwLC0xMCJ9XX0.g_et3ZzTpBxX8qPZaaZQK_cZ6D1JkRpaJmuFtK89-wk/image;s=2048x1536;q=80,https://ireland.apollo.olxcdn.com/v1/files/eyJhbGciOiJIUzI1NiIsInR5cCI6IkpXVCJ9.eyJmbiI6InYyb3lmeGNtZnV6ZTItQVBMIiwidyI6W3siZm4iOiJlbnZmcXFlMWF5NGsxLUFQTCIsInMiOiIxNiIsImEiOiIwIiwicCI6IjEwLC0xMCJ9XX0.LmltfkD8sXOeiqAZLjAMUYXjRqLawQyGf8xAUD7OSP4/image;s=2048x1536;q=80",,,,,
67798744,dom,Swarzędz - Rabowice Nowy DOM z garażem 121m2. Działka 400m2,121.21,4,,916000,7557,,Rabowice,Rabowice,,52.387903,17.106933,,,,https://www.otodom.pl/pl/oferta/swarzedz-rabowice-nowy-dom-z-garazem-121m2-dzialka-400m2-ID4Aty8,"https://ireland.apollo.olxcdn.com/v1/files/eyJhbGciOiJIUzI1NiIsInR5cCI6IkpXVCJ9.eyJmbiI6ImZudjRpcm83bnM2cTMtQVBMIiwidyI6W3siZm4iOiJlbnZmcXFlMWF5NGsxLUFQTCIsInMiOiIxNiIsImEiOiIwIiwicCI6IjEwLC0xMCJ9XX0.1oDPMyYjlih64nUpbKZp-lGln43-Gbvo2U02YzPuRW8/image;s=2048x1536;q=80,https://ireland.apollo.olxcdn.com/v1/files/eyJhbGciOiJIUzI1NiIsInR5cCI6IkpXVCJ9.eyJmbiI6Inkwb3p1dWlyNWJ6by1BUEwiLCJ3IjpbeyJmbiI6ImVudmZxcWUxYXk0azEtQVBMIiwicyI6IjE2IiwiYSI6IjAiLCJwIjoiMTAsLTEwIn1dfQ.hoMglAVYtqVfG_WiZ1rao7m1tNoG6fgu9OQAlhcU98A/image;s=2048x1536;q=80,https://ireland.apollo.olxcdn.com/v1/files/eyJhbGciOiJIUzI1NiIsInR5cCI6IkpXVCJ9.eyJmbiI6InFubGNsczBqMHhlbzItQVBMIiwidyI6W3siZm4iOiJlbnZmcXFlMWF5NGsxLUFQTCIsInMiOiIxNiIsImEiOiIwIiwicCI6IjEwLC0xMCJ9XX0.anlwFLvJEVTGE4xsN5cX3PWhEUu2rcXh5n6zoc97tn8/image;s=2048x1536;q=80",,,,,
68426454,mieszkanie,JEŻYCE - DWUSTRONNE - TARAS - JAKOŚĆ PREMIUM,78,4,0,917500,11763,ul. św. Wawrzyńca,Jeżyce,Poznań,,52.413479,16.902793,,,,https://www.otodom.pl/pl/oferta/jezyce-dwustronne-taras-jakosc-premium-ID4D6Qu,"https://ireland.apollo.olxcdn.com/v1/files/eyJhbGciOiJIUzI1NiIsInR5cCI6IkpXVCJ9.eyJmbiI6ImVnbW83aDBlcXR6czEtRUNPU1lTVEVNIiwidyI6W3siZm4iOiJlbnZmcXFlMWF5NGsxLUFQTCIsInMiOiIxNiIsImEiOiIwIiwicCI6IjEwLC0xMCJ9XX0.P5jAnaVz2UyctQ2nHSqxA3o9IwSZRX3VCG8lVhN0ulE/image;s=2048x1536;q=80,https://ireland.apollo.olxcdn.com/v1/files/eyJhbGciOiJIUzI1NiIsInR5cCI6IkpXVCJ9.eyJmbiI6InU0Nmp4b2RzZ3pxOS1FQ09TWVNURU0iLCJ3IjpbeyJmbiI6ImVudmZxcWUxYXk0azEtQVBMIiwicyI6IjE2IiwiYSI6IjAiLCJwIjoiMTAsLTEwIn1dfQ.9u5WZzmqffxBeiuV-Tt3JvM6M2liGiTT57jyHXs6WG0/image;s=2048x1536;q=80,https://ireland.apollo.olxcdn.com/v1/files/eyJhbGciOiJIUzI1NiIsInR5cCI6IkpXVCJ9.eyJmbiI6IjRwcWlqNDc1NGRkZjEtRUNPU1lTVEVNIiwidyI6W3siZm4iOiJlbnZmcXFlMWF5NGsxLUFQTCIsInMiOiIxNiIsImEiOiIwIiwicCI6IjEwLC0xMCJ9XX0.3FGF31byjJEs37HSICrsP1oZTNQ6LdRtWkZS6r1BFUE/image;s=2048x1536;q=80",,,,,
68307796,mieszkanie,Przestronne 3pok. 72m2 z Ogródkiem| Polanka,72.01,3,0,917706,12744,Polanka,Łacina,Poznań,,52.39901,16.96222,,,,https://www.otodom.pl/pl/oferta/przestronne-3pok-72m2-z-ogrodkiem-polanka-ID4CBYE,"https://ireland.apollo.olxcdn.com/v1/files/eyJhbGciOiJIUzI1NiIsInR5cCI6IkpXVCJ9.eyJmbiI6IjBqMnVzeDBwdmc4azItRUNPU1lTVEVNIiwidyI6W3siZm4iOiJlbnZmcXFlMWF5NGsxLUFQTCIsInMiOiIxNiIsImEiOiIwIiwicCI6IjEwLC0xMCJ9XX0.wdbjyjI-9tBKSD0P1kzCo8eHTkMirYY52XPsTzBifI8/image;s=2048x1536;q=80,https://ireland.apollo.olxcdn.com/v1/files/eyJhbGciOiJIUzI1NiIsInR5cCI6IkpXVCJ9.eyJmbiI6IjgyZnlxNXF1YnVqbzMtRUNPU1lTVEVNIiwidyI6W3siZm4iOiJlbnZmcXFlMWF5NGsxLUFQTCIsInMiOiIxNiIsImEiOiIwIiwicCI6IjEwLC0xMCJ9XX0.JhQ7Ab5Q-SGcNmtIk7IKna6TjCs6byWTzn4t0s1vC28/image;s=2048x1536;q=80,https://ireland.apollo.olxcdn.com/v1/files/eyJhbGciOiJIUzI1NiIsInR5cCI6IkpXVCJ9.eyJmbiI6InEyMzdzNHE2YWtkdTMtRUNPU1lTVEVNIiwidyI6W3siZm4iOiJlbnZmcXFlMWF5NGsxLUFQTCIsInMiOiIxNiIsImEiOiIwIiwicCI6IjEwLC0xMCJ9XX0.GT7dZB4fMNcgGx52ZpgSTnz5cEySh_jgaRIvxwi-qu0/image;s=2048x1536;q=80",,,,,
67695885,mieszkanie,Duża loggia. I piętro. 4 pokojowe. Salon z widokiem na drzewa,73.54,4,1,919000,12497,ul. Romana Dmowskiego,Górczyn,Poznań,Kwadrat Dmowskiego - NOWA OFERTA,52.38381,16.89437,,,,https://www.otodom.pl/pl/oferta/duza-loggia-i-pietro-4-pokojowe-salon-z-widokiem-na-drzewa-ID4A2N7,"https://ireland.apollo.olxcdn.com/v1/files/eyJhbGciOiJIUzI1NiIsInR5cCI6IkpXVCJ9.eyJmbiI6IjZqbGt2cjluNWEzOS1BUEwiLCJ3IjpbeyJmbiI6ImVudmZxcWUxYXk0azEtQVBMIiwicyI6IjE2IiwiYSI6IjAiLCJwIjoiMTAsLTEwIn1dfQ.jew6i_h4On7dRStAuHT8HUxa6sDAI8etXyFblOgUVWw/image;s=2048x1536;q=80,https://ireland.apollo.olxcdn.com/v1/files/eyJhbGciOiJIUzI1NiIsInR5cCI6IkpXVCJ9.eyJmbiI6ImVwb3JpOWhqdm1xNTItQVBMIiwidyI6W3siZm4iOiJlbnZmcXFlMWF5NGsxLUFQTCIsInMiOiIxNiIsImEiOiIwIiwicCI6IjEwLC0xMCJ9XX0.pTmvPG6KUtJg2DYXERKtxDofi6V7BY22JX5Zi8CwWMQ/image;s=2048x1536;q=80,https://ireland.apollo.olxcdn.com/v1/files/eyJhbGciOiJIUzI1NiIsInR5cCI6IkpXVCJ9.eyJmbiI6InUwbXA3eWV0NW02aDMtQVBMIiwidyI6W3siZm4iOiJlbnZmcXFlMWF5NGsxLUFQTCIsInMiOiIxNiIsImEiOiIwIiwicCI6IjEwLC0xMCJ9XX0.SaUE0unjCkPhAYGrdb_y2aj3LlZetZGgvuw11LbCuxI/image;s=2048x1536;q=80",,,,,
67748076,dom,Nowy Bliźniak Na Kameralnym Mikroosieldu-Plewiska,94.5,4,,919000,9725,,Plewiska,Plewiska,,52.364078,16.801477,,,,https://www.otodom.pl/pl/oferta/nowy-blizniak-na-kameralnym-mikroosieldu-plewiska-ID4AgmU,"https://ireland.apollo.olxcdn.com/v1/files/eyJhbGciOiJIUzI1NiIsInR5cCI6IkpXVCJ9.eyJmbiI6Imk1cnMzNjh6Z2JsOS1BUEwiLCJ3IjpbeyJmbiI6ImVudmZxcWUxYXk0azEtQVBMIiwicyI6IjE2IiwiYSI6IjAiLCJwIjoiMTAsLTEwIn1dfQ.c5jz-SCNuub-kF-CSlrIVegJGpnpvuokJa7cs36DvUQ/image;s=2048x1536;q=80,https://ireland.apollo.olxcdn.com/v1/files/eyJhbGciOiJIUzI1NiIsInR5cCI6IkpXVCJ9.eyJmbiI6ImY4OHJ4YXNsbDBwZTItQVBMIiwidyI6W3siZm4iOiJlbnZmcXFlMWF5NGsxLUFQTCIsInMiOiIxNiIsImEiOiIwIiwicCI6IjEwLC0xMCJ9XX0.yZOUWpCJAIfV6TZ9ihJycGSifg4dbQcKBMfkElJ9-fw/image;s=2048x1536;q=80,https://ireland.apollo.olxcdn.com/v1/files/eyJhbGciOiJIUzI1NiIsInR5cCI6IkpXVCJ9.eyJmbiI6InIwNGV2OHplbGhwMjEtQVBMIiwidyI6W3siZm4iOiJlbnZmcXFlMWF5NGsxLUFQTCIsInMiOiIxNiIsImEiOiIwIiwicCI6IjEwLC0xMCJ9XX0.C5fo07IkxtZhvnETPukFyAvenzesglztYvgBBSTZo1A/image;s=2048x1536;q=80",,,,,
67400335,dom,Dom 110 m2 przy lesie,109.25,4,,920000,8421,Błyszcząca,Kamionki,Kamionki,,52.28158,16.99666,,,,https://www.otodom.pl/pl/oferta/dom-110-m2-przy-lesie-ID4yNUb,"https://ireland.apollo.olxcdn.com/v1/files/eyJhbGciOiJIUzI1NiIsInR5cCI6IkpXVCJ9.eyJmbiI6IjY2Z3RycDU4eDQ1aTItQVBMIiwidyI6W3siZm4iOiJlbnZmcXFlMWF5NGsxLUFQTCIsInMiOiIxNiIsImEiOiIwIiwicCI6IjEwLC0xMCJ9XX0.2w8N8dNTH5khOqxOwqi-YqHqsSiKR-xH6_pWYcyfLhE/image;s=2048x1536;q=80,https://ireland.apollo.olxcdn.com/v1/files/eyJhbGciOiJIUzI1NiIsInR5cCI6IkpXVCJ9.eyJmbiI6IngzNmEydDc1dm5leTEtQVBMIiwidyI6W3siZm4iOiJlbnZmcXFlMWF5NGsxLUFQTCIsInMiOiIxNiIsImEiOiIwIiwicCI6IjEwLC0xMCJ9XX0.EMszZJ--pE9ypRSOMypJuwG-AQNM6Wap2mv0beLwpTc/image;s=2048x1536;q=80,https://ireland.apollo.olxcdn.com/v1/files/eyJhbGciOiJIUzI1NiIsInR5cCI6IkpXVCJ9.eyJmbiI6Im9mc3d0eHBkb2szYy1BUEwiLCJ3IjpbeyJmbiI6ImVudmZxcWUxYXk0azEtQVBMIiwicyI6IjE2IiwiYSI6IjAiLCJwIjoiMTAsLTEwIn1dfQ.BTAN8Kooy_nxBXE3ynuttpjtzdrbUK7g025jNOdIMP8/image;s=2048x1536;q=80",,,,,
68433059,mieszkanie,4-pokojowe mieszkanie 76m2 + balkon Bezpośrednio,76.73,4,3,920760,12000,ul. Unii Lubelskiej 8,Starołęka Mała,Poznań,Przy Unii,52.372807,16.946816,,,,https://www.otodom.pl/pl/oferta/4-pokojowe-mieszkanie-76m2-balkon-bezposrednio-ID4D8z1,"https://ireland.apollo.olxcdn.com/v1/files/eyJhbGciOiJIUzI1NiIsInR5cCI6IkpXVCJ9.eyJmbiI6IjJmeW1kcTQwdTZkNjMtRUNPU1lTVEVNIiwidyI6W3siZm4iOiJlbnZmcXFlMWF5NGsxLUFQTCIsInMiOiIxNiIsImEiOiIwIiwicCI6IjEwLC0xMCJ9XX0.jez9x9RABecTmadjc92CK6LbwX3QC_Md_Jm5MyoA_do/image;s=2048x1536;q=80,https://ireland.apollo.olxcdn.com/v1/files/eyJhbGciOiJIUzI1NiIsInR5cCI6IkpXVCJ9.eyJmbiI6ImppZTZndWx1OWMyazItRUNPU1lTVEVNIiwidyI6W3siZm4iOiJlbnZmcXFlMWF5NGsxLUFQTCIsInMiOiIxNiIsImEiOiIwIiwicCI6IjEwLC0xMCJ9XX0.H4z_uSdEmV4TNlWAOTeC96EjA_snEMfD7bx8TW3NVmE/image;s=2048x1536;q=80,https://ireland.apollo.olxcdn.com/v1/files/eyJhbGciOiJIUzI1NiIsInR5cCI6IkpXVCJ9.eyJmbiI6ImVnaGVsc21wZWpuajEtRUNPU1lTVEVNIiwidyI6W3siZm4iOiJlbnZmcXFlMWF5NGsxLUFQTCIsInMiOiIxNiIsImEiOiIwIiwicCI6IjEwLC0xMCJ9XX0.vnTMkxAzJkLv47t6wMvyYhiNZj9aNLxM8DVVG5NsdQg/image;s=2048x1536;q=80",,,,,
64709718,mieszkanie,Mieszkanie z balkonem z garażem i komórką w cenie,75,4,2,922836,12304,Ceglana,Rudnicze,Poznań,,52.3722,16.86155,,,,https://www.otodom.pl/pl/oferta/mieszkanie-z-balkonem-z-garazem-i-komorka-w-cenie-ID4nwX8,"https://ireland.apollo.olxcdn.com/v1/files/eyJhbGciOiJIUzI1NiIsInR5cCI6IkpXVCJ9.eyJmbiI6Imh3NHloNnBqaXF0di1FQ09TWVNURU0iLCJ3IjpbeyJmbiI6ImVudmZxcWUxYXk0azEtQVBMIiwicyI6IjE2IiwiYSI6IjAiLCJwIjoiMTAsLTEwIn1dfQ.Ljlm4IXLX3iqL6J0QTjdTsKlvm_ALsDY8xRmLozEpQ4/image;s=2048x1536;q=80,https://ireland.apollo.olxcdn.com/v1/files/eyJhbGciOiJIUzI1NiIsInR5cCI6IkpXVCJ9.eyJmbiI6IjV0ZXJ2cXZ3aXkzcTItRUNPU1lTVEVNIiwidyI6W3siZm4iOiJlbnZmcXFlMWF5NGsxLUFQTCIsInMiOiIxNiIsImEiOiIwIiwicCI6IjEwLC0xMCJ9XX0.PrdOvxbwmL1Ww__-H-hKtUJZ6gx_o9Gd3ZHjDvbKrGQ/image;s=2048x1536;q=80,https://ireland.apollo.olxcdn.com/v1/files/eyJhbGciOiJIUzI1NiIsInR5cCI6IkpXVCJ9.eyJmbiI6IjBxcmt5ZXI5ZWlkMTMtRUNPU1lTVEVNIiwidyI6W3siZm4iOiJlbnZmcXFlMWF5NGsxLUFQTCIsInMiOiIxNiIsImEiOiIwIiwicCI6IjEwLC0xMCJ9XX0.YiyMeD4U8oCyoanq0YBh34gJxt4TwOSikL_BtKAgA9I/image;s=2048x1536;q=80",,,,,
66288583,mieszkanie,3-pokojowe mieszkanie 80m2 + ogródek,80.66,3,0,927850,11503,ul. Piątkowska,Winiary,Poznań,Witosa Park,52.43822,16.90979,,,,https://www.otodom.pl/pl/oferta/3-pokojowe-mieszkanie-80m2-ogrodek-ID4u8GH,"https://ireland.apollo.olxcdn.com/v1/files/eyJhbGciOiJIUzI1NiIsInR5cCI6IkpXVCJ9.eyJmbiI6InQyaGx2OTh6dXNvZy1FQ09TWVNURU0iLCJ3IjpbeyJmbiI6ImVudmZxcWUxYXk0azEtQVBMIiwicyI6IjE2IiwiYSI6IjAiLCJwIjoiMTAsLTEwIn1dfQ.xt-UHWGbnaRt5KYqspDKdOLRBJLz6lvZyxXPYz8ip-c/image;s=2048x1536;q=80,https://ireland.apollo.olxcdn.com/v1/files/eyJhbGciOiJIUzI1NiIsInR5cCI6IkpXVCJ9.eyJmbiI6Ims2cnp0OXZ5YjBzazMtRUNPU1lTVEVNIiwidyI6W3siZm4iOiJlbnZmcXFlMWF5NGsxLUFQTCIsInMiOiIxNiIsImEiOiIwIiwicCI6IjEwLC0xMCJ9XX0.v_IZdD6OuwiVDhFVKS_basS5gTr4KEUTPon1f6nlsMk/image;s=2048x1536;q=80,https://ireland.apollo.olxcdn.com/v1/files/eyJhbGciOiJIUzI1NiIsInR5cCI6IkpXVCJ9.eyJmbiI6InV6Z3g3YzBobGg1cDItRUNPU1lTVEVNIiwidyI6W3siZm4iOiJlbnZmcXFlMWF5NGsxLUFQTCIsInMiOiIxNiIsImEiOiIwIiwicCI6IjEwLC0xMCJ9XX0.FfLsWr-JzpVn75DVxJ9MD24YzTSw-O2T7EVFdyxEva4/image;s=2048x1536;q=80",,,,,
68361812,mieszkanie,"Komfortowe,dwustronne❗️2 balkony❗️Opcja pod klucz❗",81.09,4,1,928000,11444,,Rataje,Poznań,,52.382758,16.952265,,,,https://www.otodom.pl/pl/oferta/komfortowe-dwustronne2-balkonyopcja-pod-klucz-ID4CQ1S,"https://ireland.apollo.olxcdn.com/v1/files/eyJhbGciOiJIUzI1NiIsInR5cCI6IkpXVCJ9.eyJmbiI6Ijd6cW44bjlqbDg1azEtRUNPU1lTVEVNIiwidyI6W3siZm4iOiJlbnZmcXFlMWF5NGsxLUFQTCIsInMiOiIxNiIsImEiOiIwIiwicCI6IjEwLC0xMCJ9XX0.OTY1LUismpkqkPq6NtBFEJonD09l5vux5j9ljb0cxrM/image;s=2048x1536;q=80,https://ireland.apollo.olxcdn.com/v1/files/eyJhbGciOiJIUzI1NiIsInR5cCI6IkpXVCJ9.eyJmbiI6IjIyd244YjdhcXhmZTItRUNPU1lTVEVNIiwidyI6W3siZm4iOiJlbnZmcXFlMWF5NGsxLUFQTCIsInMiOiIxNiIsImEiOiIwIiwicCI6IjEwLC0xMCJ9XX0.W2wJw3apiA6NV6LaYB3gz9rteo6g48gUZfKvXAvt7qY/image;s=2048x1536;q=80,https://ireland.apollo.olxcdn.com/v1/files/eyJhbGciOiJIUzI1NiIsInR5cCI6IkpXVCJ9.eyJmbiI6ImFkbTF3ajZsbXA1Zy1FQ09TWVNURU0iLCJ3IjpbeyJmbiI6ImVudmZxcWUxYXk0azEtQVBMIiwicyI6IjE2IiwiYSI6IjAiLCJwIjoiMTAsLTEwIn1dfQ.Rc9m9rPxYb9RScURy18ZtpgbJhgPAV8tBFne_z_JKjc/image;s=2048x1536;q=80",,,,,
67803578,mieszkanie,Nowoczesny lokal w domu parterowym,105,5,0,929000,8848,ul. Bosmańska,Lusówko,Lusówko,,52.43612,16.64226,,,,https://www.otodom.pl/pl/oferta/nowoczesny-lokal-w-domu-parterowym-ID4AuO6,"https://ireland.apollo.olxcdn.com/v1/files/eyJhbGciOiJIUzI1NiIsInR5cCI6IkpXVCJ9.eyJmbiI6Im5na2xtaWZobzIzMTMtQVBMIiwidyI6W3siZm4iOiJlbnZmcXFlMWF5NGsxLUFQTCIsInMiOiIxNiIsImEiOiIwIiwicCI6IjEwLC0xMCJ9XX0.5BxZY6mVrInvCnPJqUW5Jmm2SxNfI23C6wluCqaFkEQ/image;s=2048x1536;q=80,https://ireland.apollo.olxcdn.com/v1/files/eyJhbGciOiJIUzI1NiIsInR5cCI6IkpXVCJ9.eyJmbiI6InB2cDVvNXpuYTJjdTMtQVBMIiwidyI6W3siZm4iOiJlbnZmcXFlMWF5NGsxLUFQTCIsInMiOiIxNiIsImEiOiIwIiwicCI6IjEwLC0xMCJ9XX0.XVG68CQ6cpRVfZq4umVryjt4_GhjE0ZQJe-AWedM7Do/image;s=2048x1536;q=80,https://ireland.apollo.olxcdn.com/v1/files/eyJhbGciOiJIUzI1NiIsInR5cCI6IkpXVCJ9.eyJmbiI6IjVodTZ4N3A2dGVxay1BUEwiLCJ3IjpbeyJmbiI6ImVudmZxcWUxYXk0azEtQVBMIiwicyI6IjE2IiwiYSI6IjAiLCJwIjoiMTAsLTEwIn1dfQ.5BzTUeSJDYP5L8s4Wj2mjzGUCESnjzCqSfo2Heel66E/image;s=2048x1536;q=80",,,,,
67803521,dom,Osiedle Morskie Zabudowa parterowa Lusówko 105m2,105,5,,929000,8848,ul. Bosmańska,Lusówko,,,52.43631,16.64045,,,,https://www.otodom.pl/pl/oferta/osiedle-morskie-zabudowa-parterowa-lusowko-105m2-ID4AuNb,"https://ireland.apollo.olxcdn.com/v1/files/eyJhbGciOiJIUzI1NiIsInR5cCI6IkpXVCJ9.eyJmbiI6Im9ieGxzcnZpcXRmaTEtQVBMIiwidyI6W3siZm4iOiJlbnZmcXFlMWF5NGsxLUFQTCIsInMiOiIxNiIsImEiOiIwIiwicCI6IjEwLC0xMCJ9XX0.BgFrBTCKCpm68VkonYflUThEk-J5Hs2HA9aj-89xAUc/image;s=2048x1536;q=80,https://ireland.apollo.olxcdn.com/v1/files/eyJhbGciOiJIUzI1NiIsInR5cCI6IkpXVCJ9.eyJmbiI6InlmMWNuaTVmdmN5NC1BUEwiLCJ3IjpbeyJmbiI6ImVudmZxcWUxYXk0azEtQVBMIiwicyI6IjE2IiwiYSI6IjAiLCJwIjoiMTAsLTEwIn1dfQ.PWczMV-R8UG0VrRWh9TvdTgTmhpKMSN68Zhsa9IAiTc/image;s=2048x1536;q=80",,,,,
68396778,dom,ostatni-BliźniakPREMIUM-garaż-pompa ciepła-blisko Rokietnicy i Kiekrza,105.58,5,,929000,8799,ul. Afiszowa,Napachanie,Napachanie,,52.492,16.74119,,,,https://www.otodom.pl/pl/oferta/ostatni-blizniakpremium-garaz-pompa-ciepla-blisko-rokietnicy-i-kiekrza-ID4CZ7Q,"https://ireland.apollo.olxcdn.com/v1/files/eyJhbGciOiJIUzI1NiIsInR5cCI6IkpXVCJ9.eyJmbiI6IjF1NHRqYzRtYjI0dS1BUEwiLCJ3IjpbeyJmbiI6ImVudmZxcWUxYXk0azEtQVBMIiwicyI6IjE2IiwiYSI6IjAiLCJwIjoiMTAsLTEwIn1dfQ.xcqjr0ItitDLy6LDELKv1ThfGHL0DDKoAzPxzblEKk0/image;s=2048x1536;q=80,https://ireland.apollo.olxcdn.com/v1/files/eyJhbGciOiJIUzI1NiIsInR5cCI6IkpXVCJ9.eyJmbiI6IjU4aTg2eWxvdHpwei1BUEwiLCJ3IjpbeyJmbiI6ImVudmZxcWUxYXk0azEtQVBMIiwicyI6IjE2IiwiYSI6IjAiLCJwIjoiMTAsLTEwIn1dfQ.slePzrWfLqKn49zrOg5C23hE6NbT78ifNDtAP1c6Yao/image;s=2048x1536;q=80,https://ireland.apollo.olxcdn.com/v1/files/eyJhbGciOiJIUzI1NiIsInR5cCI6IkpXVCJ9.eyJmbiI6InNkeDdodnRibnZ3MS1BUEwiLCJ3IjpbeyJmbiI6ImVudmZxcWUxYXk0azEtQVBMIiwicyI6IjE2IiwiYSI6IjAiLCJwIjoiMTAsLTEwIn1dfQ.wmuNXMC7cseufeGvZahloa9aHCKvF3rdaZtRWViCn50/image;s=2048x1536;q=80",,,,,
68390993,dom,✅Komorniki / Gotowe /  Działka 520 m2 ✅,104.9,4,,929000,8856,Chabrowa,Komorniki,,,52.3373,16.79243,,,,https://www.otodom.pl/pl/oferta/white-check-markkomorniki-gotowe-dzialka-520-m2-white-check-mark-ID4CXCx,"https://ireland.apollo.olxcdn.com/v1/files/eyJhbGciOiJIUzI1NiIsInR5cCI6IkpXVCJ9.eyJmbiI6ImJyajhpdHl1M253dzEtRUNPU1lTVEVNIiwidyI6W3siZm4iOiJlbnZmcXFlMWF5NGsxLUFQTCIsInMiOiIxNiIsImEiOiIwIiwicCI6IjEwLC0xMCJ9XX0.ypXyPCtrTq2x1v8anhufSbR-GL2EnLMDnCAV75H8K2w/image;s=2048x1536;q=80,https://ireland.apollo.olxcdn.com/v1/files/eyJhbGciOiJIUzI1NiIsInR5cCI6IkpXVCJ9.eyJmbiI6InZmeHdmNnY5bXE0czMtRUNPU1lTVEVNIiwidyI6W3siZm4iOiJlbnZmcXFlMWF5NGsxLUFQTCIsInMiOiIxNiIsImEiOiIwIiwicCI6IjEwLC0xMCJ9XX0.ltXNetKUMM1_qNIvEJg1udxbILJ9ZZwdQGyP3MhOts0/image;s=2048x1536;q=80,https://ireland.apollo.olxcdn.com/v1/files/eyJhbGciOiJIUzI1NiIsInR5cCI6IkpXVCJ9.eyJmbiI6IjJzY29jZHk5bzRvZC1FQ09TWVNURU0iLCJ3IjpbeyJmbiI6ImVudmZxcWUxYXk0azEtQVBMIiwicyI6IjE2IiwiYSI6IjAiLCJwIjoiMTAsLTEwIn1dfQ.usnHeYauqJ6rt5kOsYsGvBTyBBcJQ9zr8lLwKMb8vg8/image;s=2048x1536;q=80",,,,,
68258774,dom,GERBEROWA PARK - DOMY PREMIUM W SWARZĘDZU,103.56,6,,929000,8971,,Jasin,Jasin,,52.41678,17.10164,,,,https://www.otodom.pl/pl/oferta/gerberowa-park-domy-premium-w-swarzedzu-ID4CpdY,"https://ireland.apollo.olxcdn.com/v1/files/eyJhbGciOiJIUzI1NiIsInR5cCI6IkpXVCJ9.eyJmbiI6Inl4bzNpYWFtcGh3MjMtRUNPU1lTVEVNIiwidyI6W3siZm4iOiJlbnZmcXFlMWF5NGsxLUFQTCIsInMiOiIxNiIsImEiOiIwIiwicCI6IjEwLC0xMCJ9XX0._IgyeajJsDjhQGX33zpQ8jLcHl_YHeChtSqH3AWpnHw/image;s=2048x1536;q=80,https://ireland.apollo.olxcdn.com/v1/files/eyJhbGciOiJIUzI1NiIsInR5cCI6IkpXVCJ9.eyJmbiI6ImFwNTJnbm1lYXlyZTMtRUNPU1lTVEVNIiwidyI6W3siZm4iOiJlbnZmcXFlMWF5NGsxLUFQTCIsInMiOiIxNiIsImEiOiIwIiwicCI6IjEwLC0xMCJ9XX0.Brv-biad-Hqd5heYmK8e2J3rsutQo8sEU8I-GF1St3E/image;s=2048x1536;q=80,https://ireland.apollo.olxcdn.com/v1/files/eyJhbGciOiJIUzI1NiIsInR5cCI6IkpXVCJ9.eyJmbiI6InkxaW04OWlpczJyMjEtRUNPU1lTVEVNIiwidyI6W3siZm4iOiJlbnZmcXFlMWF5NGsxLUFQTCIsInMiOiIxNiIsImEiOiIwIiwicCI6IjEwLC0xMCJ9XX0.rGVhw9VWwAcYMG_a_-yvs-FTqQ5h3CcuNNT1hJjJ_cM/image;s=2048x1536;q=80",,,,,
68370291,mieszkanie,PROMOCJA | 3-pokojowe mieszkanie z balkonem w Poznaniu | Polanka 21,70.91,3,4,929630.1,13110,Polanka 21,Łacina,Poznań,,52.399537,16.959365,,,,https://www.otodom.pl/pl/oferta/promocja-3-pokojowe-mieszkanie-z-balkonem-w-poznaniu-polanka-21-ID4CSeD,"https://ireland.apollo.olxcdn.com/v1/files/eyJhbGciOiJIUzI1NiIsInR5cCI6IkpXVCJ9.eyJmbiI6InZjcjY4ZDNucjM2czMtQVBMIiwidyI6W3siZm4iOiJlbnZmcXFlMWF5NGsxLUFQTCIsInMiOiIxNiIsImEiOiIwIiwicCI6IjEwLC0xMCJ9XX0.UvB4XP47oHJQcIQSORgbkl-hTg2YLNWtLoqnpFclo84/image;s=2048x1536;q=80,https://ireland.apollo.olxcdn.com/v1/files/eyJhbGciOiJIUzI1NiIsInR5cCI6IkpXVCJ9.eyJmbiI6ImVqZ2l6NXcyc3cyNzItQVBMIiwidyI6W3siZm4iOiJlbnZmcXFlMWF5NGsxLUFQTCIsInMiOiIxNiIsImEiOiIwIiwicCI6IjEwLC0xMCJ9XX0.S-8oRd3LIjJ3dj14RXeGYS62wneN7v-UmfwgBM1xX88/image;s=2048x1536;q=80,https://ireland.apollo.olxcdn.com/v1/files/eyJhbGciOiJIUzI1NiIsInR5cCI6IkpXVCJ9.eyJmbiI6ImhpZnYxNTZ5bzV5aTMtQVBMIiwidyI6W3siZm4iOiJlbnZmcXFlMWF5NGsxLUFQTCIsInMiOiIxNiIsImEiOiIwIiwicCI6IjEwLC0xMCJ9XX0.Lnmsi2mqofJ9YjfJ1oGgzH8AwqI0moJR6QGa6bmY7dY/image;s=2048x1536;q=80",,,,,
68415499,mieszkanie,> TOP MIEJSCE < 4 pokoje+ 2 balkony przy Tramwaju | Osobne WC |,78.58,4,6,929864,11833,,Winogrady,Poznań,,52.43584,16.94552,,,,https://www.otodom.pl/pl/oferta/top-miejsce-4-pokoje-2-balkony-przy-tramwaju-osobne-wc-ID4D3ZN,"https://ireland.apollo.olxcdn.com/v1/files/eyJhbGciOiJIUzI1NiIsInR5cCI6IkpXVCJ9.eyJmbiI6IjNoMWthcGphb21yYjMtQVBMIiwidyI6W3siZm4iOiJlbnZmcXFlMWF5NGsxLUFQTCIsInMiOiIxNiIsImEiOiIwIiwicCI6IjEwLC0xMCJ9XX0.vu0dPkbz4tmWuY6hDotsghJxBxVTd0oBDF-A07eIteE/image;s=2048x1536;q=80,https://ireland.apollo.olxcdn.com/v1/files/eyJhbGciOiJIUzI1NiIsInR5cCI6IkpXVCJ9.eyJmbiI6ImJ4bTQzNDg5b2o1cTMtQVBMIiwidyI6W3siZm4iOiJlbnZmcXFlMWF5NGsxLUFQTCIsInMiOiIxNiIsImEiOiIwIiwicCI6IjEwLC0xMCJ9XX0.TK2cDgZqpCPrUrK5x_jc1DyRpw7N8ZsE7C0LtvhQCVg/image;s=2048x1536;q=80,https://ireland.apollo.olxcdn.com/v1/files/eyJhbGciOiJIUzI1NiIsInR5cCI6IkpXVCJ9.eyJmbiI6IjIyeDlwOWZnejNmcy1BUEwiLCJ3IjpbeyJmbiI6ImVudmZxcWUxYXk0azEtQVBMIiwicyI6IjE2IiwiYSI6IjAiLCJwIjoiMTAsLTEwIn1dfQ.Zjv1I5mQiDADefAb-PitN6GxgJ3kONxFb6InEJ4D2Bo/image;s=2048x1536;q=80",,,,,
66288546,mieszkanie,3-pokojowe mieszkanie 80m2 + loggia Bezpośrednio,80.71,3,4,931370,11540,ul. Piątkowska,Winiary,Poznań,Witosa Park,52.43822,16.90979,,,,https://www.otodom.pl/pl/oferta/3-pokojowe-mieszkanie-80m2-loggia-bezposrednio-ID4u8G6,"https://ireland.apollo.olxcdn.com/v1/files/eyJhbGciOiJIUzI1NiIsInR5cCI6IkpXVCJ9.eyJmbiI6Imh5OTBjeml1Z2d1di1FQ09TWVNURU0iLCJ3IjpbeyJmbiI6ImVudmZxcWUxYXk0azEtQVBMIiwicyI6IjE2IiwiYSI6IjAiLCJwIjoiMTAsLTEwIn1dfQ.Q4xDMEnFA8lBJMf0LL543YfzR5lyTyNaprnAh_CNHSM/image;s=2048x1536;q=80,https://ireland.apollo.olxcdn.com/v1/files/eyJhbGciOiJIUzI1NiIsInR5cCI6IkpXVCJ9.eyJmbiI6ImZncmprcXRxZGwyMi1FQ09TWVNURU0iLCJ3IjpbeyJmbiI6ImVudmZxcWUxYXk0azEtQVBMIiwicyI6IjE2IiwiYSI6IjAiLCJwIjoiMTAsLTEwIn1dfQ.k3TuBkD7LCrIhZfJY0A5Y3eqI8CAQyZSbWG_x-c3SyE/image;s=2048x1536;q=80,https://ireland.apollo.olxcdn.com/v1/files/eyJhbGciOiJIUzI1NiIsInR5cCI6IkpXVCJ9.eyJmbiI6InV6Z3g3YzBobGg1cDItRUNPU1lTVEVNIiwidyI6W3siZm4iOiJlbnZmcXFlMWF5NGsxLUFQTCIsInMiOiIxNiIsImEiOiIwIiwicCI6IjEwLC0xMCJ9XX0.FfLsWr-JzpVn75DVxJ9MD24YzTSw-O2T7EVFdyxEva4/image;s=2048x1536;q=80",,,,,
96628854600067,mieszkanie,3-pokojowe mieszkanie 80m2 + loggia Bezpośrednio,80.71,3,4,931370,11540,ul. Piątkowska,Winiary,Poznań,Witosa Park,52.43822,16.90979,,,,https://www.otodom.pl/pl/oferta/3-pokojowe-mieszkanie-80m2-loggia-bezposrednio-ID4u8G6,"https://ireland.apollo.olxcdn.com/v1/files/eyJhbGciOiJIUzI1NiIsInR5cCI6IkpXVCJ9.eyJmbiI6Imh5OTBjeml1Z2d1di1FQ09TWVNURU0iLCJ3IjpbeyJmbiI6ImVudmZxcWUxYXk0azEtQVBMIiwicyI6IjE2IiwiYSI6IjAiLCJwIjoiMTAsLTEwIn1dfQ.Q4xDMEnFA8lBJMf0LL543YfzR5lyTyNaprnAh_CNHSM/image;s=2048x1536;q=80,https://ireland.apollo.olxcdn.com/v1/files/eyJhbGciOiJIUzI1NiIsInR5cCI6IkpXVCJ9.eyJmbiI6ImZncmprcXRxZGwyMi1FQ09TWVNURU0iLCJ3IjpbeyJmbiI6ImVudmZxcWUxYXk0azEtQVBMIiwicyI6IjE2IiwiYSI6IjAiLCJwIjoiMTAsLTEwIn1dfQ.k3TuBkD7LCrIhZfJY0A5Y3eqI8CAQyZSbWG_x-c3SyE/image;s=2048x1536;q=80,https://ireland.apollo.olxcdn.com/v1/files/eyJhbGciOiJIUzI1NiIsInR5cCI6IkpXVCJ9.eyJmbiI6InV6Z3g3YzBobGg1cDItRUNPU1lTVEVNIiwidyI6W3siZm4iOiJlbnZmcXFlMWF5NGsxLUFQTCIsInMiOiIxNiIsImEiOiIwIiwicCI6IjEwLC0xMCJ9XX0.FfLsWr-JzpVn75DVxJ9MD24YzTSw-O2T7EVFdyxEva4/image;s=2048x1536;q=80",,,,,
67763745,mieszkanie,4 pokojowe. Salon z częściowym widokiem na starodrzew,73.54,4,1,933000,12687,ul. Romana Dmowskiego,Górczyn,Poznań,Kwadrat Dmowskiego - NOWA OFERTA,52.38381,16.89437,,,,https://www.otodom.pl/pl/oferta/4-pokojowe-salon-z-czesciowym-widokiem-na-starodrzew-ID4AkrD,"https://ireland.apollo.olxcdn.com/v1/files/eyJhbGciOiJIUzI1NiIsInR5cCI6IkpXVCJ9.eyJmbiI6ImVwb3JpOWhqdm1xNTItQVBMIiwidyI6W3siZm4iOiJlbnZmcXFlMWF5NGsxLUFQTCIsInMiOiIxNiIsImEiOiIwIiwicCI6IjEwLC0xMCJ9XX0.pTmvPG6KUtJg2DYXERKtxDofi6V7BY22JX5Zi8CwWMQ/image;s=2048x1536;q=80,https://ireland.apollo.olxcdn.com/v1/files/eyJhbGciOiJIUzI1NiIsInR5cCI6IkpXVCJ9.eyJmbiI6InUwbXA3eWV0NW02aDMtQVBMIiwidyI6W3siZm4iOiJlbnZmcXFlMWF5NGsxLUFQTCIsInMiOiIxNiIsImEiOiIwIiwicCI6IjEwLC0xMCJ9XX0.SaUE0unjCkPhAYGrdb_y2aj3LlZetZGgvuw11LbCuxI/image;s=2048x1536;q=80,https://ireland.apollo.olxcdn.com/v1/files/eyJhbGciOiJIUzI1NiIsInR5cCI6IkpXVCJ9.eyJmbiI6IjZqbGt2cjluNWEzOS1BUEwiLCJ3IjpbeyJmbiI6ImVudmZxcWUxYXk0azEtQVBMIiwicyI6IjE2IiwiYSI6IjAiLCJwIjoiMTAsLTEwIn1dfQ.jew6i_h4On7dRStAuHT8HUxa6sDAI8etXyFblOgUVWw/image;s=2048x1536;q=80",,,,,
66779682,dom,Promno Park_40,102.63,4,,935000,9110,,Promno,Promno-Stacja,,52.45461,17.22294,,,,https://www.otodom.pl/pl/oferta/promno-park-40-ID4vcrE,"https://ireland.apollo.olxcdn.com/v1/files/eyJhbGciOiJIUzI1NiIsInR5cCI6IkpXVCJ9.eyJmbiI6ImtwYmJhNGhiZXo0czItQVBMIiwidyI6W3siZm4iOiJlbnZmcXFlMWF5NGsxLUFQTCIsInMiOiIxNiIsImEiOiIwIiwicCI6IjEwLC0xMCJ9XX0.MIq7M__e2zHxFcMRvZNUQ4i3emUwoPuCFxh6OsYNprY/image;s=2048x1536;q=80,https://ireland.apollo.olxcdn.com/v1/files/eyJhbGciOiJIUzI1NiIsInR5cCI6IkpXVCJ9.eyJmbiI6ImhtaXgyb3E5cWJ0NS1BUEwiLCJ3IjpbeyJmbiI6ImVudmZxcWUxYXk0azEtQVBMIiwicyI6IjE2IiwiYSI6IjAiLCJwIjoiMTAsLTEwIn1dfQ.1bmvW7gOIHGHs76lHxMtuvbxOPl6X9bljzwy4Cfc5cw/image;s=2048x1536;q=80,https://ireland.apollo.olxcdn.com/v1/files/eyJhbGciOiJIUzI1NiIsInR5cCI6IkpXVCJ9.eyJmbiI6ImIwY2hoMmxoemMwZDItQVBMIiwidyI6W3siZm4iOiJlbnZmcXFlMWF5NGsxLUFQTCIsInMiOiIxNiIsImEiOiIwIiwicCI6IjEwLC0xMCJ9XX0.gJIqItYIAVukD5FsVZBcvPvqI-FpPLaOvfLFmKngJm4/image;s=2048x1536;q=80",,,,,
68487415,dom,✅Borówiec/ Działka 500 m2 /Ostatni Lokal Lewy✅,112.2,4,,938000,8360,Zapomniana,Kamionki,Borówiec,,52.277454,17.023775,,,,https://www.otodom.pl/pl/oferta/borowiec-dzialka-500-m2-ostatni-lokal-lewy-ID4DmHJ,"https://ireland.apollo.olxcdn.com/v1/files/eyJhbGciOiJIUzI1NiIsInR5cCI6IkpXVCJ9.eyJmbiI6InJ3ZWw0YTdvM3R2aDItRUNPU1lTVEVNIiwidyI6W3siZm4iOiJlbnZmcXFlMWF5NGsxLUFQTCIsInMiOiIxNiIsImEiOiIwIiwicCI6IjEwLC0xMCJ9XX0._1CGwouiIEZo9R1eLLRs2oysIj9QqaOAjiqXoAfKGpE/image;s=2048x1536;q=80,https://ireland.apollo.olxcdn.com/v1/files/eyJhbGciOiJIUzI1NiIsInR5cCI6IkpXVCJ9.eyJmbiI6IjlibjN3MWRoMGZ1YzEtRUNPU1lTVEVNIiwidyI6W3siZm4iOiJlbnZmcXFlMWF5NGsxLUFQTCIsInMiOiIxNiIsImEiOiIwIiwicCI6IjEwLC0xMCJ9XX0.OReo8dliXNCFBO2cbag5zXBjwc__4VgZ0LGAetWHCEw/image;s=2048x1536;q=80,https://ireland.apollo.olxcdn.com/v1/files/eyJhbGciOiJIUzI1NiIsInR5cCI6IkpXVCJ9.eyJmbiI6IjhtZDdtem9lNHJoZTItRUNPU1lTVEVNIiwidyI6W3siZm4iOiJlbnZmcXFlMWF5NGsxLUFQTCIsInMiOiIxNiIsImEiOiIwIiwicCI6IjEwLC0xMCJ9XX0.oNgnSrQEv2pl8CJGGRsuDvdQOp2EKuhtVAcbnPCfNLk/image;s=2048x1536;q=80",,,,,
68478700,dom,✅Borówiec/ Działka 500 m2 /Ostatni Lokal Lewy✅,112.2,4,,938000,8360,Zapomniana,Kamionki,Borówiec,,52.277454,17.023775,,,,https://www.otodom.pl/pl/oferta/white-check-markborowiec-dzialka-500-m2-ostatni-lokal-lewywhite-check-mark-ID4Dkra,"https://ireland.apollo.olxcdn.com/v1/files/eyJhbGciOiJIUzI1NiIsInR5cCI6IkpXVCJ9.eyJmbiI6Ijk2ZXY0bzI4ZTlqay1FQ09TWVNURU0iLCJ3IjpbeyJmbiI6ImVudmZxcWUxYXk0azEtQVBMIiwicyI6IjE2IiwiYSI6IjAiLCJwIjoiMTAsLTEwIn1dfQ.yx1jWF8Xm1s9Egpo4ROXF_5ShXbwkOoJoHPZFtfokK8/image;s=2048x1536;q=80,https://ireland.apollo.olxcdn.com/v1/files/eyJhbGciOiJIUzI1NiIsInR5cCI6IkpXVCJ9.eyJmbiI6InM1aGh4Zmlkc2tvNS1FQ09TWVNURU0iLCJ3IjpbeyJmbiI6ImVudmZxcWUxYXk0azEtQVBMIiwicyI6IjE2IiwiYSI6IjAiLCJwIjoiMTAsLTEwIn1dfQ.aI3002DWf4-s882qshSBTCl6im-l6kYWQVtwbjSzbFk/image;s=2048x1536;q=80,https://ireland.apollo.olxcdn.com/v1/files/eyJhbGciOiJIUzI1NiIsInR5cCI6IkpXVCJ9.eyJmbiI6ImNtb3lrZW1kNXlkMi1FQ09TWVNURU0iLCJ3IjpbeyJmbiI6ImVudmZxcWUxYXk0azEtQVBMIiwicyI6IjE2IiwiYSI6IjAiLCJwIjoiMTAsLTEwIn1dfQ.eZBPJG0vFsg01JbNb7qP7vv_C9H5Cfwqva_JHHxqvkU/image;s=2048x1536;q=80",,,,,
68477197,dom,✅Borówiec/ Działka 500 m2 /Ostatni Lokal Lewy✅,112.2,4,,938000,8360,Zapomniana,Kamionki,Borówiec,,52.277454,17.023775,,,,https://www.otodom.pl/pl/oferta/white-check-markborowiec-dzialka-500-m2-ostatni-lokal-lewywhite-check-mark-ID4Dk2W,"https://ireland.apollo.olxcdn.com/v1/files/eyJhbGciOiJIUzI1NiIsInR5cCI6IkpXVCJ9.eyJmbiI6IjR0YmVxMDY2M2NoZi1FQ09TWVNURU0iLCJ3IjpbeyJmbiI6ImVudmZxcWUxYXk0azEtQVBMIiwicyI6IjE2IiwiYSI6IjAiLCJwIjoiMTAsLTEwIn1dfQ.h_UYHw4gaPAIsCOlE6KkqXvmNfW1IC4BaR6-y8ZLvY4/image;s=2048x1536;q=80,https://ireland.apollo.olxcdn.com/v1/files/eyJhbGciOiJIUzI1NiIsInR5cCI6IkpXVCJ9.eyJmbiI6IjN1MjRlZnFxeTF1eS1FQ09TWVNURU0iLCJ3IjpbeyJmbiI6ImVudmZxcWUxYXk0azEtQVBMIiwicyI6IjE2IiwiYSI6IjAiLCJwIjoiMTAsLTEwIn1dfQ.raaORUsyTOSdzhD1RfLZZhehd4gmjqxhi2wsd6QIM-k/image;s=2048x1536;q=80,https://ireland.apollo.olxcdn.com/v1/files/eyJhbGciOiJIUzI1NiIsInR5cCI6IkpXVCJ9.eyJmbiI6Imk1OHpvbGljbmV0aTItRUNPU1lTVEVNIiwidyI6W3siZm4iOiJlbnZmcXFlMWF5NGsxLUFQTCIsInMiOiIxNiIsImEiOiIwIiwicCI6IjEwLC0xMCJ9XX0.ZJUtYYXuyVjJqOcBrYZlA3bVJA5hxYC8t90d3bS5xVQ/image;s=2048x1536;q=80",,,,,
67027212,dom,Dom pod klucz Osiedle 4 Pory Roku,90,4,,940000,10444,ul. Zimowa,Gowarzewo,Gowarzewo,,52.3616,17.132301,,,,https://www.otodom.pl/pl/oferta/dom-pod-klucz-osiedle-4-pory-roku-ID4xeQ4,"https://ireland.apollo.olxcdn.com/v1/files/eyJhbGciOiJIUzI1NiIsInR5cCI6IkpXVCJ9.eyJmbiI6IjEwcjJ3b2Y5Y3dkdy1BUEwiLCJ3IjpbeyJmbiI6ImVudmZxcWUxYXk0azEtQVBMIiwicyI6IjE2IiwiYSI6IjAiLCJwIjoiMTAsLTEwIn1dfQ.ZHsScNqC8Fjb6pG_3R1Jrq3xTaOYsRsLYzipCZ20v2c/image;s=2048x1536;q=80,https://ireland.apollo.olxcdn.com/v1/files/eyJhbGciOiJIUzI1NiIsInR5cCI6IkpXVCJ9.eyJmbiI6InhmNTQzdXUycnplNDMtQVBMIiwidyI6W3siZm4iOiJlbnZmcXFlMWF5NGsxLUFQTCIsInMiOiIxNiIsImEiOiIwIiwicCI6IjEwLC0xMCJ9XX0.UNRzd3c2U4flRTyK-1d90ZaxiIdM0NhIQV0y3CDOEDA/image;s=2048x1536;q=80,https://ireland.apollo.olxcdn.com/v1/files/eyJhbGciOiJIUzI1NiIsInR5cCI6IkpXVCJ9.eyJmbiI6IjVjcGhua3RyeXJhNzMtQVBMIiwidyI6W3siZm4iOiJlbnZmcXFlMWF5NGsxLUFQTCIsInMiOiIxNiIsImEiOiIwIiwicCI6IjEwLC0xMCJ9XX0.CbdYnu8WaxOOcpoNLx6Gl2KK9vgPQ5wrr9jjb1sv6kk/image;s=2048x1536;q=80",,,,,
67775918,dom,Nowe domy bliźniacze w Zakrzewie blisko lasu - etap II i III,112.6,5,,940000,8348,Wiązowa,Zakrzewo,Zakrzewo,,52.39705,16.7151,,,,https://www.otodom.pl/pl/oferta/nowe-domy-blizniacze-w-zakrzewie-blisko-lasu-etap-ii-i-iii-ID4AnBY,"https://ireland.apollo.olxcdn.com/v1/files/eyJhbGciOiJIUzI1NiIsInR5cCI6IkpXVCJ9.eyJmbiI6ImpiamlhYmN5bzhlMjMtQVBMIiwidyI6W3siZm4iOiJlbnZmcXFlMWF5NGsxLUFQTCIsInMiOiIxNiIsImEiOiIwIiwicCI6IjEwLC0xMCJ9XX0.LJiMPO5nB2ak-tPZjiTI_8OZ6HVY2f8kv-quD6otiKQ/image;s=2048x1536;q=80,https://ireland.apollo.olxcdn.com/v1/files/eyJhbGciOiJIUzI1NiIsInR5cCI6IkpXVCJ9.eyJmbiI6ImoydXg3M3N6MmczazMtQVBMIiwidyI6W3siZm4iOiJlbnZmcXFlMWF5NGsxLUFQTCIsInMiOiIxNiIsImEiOiIwIiwicCI6IjEwLC0xMCJ9XX0.mk3OVWXoNnLPceTf3uSMnTIcYbuDPTz98YkBgQQc7N0/image;s=2048x1536;q=80,https://ireland.apollo.olxcdn.com/v1/files/eyJhbGciOiJIUzI1NiIsInR5cCI6IkpXVCJ9.eyJmbiI6IjFhY3lib3l6eHdqbjEtQVBMIiwidyI6W3siZm4iOiJlbnZmcXFlMWF5NGsxLUFQTCIsInMiOiIxNiIsImEiOiIwIiwicCI6IjEwLC0xMCJ9XX0.Nbyrrh27w93u4U98-mLx93_sLoZG1yNmiHzgQFw2-Rw/image;s=2048x1536;q=80",,,,,
68134125,dom,Dom 95 m2,94.23,4,,940000,9976,ul. Nowa,Wiry,Wiry,,52.32196,16.86666,,,,https://www.otodom.pl/pl/oferta/dom-95-m2-ID4BSNw,"https://ireland.apollo.olxcdn.com/v1/files/eyJhbGciOiJIUzI1NiIsInR5cCI6IkpXVCJ9.eyJmbiI6InU2NWVubTR4aTg3MzMtQVBMIiwidyI6W3siZm4iOiJlbnZmcXFlMWF5NGsxLUFQTCIsInMiOiIxNiIsImEiOiIwIiwicCI6IjEwLC0xMCJ9XX0.6II2FmkhRsRA-E6LEUcpXoZSFg_ERkLcjcyafUkdr1A/image;s=2048x1536;q=80,https://ireland.apollo.olxcdn.com/v1/files/eyJhbGciOiJIUzI1NiIsInR5cCI6IkpXVCJ9.eyJmbiI6InkzcHdqd3F2M3JkeC1BUEwiLCJ3IjpbeyJmbiI6ImVudmZxcWUxYXk0azEtQVBMIiwicyI6IjE2IiwiYSI6IjAiLCJwIjoiMTAsLTEwIn1dfQ.zdQv8wapXWW-dIMlVqRIeeA-lWT_V71g0VjuhbezG3c/image;s=2048x1536;q=80",,,,,
68433994,mieszkanie,3 pokoje -gotowe mieszkanie w promocyjnej cenie| JASIELSKA 8C,86.01,3,5,945000,10987,Jasielska 10C,Podolany,Poznań,,52.443035,16.891833,,,,https://www.otodom.pl/pl/oferta/3-pokoje-gotowe-mieszkanie-w-promocyjnej-cenie-jasielska-8c-ID4D8O6,"https://ireland.apollo.olxcdn.com/v1/files/eyJhbGciOiJIUzI1NiIsInR5cCI6IkpXVCJ9.eyJmbiI6ImM4NzM5ODNpMWljdDItQVBMIiwidyI6W3siZm4iOiJlbnZmcXFlMWF5NGsxLUFQTCIsInMiOiIxNiIsImEiOiIwIiwicCI6IjEwLC0xMCJ9XX0.DFJleN3SUGFHZvrpKCaBc3laaLLNv3JNkt1kMX3bLxQ/image;s=2048x1536;q=80,https://ireland.apollo.olxcdn.com/v1/files/eyJhbGciOiJIUzI1NiIsInR5cCI6IkpXVCJ9.eyJmbiI6IjE1OWFuMDV4dTczNTItQVBMIiwidyI6W3siZm4iOiJlbnZmcXFlMWF5NGsxLUFQTCIsInMiOiIxNiIsImEiOiIwIiwicCI6IjEwLC0xMCJ9XX0.V-Id5w9DFfU-e5W-GxxQdRnIg6Q2gYl3rRzaeB3ZpW8/image;s=2048x1536;q=80,https://ireland.apollo.olxcdn.com/v1/files/eyJhbGciOiJIUzI1NiIsInR5cCI6IkpXVCJ9.eyJmbiI6InZmZW9rNGVndTU3MDMtQVBMIiwidyI6W3siZm4iOiJlbnZmcXFlMWF5NGsxLUFQTCIsInMiOiIxNiIsImEiOiIwIiwicCI6IjEwLC0xMCJ9XX0.tRnGB4sXjckYRN8k2Do3ox69bud2FMPGcSvpk_iE54Y/image;s=2048x1536;q=80",,,,,
68396672,dom,OSTATNI BLIŹNIAK-duży salon-blisko lasu- 5 pokoi+strych-działka 450m2,120.3,5,,946000,7864,Ślimakowa,Palędzie,Palędzie,,52.37104,16.72286,,,,https://www.otodom.pl/pl/oferta/ostatni-blizniak-duzy-salon-blisko-lasu-5-pokoi-strych-dzialka-450m2-ID4CZ68,"https://ireland.apollo.olxcdn.com/v1/files/eyJhbGciOiJIUzI1NiIsInR5cCI6IkpXVCJ9.eyJmbiI6Im5keHF6eno0ZHN3OTItQVBMIiwidyI6W3siZm4iOiJlbnZmcXFlMWF5NGsxLUFQTCIsInMiOiIxNiIsImEiOiIwIiwicCI6IjEwLC0xMCJ9XX0.7jrZKZ-9A4lx9lQnSEuyRrhJhP4wd47otdWJjdnS5kY/image;s=2048x1536;q=80,https://ireland.apollo.olxcdn.com/v1/files/eyJhbGciOiJIUzI1NiIsInR5cCI6IkpXVCJ9.eyJmbiI6Imo3ZTk2dWt2aGZ5OC1BUEwiLCJ3IjpbeyJmbiI6ImVudmZxcWUxYXk0azEtQVBMIiwicyI6IjE2IiwiYSI6IjAiLCJwIjoiMTAsLTEwIn1dfQ.ULa6B7jqqBz5wgUT24Bvw0e_CHSP6P9H3V9yhLi9fl8/image;s=2048x1536;q=80,https://ireland.apollo.olxcdn.com/v1/files/eyJhbGciOiJIUzI1NiIsInR5cCI6IkpXVCJ9.eyJmbiI6ImdxNzJxN3N3cHJ4YjEtQVBMIiwidyI6W3siZm4iOiJlbnZmcXFlMWF5NGsxLUFQTCIsInMiOiIxNiIsImEiOiIwIiwicCI6IjEwLC0xMCJ9XX0.-wmIzvqhXxTG4ClnIhM8yId31Fw-Wxai3NNCn9Tj4CU/image;s=2048x1536;q=80",,,,,
67171107,mieszkanie,4-pokojowe mieszkanie 74m2 + balkon Bez Prowizji,74.2,4,4,946050,12750,ul. Świętego Michała,Komandoria-Pomet,Poznań,Św. Michała etap 2,52.408996,16.963002,,,,https://www.otodom.pl/pl/oferta/4-pokojowe-mieszkanie-74m2-balkon-bez-prowizji-ID4xQgX,"https://ireland.apollo.olxcdn.com/v1/files/eyJhbGciOiJIUzI1NiIsInR5cCI6IkpXVCJ9.eyJmbiI6IjZ3dmNsbG1qZXA0dTEtRUNPU1lTVEVNIiwidyI6W3siZm4iOiJlbnZmcXFlMWF5NGsxLUFQTCIsInMiOiIxNiIsImEiOiIwIiwicCI6IjEwLC0xMCJ9XX0.j-F5X5Zze5-SE5iCYy4Zx-_upDApZn3Rw7bs8WNsVqM/image;s=2048x1536;q=80,https://ireland.apollo.olxcdn.com/v1/files/eyJhbGciOiJIUzI1NiIsInR5cCI6IkpXVCJ9.eyJmbiI6IjB2YnR2aGg1NXRkODItRUNPU1lTVEVNIiwidyI6W3siZm4iOiJlbnZmcXFlMWF5NGsxLUFQTCIsInMiOiIxNiIsImEiOiIwIiwicCI6IjEwLC0xMCJ9XX0.8043rYiBvIIubUz67wZEHjjFlAx8gAmroEiD90ceEMw/image;s=2048x1536;q=80,https://ireland.apollo.olxcdn.com/v1/files/eyJhbGciOiJIUzI1NiIsInR5cCI6IkpXVCJ9.eyJmbiI6Inh3NmxwbThwd2Q0NS1FQ09TWVNURU0iLCJ3IjpbeyJmbiI6ImVudmZxcWUxYXk0azEtQVBMIiwicyI6IjE2IiwiYSI6IjAiLCJwIjoiMTAsLTEwIn1dfQ.BpSHmaKpsefYBLTL6plSm1SRZGKt_Z31cGcbDlkBwN4/image;s=2048x1536;q=80",,,,,
68432246,dom,✅Lusówko / Gotowe Domy Przy Jeziorze ✅,127.13,4,,947000,7449,,Osiedle Rozalin,Lusówko,,52.416803,16.639468,,,,https://www.otodom.pl/pl/oferta/white-check-marklusowko-gotowe-domy-przy-jeziorze-white-check-mark-ID4D8lU,"https://ireland.apollo.olxcdn.com/v1/files/eyJhbGciOiJIUzI1NiIsInR5cCI6IkpXVCJ9.eyJmbiI6IjJ2ZTh5dTlqcWlyZzMtRUNPU1lTVEVNIiwidyI6W3siZm4iOiJlbnZmcXFlMWF5NGsxLUFQTCIsInMiOiIxNiIsImEiOiIwIiwicCI6IjEwLC0xMCJ9XX0.7DQuSKlI-paDqUtCrwtb8ZpM15oPe49LgiohqttBoA8/image;s=2048x1536;q=80,https://ireland.apollo.olxcdn.com/v1/files/eyJhbGciOiJIUzI1NiIsInR5cCI6IkpXVCJ9.eyJmbiI6ImFtcWljY3g0ajlnYjEtRUNPU1lTVEVNIiwidyI6W3siZm4iOiJlbnZmcXFlMWF5NGsxLUFQTCIsInMiOiIxNiIsImEiOiIwIiwicCI6IjEwLC0xMCJ9XX0.VVkDGlGoXvyXI1boh-sG0UvXzA6nQb_DHypU3URP20c/image;s=2048x1536;q=80,https://ireland.apollo.olxcdn.com/v1/files/eyJhbGciOiJIUzI1NiIsInR5cCI6IkpXVCJ9.eyJmbiI6Im00dzZvbWhwYzRtcjEtRUNPU1lTVEVNIiwidyI6W3siZm4iOiJlbnZmcXFlMWF5NGsxLUFQTCIsInMiOiIxNiIsImEiOiIwIiwicCI6IjEwLC0xMCJ9XX0.QhN4IFz9VcLWBfDEHqkPrXDY7oNtKnPvbUALySjDF6k/image;s=2048x1536;q=80",,,,,
68391004,dom,✅Lusówko / Gotowe Domy Przy Jeziorze ✅,127.13,4,,947000,7449,,Osiedle Rozalin,Lusówko,,52.416803,16.639468,,,,https://www.otodom.pl/pl/oferta/white-check-marklusowko-gotowe-domy-przy-jeziorze-white-check-mark-ID4CXCI,"https://ireland.apollo.olxcdn.com/v1/files/eyJhbGciOiJIUzI1NiIsInR5cCI6IkpXVCJ9.eyJmbiI6IjdrOXU0ZDliNTR0bTMtRUNPU1lTVEVNIiwidyI6W3siZm4iOiJlbnZmcXFlMWF5NGsxLUFQTCIsInMiOiIxNiIsImEiOiIwIiwicCI6IjEwLC0xMCJ9XX0.7bmEUwAxD7yBnmL8gxH6tZSZDtVZbIDPMURWsZLJakc/image;s=2048x1536;q=80,https://ireland.apollo.olxcdn.com/v1/files/eyJhbGciOiJIUzI1NiIsInR5cCI6IkpXVCJ9.eyJmbiI6IjJjOHE2Y2hidXZyNTItRUNPU1lTVEVNIiwidyI6W3siZm4iOiJlbnZmcXFlMWF5NGsxLUFQTCIsInMiOiIxNiIsImEiOiIwIiwicCI6IjEwLC0xMCJ9XX0.AKKMcuO-CK7Po_fKLiIaGLY8XR0uCi_0hKbCyJ2g_W8/image;s=2048x1536;q=80,https://ireland.apollo.olxcdn.com/v1/files/eyJhbGciOiJIUzI1NiIsInR5cCI6IkpXVCJ9.eyJmbiI6InYxcWZ0ZTllZDMwYjItRUNPU1lTVEVNIiwidyI6W3siZm4iOiJlbnZmcXFlMWF5NGsxLUFQTCIsInMiOiIxNiIsImEiOiIwIiwicCI6IjEwLC0xMCJ9XX0.B0ApAQOZD-YsyC6VctRT2TcV5_WI5oNkatvOdeRF0Xc/image;s=2048x1536;q=80",,,,,
68262086,dom,Dom przy lesie,127.13,4,,947000,7449,Róży,Rozalin,Lusówko,,52.416497,16.630809,,,,https://www.otodom.pl/pl/oferta/dom-przy-lesie-ID4Cq5o,https://ireland.apollo.olxcdn.com/v1/files/eyJhbGciOiJIUzI1NiIsInR5cCI6IkpXVCJ9.eyJmbiI6Im41Mzk0Ymd0bjR4djMtRUNPU1lTVEVNIiwidyI6W3siZm4iOiJlbnZmcXFlMWF5NGsxLUFQTCIsInMiOiIxNiIsImEiOiIwIiwicCI6IjEwLC0xMCJ9XX0.Nf6BWUqwjtHn3Vsg1gbq0BgP4WQxyA5srz0iXHXP2rc/image;s=2048x1536;q=80,,,,,
68332988,dom,"Nowoczesny dom 81,5 m² | Zakrzewo | 4 pokoje | Nowa inwestycja",81,4,,949000,11716,Wiązowa,Zakrzewo,Zakrzewo,,52.397325,16.715074,,,,https://www.otodom.pl/pl/oferta/nowoczesny-dom-81-5-m-zakrzewo-4-pokoje-nowa-inwestycja-ID4CIvY,"https://ireland.apollo.olxcdn.com/v1/files/eyJhbGciOiJIUzI1NiIsInR5cCI6IkpXVCJ9.eyJmbiI6ImNrbHJycDJzdmpmYzMtQVBMIiwidyI6W3siZm4iOiJlbnZmcXFlMWF5NGsxLUFQTCIsInMiOiIxNiIsImEiOiIwIiwicCI6IjEwLC0xMCJ9XX0.QzYlDzKXH2h0jndKNWsvB1zj9ciiaeN9vcQ7rdK-y14/image;s=2048x1536;q=80,https://ireland.apollo.olxcdn.com/v1/files/eyJhbGciOiJIUzI1NiIsInR5cCI6IkpXVCJ9.eyJmbiI6ImN4b3o5aHlwcGRhYTMtQVBMIiwidyI6W3siZm4iOiJlbnZmcXFlMWF5NGsxLUFQTCIsInMiOiIxNiIsImEiOiIwIiwicCI6IjEwLC0xMCJ9XX0.o7hCU6HLCaeVwVrxz_rzabiMRonaEj0py3Y1YIfVG3I/image;s=2048x1536;q=80,https://ireland.apollo.olxcdn.com/v1/files/eyJhbGciOiJIUzI1NiIsInR5cCI6IkpXVCJ9.eyJmbiI6Imp6eWpjcWh1ZWxxczMtQVBMIiwidyI6W3siZm4iOiJlbnZmcXFlMWF5NGsxLUFQTCIsInMiOiIxNiIsImEiOiIwIiwicCI6IjEwLC0xMCJ9XX0.aTXEb4Plz1KAhLXagQou8hdk_hfsn3wn7Q_Xd-d10a8/image;s=2048x1536;q=80",,,,,
68485814,dom,Nowy dom w Poznaniu (os. Fabianowo),107.3,4,,950000,8854,ul. Wojnowicka,Fabianowo,Poznań,,52.36577,16.84637,,,,https://www.otodom.pl/pl/oferta/nowy-dom-w-poznaniu-os-fabianowo-ID4DmhU,"https://ireland.apollo.olxcdn.com/v1/files/eyJhbGciOiJIUzI1NiIsInR5cCI6IkpXVCJ9.eyJmbiI6Im1oZWl6YXZlczBoejEtQVBMIiwidyI6W3siZm4iOiJlbnZmcXFlMWF5NGsxLUFQTCIsInMiOiIxNiIsImEiOiIwIiwicCI6IjEwLC0xMCJ9XX0.b-Pjls1_TILxJEtVL-Va32SOnxEWdJgYPsBsEArK11c/image;s=2048x1536;q=80,https://ireland.apollo.olxcdn.com/v1/files/eyJhbGciOiJIUzI1NiIsInR5cCI6IkpXVCJ9.eyJmbiI6Ijl3bGc3a3ZlY3pwcS1BUEwiLCJ3IjpbeyJmbiI6ImVudmZxcWUxYXk0azEtQVBMIiwicyI6IjE2IiwiYSI6IjAiLCJwIjoiMTAsLTEwIn1dfQ.jJuyjAxvG_-jh2UwUbKfrS3WOdMHjVvWC_5l1pkFUFk/image;s=2048x1536;q=80,https://ireland.apollo.olxcdn.com/v1/files/eyJhbGciOiJIUzI1NiIsInR5cCI6IkpXVCJ9.eyJmbiI6InIzM3pmbmpqZnI0cTEtQVBMIiwidyI6W3siZm4iOiJlbnZmcXFlMWF5NGsxLUFQTCIsInMiOiIxNiIsImEiOiIwIiwicCI6IjEwLC0xMCJ9XX0.UGktviCa8hg4NCA378OGZku9LLmdnBY97M0RlATIgAY/image;s=2048x1536;q=80",,,,,
68273135,dom,Wyjątkowy energooszczędny komfortowy dom w okolicy puszczy Zielonka,109.44,5,,950000,8681,,Potasze,Owińska,,52.513926,16.972517,,,,https://www.otodom.pl/pl/oferta/wyjatkowy-energooszczedny-komfortowy-dom-w-okolicy-puszczy-zielonka-ID4CsXB,"https://ireland.apollo.olxcdn.com/v1/files/eyJhbGciOiJIUzI1NiIsInR5cCI6IkpXVCJ9.eyJmbiI6ImtyZGY4ZGxvZGl2bDMtQVBMIiwidyI6W3siZm4iOiJlbnZmcXFlMWF5NGsxLUFQTCIsInMiOiIxNiIsImEiOiIwIiwicCI6IjEwLC0xMCJ9XX0.Nx9-JNCYF61hCIhpyjbL1SrB0ITboh6JKLdB0yr1KlY/image;s=2048x1536;q=80,https://ireland.apollo.olxcdn.com/v1/files/eyJhbGciOiJIUzI1NiIsInR5cCI6IkpXVCJ9.eyJmbiI6InJ2cXo4cWMyODRmajMtQVBMIiwidyI6W3siZm4iOiJlbnZmcXFlMWF5NGsxLUFQTCIsInMiOiIxNiIsImEiOiIwIiwicCI6IjEwLC0xMCJ9XX0.lxj01qIr0GB2nUN_9G6vQZm93GRS3TsAEd4vGMfq13g/image;s=2048x1536;q=80,https://ireland.apollo.olxcdn.com/v1/files/eyJhbGciOiJIUzI1NiIsInR5cCI6IkpXVCJ9.eyJmbiI6ImlsYmxqc3h6bzdxZzMtQVBMIiwidyI6W3siZm4iOiJlbnZmcXFlMWF5NGsxLUFQTCIsInMiOiIxNiIsImEiOiIwIiwicCI6IjEwLC0xMCJ9XX0.XyiVWZzAtylkzNhhxVPZTqDm025Ge8YWYYmdjTfN_3o/image;s=2048x1536;q=80",,,,,
67354505,dom,Dom dwulokalowy w centrum Kórnika,110.19,5,,950000,8621,,Kórnik,Kórnik,,52.25583,17.08216,,,,https://www.otodom.pl/pl/oferta/dom-dwulokalowy-w-centrum-kornika-ID4yBYZ,"https://ireland.apollo.olxcdn.com/v1/files/eyJhbGciOiJIUzI1NiIsInR5cCI6IkpXVCJ9.eyJmbiI6IjluZXZjanpiYzA0bjItQVBMIiwidyI6W3siZm4iOiJlbnZmcXFlMWF5NGsxLUFQTCIsInMiOiIxNiIsImEiOiIwIiwicCI6IjEwLC0xMCJ9XX0.QM-H5asa9r9Qvx_DTxG30wQ4hyvGhHzui-E4yC9MBQQ/image;s=2048x1536;q=80,https://ireland.apollo.olxcdn.com/v1/files/eyJhbGciOiJIUzI1NiIsInR5cCI6IkpXVCJ9.eyJmbiI6ImNtcjNwcXZna3EyZzMtQVBMIiwidyI6W3siZm4iOiJlbnZmcXFlMWF5NGsxLUFQTCIsInMiOiIxNiIsImEiOiIwIiwicCI6IjEwLC0xMCJ9XX0.cavsUQB-rAoHDU0WKa7D69cQt5-6Foua0-wLB-2SsmM/image;s=2048x1536;q=80,https://ireland.apollo.olxcdn.com/v1/files/eyJhbGciOiJIUzI1NiIsInR5cCI6IkpXVCJ9.eyJmbiI6InQyODczMmU4YjA3OTEtQVBMIiwidyI6W3siZm4iOiJlbnZmcXFlMWF5NGsxLUFQTCIsInMiOiIxNiIsImEiOiIwIiwicCI6IjEwLC0xMCJ9XX0.jG_uzTLd_GObd2C_Jrxw7nk0BuARLnITs4lUbANARwE/image;s=2048x1536;q=80",,,,,
68436382,dom,"SKRAJNY SEGMENT | 99,03m² | OGRÓD | 2 MIEJSCA POSTOJOWE | BORÓWIEC",99.03,5,,950000,9593,ul. Deszczowa,Borówiec,,,52.27901,17.03937,,,,https://www.otodom.pl/pl/oferta/skrajny-segment-99-03m-ogrod-2-miejsca-postojowe-borowiec-ID4D9qC,"https://ireland.apollo.olxcdn.com/v1/files/eyJhbGciOiJIUzI1NiIsInR5cCI6IkpXVCJ9.eyJmbiI6ImozMjBnaGF4cXY3aTItQVBMIiwidyI6W3siZm4iOiJlbnZmcXFlMWF5NGsxLUFQTCIsInMiOiIxNiIsImEiOiIwIiwicCI6IjEwLC0xMCJ9XX0.44xpFak0vozuR0Cd2HqnF46CSN5s6UuNZf5Ras-fU80/image;s=2048x1536;q=80,https://ireland.apollo.olxcdn.com/v1/files/eyJhbGciOiJIUzI1NiIsInR5cCI6IkpXVCJ9.eyJmbiI6IjFmbDEyNGc0aW53eTEtQVBMIiwidyI6W3siZm4iOiJlbnZmcXFlMWF5NGsxLUFQTCIsInMiOiIxNiIsImEiOiIwIiwicCI6IjEwLC0xMCJ9XX0.j_GKa6GeGJz40TkylhsRbuvqn5yUaj1iZVsTV215QrQ/image;s=2048x1536;q=80,https://ireland.apollo.olxcdn.com/v1/files/eyJhbGciOiJIUzI1NiIsInR5cCI6IkpXVCJ9.eyJmbiI6InFsdWRjMW5mZXRrNjMtQVBMIiwidyI6W3siZm4iOiJlbnZmcXFlMWF5NGsxLUFQTCIsInMiOiIxNiIsImEiOiIwIiwicCI6IjEwLC0xMCJ9XX0.0eD0PDT23VTl8ftaPv43x0O0HHFn7TOY7ZapMTrpjm0/image;s=2048x1536;q=80",,,,,
68391873,dom,✅ Wiry / Gotowe  / Działka 400 m2✅,136.49,4,,952000,6975,,Wiry,Wiry,,52.33239,16.83649,,,,https://www.otodom.pl/pl/oferta/wiry-gotowe-dzialka-400-m2-ID4CXQJ,"https://ireland.apollo.olxcdn.com/v1/files/eyJhbGciOiJIUzI1NiIsInR5cCI6IkpXVCJ9.eyJmbiI6Im1pejdpNjlhc2x1ejEtRUNPU1lTVEVNIiwidyI6W3siZm4iOiJlbnZmcXFlMWF5NGsxLUFQTCIsInMiOiIxNiIsImEiOiIwIiwicCI6IjEwLC0xMCJ9XX0.7AgLjMz0t1Gb94z1uJaU0z9ysFenBmBoev7xWamRgUY/image;s=2048x1536;q=80,https://ireland.apollo.olxcdn.com/v1/files/eyJhbGciOiJIUzI1NiIsInR5cCI6IkpXVCJ9.eyJmbiI6ImdhczVqZmphaW5vbzMtRUNPU1lTVEVNIiwidyI6W3siZm4iOiJlbnZmcXFlMWF5NGsxLUFQTCIsInMiOiIxNiIsImEiOiIwIiwicCI6IjEwLC0xMCJ9XX0.3O1ABxwtnmb_pVME4hekHtmthfgMqz9dUMAwVFwcRNs/image;s=2048x1536;q=80,https://ireland.apollo.olxcdn.com/v1/files/eyJhbGciOiJIUzI1NiIsInR5cCI6IkpXVCJ9.eyJmbiI6ImltOTdyYXNwMzQyMzItRUNPU1lTVEVNIiwidyI6W3siZm4iOiJlbnZmcXFlMWF5NGsxLUFQTCIsInMiOiIxNiIsImEiOiIwIiwicCI6IjEwLC0xMCJ9XX0.Y1LJlkiZK87XcSX_JbahymOW5Is8cy6X58xVWaYVOAY/image;s=2048x1536;q=80",,,,,
68346581,mieszkanie,ścisłe centrum | dla rodziny | OpcjaPODklucz,77.6,4,2,956886,12331,Jana Henryka Dąbrowskiego,Jeżyce,Poznań,,52.41465,16.90079,,,,https://www.otodom.pl/pl/oferta/scisle-centrum-dla-rodziny-opcjapodklucz-ID4CM4d,"https://ireland.apollo.olxcdn.com/v1/files/eyJhbGciOiJIUzI1NiIsInR5cCI6IkpXVCJ9.eyJmbiI6ImJlbm9xNm0zcHd0Zy1FQ09TWVNURU0iLCJ3IjpbeyJmbiI6ImVudmZxcWUxYXk0azEtQVBMIiwicyI6IjE2IiwiYSI6IjAiLCJwIjoiMTAsLTEwIn1dfQ.E_YXyVR4yOyriERJ1OgolkW68HJRRvowtsDC0IkUNCQ/image;s=2048x1536;q=80,https://ireland.apollo.olxcdn.com/v1/files/eyJhbGciOiJIUzI1NiIsInR5cCI6IkpXVCJ9.eyJmbiI6InFoNmt1ZTNjNGdobTMtRUNPU1lTVEVNIiwidyI6W3siZm4iOiJlbnZmcXFlMWF5NGsxLUFQTCIsInMiOiIxNiIsImEiOiIwIiwicCI6IjEwLC0xMCJ9XX0.GqrRFaG46f8bhbx_crMhdpHv6rtYCyjJVf5kJUMibQo/image;s=2048x1536;q=80,https://ireland.apollo.olxcdn.com/v1/files/eyJhbGciOiJIUzI1NiIsInR5cCI6IkpXVCJ9.eyJmbiI6IjM1NHdrMWhrdWd0dDMtRUNPU1lTVEVNIiwidyI6W3siZm4iOiJlbnZmcXFlMWF5NGsxLUFQTCIsInMiOiIxNiIsImEiOiIwIiwicCI6IjEwLC0xMCJ9XX0.PwDH1sPXWsUZFjtJtf2Boca6p15kG6ykEmxGITce8Ko/image;s=2048x1536;q=80",,,,,
68302221,mieszkanie,91 m² | 4 pokoje | 2 balkony | 2 łazienki |,91.1,4,3,957247,10508,,Jeżyce,Poznań,,52.41706,16.89563,,,,https://www.otodom.pl/pl/oferta/91-m-4-pokoje-2-balkony-2-lazienki-ID4CAvJ,"https://ireland.apollo.olxcdn.com/v1/files/eyJhbGciOiJIUzI1NiIsInR5cCI6IkpXVCJ9.eyJmbiI6IjNrZzhlbmE5cGM3ejItRUNPU1lTVEVNIiwidyI6W3siZm4iOiJlbnZmcXFlMWF5NGsxLUFQTCIsInMiOiIxNiIsImEiOiIwIiwicCI6IjEwLC0xMCJ9XX0.0YJQ787-A4R3i1_x0xv76HTEipQ9T3OgRtPNMQTku_M/image;s=2048x1536;q=80,https://ireland.apollo.olxcdn.com/v1/files/eyJhbGciOiJIUzI1NiIsInR5cCI6IkpXVCJ9.eyJmbiI6Ijhsd3ZsOGtlZzVpdzItRUNPU1lTVEVNIiwidyI6W3siZm4iOiJlbnZmcXFlMWF5NGsxLUFQTCIsInMiOiIxNiIsImEiOiIwIiwicCI6IjEwLC0xMCJ9XX0.yvj7B2CLWoyrufel2-kM8IEkO7rir7wAlNWkGLtT1OI/image;s=2048x1536;q=80,https://ireland.apollo.olxcdn.com/v1/files/eyJhbGciOiJIUzI1NiIsInR5cCI6IkpXVCJ9.eyJmbiI6IjZudDJ5bm5ja2hmODMtRUNPU1lTVEVNIiwidyI6W3siZm4iOiJlbnZmcXFlMWF5NGsxLUFQTCIsInMiOiIxNiIsImEiOiIwIiwicCI6IjEwLC0xMCJ9XX0.SgrR38LP95PWyEL-nPGBcSPhckRWSjlGKzY81PKHj6I/image;s=2048x1536;q=80",,,,,
68073263,mieszkanie,3-pokojowe mieszkanie 72m2 + balkon Bez Prowizji,72.76,3,1,958794,13177,Górna Wilda 69,Wilda,,Dolna Górna Wilda,52.39769,16.92545,,,,https://www.otodom.pl/pl/oferta/3-pokojowe-mieszkanie-72m2-balkon-bez-prowizji-ID4BCXR,"https://ireland.apollo.olxcdn.com/v1/files/eyJhbGciOiJIUzI1NiIsInR5cCI6IkpXVCJ9.eyJmbiI6IjFxMXg4MTV2MHVncC1FQ09TWVNURU0iLCJ3IjpbeyJmbiI6ImVudmZxcWUxYXk0azEtQVBMIiwicyI6IjE2IiwiYSI6IjAiLCJwIjoiMTAsLTEwIn1dfQ.pUe68ZIrtqW7H67SEbTc2f51Pb0YOleQnSHOzWrxSKw/image;s=2048x1536;q=80,https://ireland.apollo.olxcdn.com/v1/files/eyJhbGciOiJIUzI1NiIsInR5cCI6IkpXVCJ9.eyJmbiI6InZicGthdzM0b2Z3aTEtRUNPU1lTVEVNIiwidyI6W3siZm4iOiJlbnZmcXFlMWF5NGsxLUFQTCIsInMiOiIxNiIsImEiOiIwIiwicCI6IjEwLC0xMCJ9XX0.6Pd8bgRtAUFHXULFMGC0BGZT3G9VqB2dE6k47M6du9o/image;s=2048x1536;q=80,https://ireland.apollo.olxcdn.com/v1/files/eyJhbGciOiJIUzI1NiIsInR5cCI6IkpXVCJ9.eyJmbiI6IjUwNjFkY2VoaDJ2ZS1FQ09TWVNURU0iLCJ3IjpbeyJmbiI6ImVudmZxcWUxYXk0azEtQVBMIiwicyI6IjE2IiwiYSI6IjAiLCJwIjoiMTAsLTEwIn1dfQ.ySQVbn9gllsLXlDTCfl-krZg8EUprGtOrqqWMWTRgkc/image;s=2048x1536;q=80",,,,,
68435703,mieszkanie,"PROMOCJA! GOTOWE 5 pokoi | 82,69 m² | Lasek Marceliński",82.69,5,4,959000,11598,ptasia 28,Ławica,Poznań,,52.40169,16.856126,,,,https://www.otodom.pl/pl/oferta/promocja-gotowe-5-pokoi-82-69-m-lasek-marcelinski-ID4D9fF,"https://ireland.apollo.olxcdn.com/v1/files/eyJhbGciOiJIUzI1NiIsInR5cCI6IkpXVCJ9.eyJmbiI6Imt6ajYzeWp5cXQ2NjMtQVBMIiwidyI6W3siZm4iOiJlbnZmcXFlMWF5NGsxLUFQTCIsInMiOiIxNiIsImEiOiIwIiwicCI6IjEwLC0xMCJ9XX0.V1r9SvN6c4Zs12vraNuw3s0jdKW_qkOAIlqNYb-mYiM/image;s=2048x1536;q=80,https://ireland.apollo.olxcdn.com/v1/files/eyJhbGciOiJIUzI1NiIsInR5cCI6IkpXVCJ9.eyJmbiI6ImU2NnVxM28yYWZ2azMtQVBMIiwidyI6W3siZm4iOiJlbnZmcXFlMWF5NGsxLUFQTCIsInMiOiIxNiIsImEiOiIwIiwicCI6IjEwLC0xMCJ9XX0.3GYghJkVYJE2-sUaGU44Bt8XeQhH6_hxELAFnbSL1sE/image;s=2048x1536;q=80,https://ireland.apollo.olxcdn.com/v1/files/eyJhbGciOiJIUzI1NiIsInR5cCI6IkpXVCJ9.eyJmbiI6InlyZG54Y2thZHF0dDMtQVBMIiwidyI6W3siZm4iOiJlbnZmcXFlMWF5NGsxLUFQTCIsInMiOiIxNiIsImEiOiIwIiwicCI6IjEwLC0xMCJ9XX0.caEhS-umLYUbjYEvopUCm1RnYyyGeZqQ8z7J07Alvq8/image;s=2048x1536;q=80",,,,,
68463553,mieszkanie,Klucze gotowe❗️OpcjaPODklucz❗️MP w hali 35 tys.zł❗,82.69,5,4,959000,11598,,Grunwald,Poznań,,52.40486,16.887642,,,,https://www.otodom.pl/pl/oferta/klucze-gotoweopcjapodkluczmp-w-hali-35-tys-zl-ID4DguR,"https://ireland.apollo.olxcdn.com/v1/files/eyJhbGciOiJIUzI1NiIsInR5cCI6IkpXVCJ9.eyJmbiI6IjdtazBuZmZtaGF1aTMtRUNPU1lTVEVNIiwidyI6W3siZm4iOiJlbnZmcXFlMWF5NGsxLUFQTCIsInMiOiIxNiIsImEiOiIwIiwicCI6IjEwLC0xMCJ9XX0.T3N0hT9IdX663_ojTFdoMedpxDeuCsXb-pxKoC9a97c/image;s=2048x1536;q=80,https://ireland.apollo.olxcdn.com/v1/files/eyJhbGciOiJIUzI1NiIsInR5cCI6IkpXVCJ9.eyJmbiI6IjN0MGNkY3d2OW9iYS1FQ09TWVNURU0iLCJ3IjpbeyJmbiI6ImVudmZxcWUxYXk0azEtQVBMIiwicyI6IjE2IiwiYSI6IjAiLCJwIjoiMTAsLTEwIn1dfQ.zXtjxYWV0hQChBAKjBP8i25isse8kCj9R4q3HuK7V-c/image;s=2048x1536;q=80,https://ireland.apollo.olxcdn.com/v1/files/eyJhbGciOiJIUzI1NiIsInR5cCI6IkpXVCJ9.eyJmbiI6ImNqMXdydmZ1MHl4cDItRUNPU1lTVEVNIiwidyI6W3siZm4iOiJlbnZmcXFlMWF5NGsxLUFQTCIsInMiOiIxNiIsImEiOiIwIiwicCI6IjEwLC0xMCJ9XX0.EqyMTL1P11W_6oWVUFHrtFL8kni8J7RPOJahDqS9unQ/image;s=2048x1536;q=80",,,,,
68382471,dom,Segment bliźniaka - Komorniki - bez Prowizji :),106.71,4,,961000,9006,Cyprysowa,Komorniki,,,52.33602,16.83435,,,,https://www.otodom.pl/pl/oferta/segment-blizniaka-komorniki-bez-prowizji-ID4CWp5,https://ireland.apollo.olxcdn.com/v1/files/eyJhbGciOiJIUzI1NiIsInR5cCI6IkpXVCJ9.eyJmbiI6Imx4MXY3dXk3eGFmbTEtRUNPU1lTVEVNIiwidyI6W3siZm4iOiJlbnZmcXFlMWF5NGsxLUFQTCIsInMiOiIxNiIsImEiOiIwIiwicCI6IjEwLC0xMCJ9XX0.3Kt_yTPwQB6M7Kv86R40ap1M_0KWqLeNa5IwmOj7OsI/image;s=2048x1536;q=80,,,,,
68025804,mieszkanie,GOTOWE do odbioru (3-pokojowe) Jasielska 8C!,83.75,3,5,963045.44,11499,ul. Jasielska 10D,Podolany,Poznań,,52.443035,16.891833,,,,https://www.otodom.pl/pl/oferta/gotowe-do-odbioru-3-pokojowe-jasielska-8c-ID4BqCo,"https://ireland.apollo.olxcdn.com/v1/files/eyJhbGciOiJIUzI1NiIsInR5cCI6IkpXVCJ9.eyJmbiI6IjA3eDBoOTV6cDBtNjItQVBMIiwidyI6W3siZm4iOiJlbnZmcXFlMWF5NGsxLUFQTCIsInMiOiIxNiIsImEiOiIwIiwicCI6IjEwLC0xMCJ9XX0.XVidyzekPgmxu21iCF81gDuNOss2Hu2RS151pKxMaxQ/image;s=2048x1536;q=80,https://ireland.apollo.olxcdn.com/v1/files/eyJhbGciOiJIUzI1NiIsInR5cCI6IkpXVCJ9.eyJmbiI6InFiYWE1eDNycXE4MTEtQVBMIiwidyI6W3siZm4iOiJlbnZmcXFlMWF5NGsxLUFQTCIsInMiOiIxNiIsImEiOiIwIiwicCI6IjEwLC0xMCJ9XX0.dYLtgrP9H9DiXnCMjy_wSi_uE9MtCl0Me5PAtlctIlc/image;s=2048x1536;q=80,https://ireland.apollo.olxcdn.com/v1/files/eyJhbGciOiJIUzI1NiIsInR5cCI6IkpXVCJ9.eyJmbiI6InhtaWkyOGdsa3I0aTEtQVBMIiwidyI6W3siZm4iOiJlbnZmcXFlMWF5NGsxLUFQTCIsInMiOiIxNiIsImEiOiIwIiwicCI6IjEwLC0xMCJ9XX0.8s65IDMGafWomAytOeTZ54ra3bqG5XTQCZlQsMdxKFM/image;s=2048x1536;q=80",,,,,
67967929,mieszkanie,4-pokojowe mieszkanie 78m2 + loggia Bezpośrednio,78.92,4,6,970716,12300,ul. Unii Lubelskiej 8,Starołęka Mała,Poznań,Przy Unii,52.373298,16.947588,,,,https://www.otodom.pl/pl/oferta/4-pokojowe-mieszkanie-78m2-loggia-bezposrednio-ID4BbyW,"https://ireland.apollo.olxcdn.com/v1/files/eyJhbGciOiJIUzI1NiIsInR5cCI6IkpXVCJ9.eyJmbiI6IjJzNWRzeGdobmtqODMtRUNPU1lTVEVNIiwidyI6W3siZm4iOiJlbnZmcXFlMWF5NGsxLUFQTCIsInMiOiIxNiIsImEiOiIwIiwicCI6IjEwLC0xMCJ9XX0.bojN16tz2MOksu9OBHfhYMDE__vQi6-7brsCOKeBIBw/image;s=2048x1536;q=80,https://ireland.apollo.olxcdn.com/v1/files/eyJhbGciOiJIUzI1NiIsInR5cCI6IkpXVCJ9.eyJmbiI6InQybHFmMm8xam4xcjEtRUNPU1lTVEVNIiwidyI6W3siZm4iOiJlbnZmcXFlMWF5NGsxLUFQTCIsInMiOiIxNiIsImEiOiIwIiwicCI6IjEwLC0xMCJ9XX0.sLQckYrzUO5_2h-7lszNgToG5sc9z9pEI6AFCaO-ftk/image;s=2048x1536;q=80,https://ireland.apollo.olxcdn.com/v1/files/eyJhbGciOiJIUzI1NiIsInR5cCI6IkpXVCJ9.eyJmbiI6InE2YmVncXE2OW52cC1FQ09TWVNURU0iLCJ3IjpbeyJmbiI6ImVudmZxcWUxYXk0azEtQVBMIiwicyI6IjE2IiwiYSI6IjAiLCJwIjoiMTAsLTEwIn1dfQ.DmCiB9s_f7dm03WPxPA1PxUXb0Arr0470QNRPvanyeM/image;s=2048x1536;q=80",,,,,
67171123,mieszkanie,3-pokojowe mieszkanie 74m2 + loggia Bezpośrednio,74.75,3,9,971750,13000,ul. Świętego Michała,Komandoria-Pomet,Poznań,Św. Michała etap 2,52.407943,16.96225,,,,https://www.otodom.pl/pl/oferta/3-pokojowe-mieszkanie-74m2-loggia-bezposrednio-ID4xQhd,"https://ireland.apollo.olxcdn.com/v1/files/eyJhbGciOiJIUzI1NiIsInR5cCI6IkpXVCJ9.eyJmbiI6InB3NmN1MW5uYmpmcS1FQ09TWVNURU0iLCJ3IjpbeyJmbiI6ImVudmZxcWUxYXk0azEtQVBMIiwicyI6IjE2IiwiYSI6IjAiLCJwIjoiMTAsLTEwIn1dfQ.VwtHey69-h34LSOChIujQvIlZ3aQLlvEY32r7y_dyQk/image;s=2048x1536;q=80,https://ireland.apollo.olxcdn.com/v1/files/eyJhbGciOiJIUzI1NiIsInR5cCI6IkpXVCJ9.eyJmbiI6Imp1cnI3ajd1MDZxeS1FQ09TWVNURU0iLCJ3IjpbeyJmbiI6ImVudmZxcWUxYXk0azEtQVBMIiwicyI6IjE2IiwiYSI6IjAiLCJwIjoiMTAsLTEwIn1dfQ.FZFzCYnNPHQ8Xg29S4UsWtQcA5dASNLAHrTKkbCinRE/image;s=2048x1536;q=80,https://ireland.apollo.olxcdn.com/v1/files/eyJhbGciOiJIUzI1NiIsInR5cCI6IkpXVCJ9.eyJmbiI6Inl2NDB4NmxjaTl1OTItRUNPU1lTVEVNIiwidyI6W3siZm4iOiJlbnZmcXFlMWF5NGsxLUFQTCIsInMiOiIxNiIsImEiOiIwIiwicCI6IjEwLC0xMCJ9XX0.8s2Ak9fhYRo39MzQ_nSwtRxxHPtC1dAv_Z3SOqqqr1o/image;s=2048x1536;q=80",,,,,
68373688,mieszkanie,Apartament z widokiem na park✔Centrum Jeżyc✔,92,4,1,972700,10573,,Ogrody,Poznań,,52.415905,16.890163,,,,https://www.otodom.pl/pl/oferta/apartament-z-widokiem-na-parkcentrum-jezyc-ID4CT7q,"https://ireland.apollo.olxcdn.com/v1/files/eyJhbGciOiJIUzI1NiIsInR5cCI6IkpXVCJ9.eyJmbiI6IjNibGE4MjVjaTQxOS1FQ09TWVNURU0iLCJ3IjpbeyJmbiI6ImVudmZxcWUxYXk0azEtQVBMIiwicyI6IjE2IiwiYSI6IjAiLCJwIjoiMTAsLTEwIn1dfQ.Z0APUilCZP-Cab2E0HjQXU4NoCKf18Vy5Fi5CGEk2rY/image;s=2048x1536;q=80,https://ireland.apollo.olxcdn.com/v1/files/eyJhbGciOiJIUzI1NiIsInR5cCI6IkpXVCJ9.eyJmbiI6IjI5enNjM3Rzb2t5ZTMtRUNPU1lTVEVNIiwidyI6W3siZm4iOiJlbnZmcXFlMWF5NGsxLUFQTCIsInMiOiIxNiIsImEiOiIwIiwicCI6IjEwLC0xMCJ9XX0.kTxKcRLNgjoYTf0qGvBtrXUOmnYZl6vg599tGbpmxV0/image;s=2048x1536;q=80,https://ireland.apollo.olxcdn.com/v1/files/eyJhbGciOiJIUzI1NiIsInR5cCI6IkpXVCJ9.eyJmbiI6InB3NDBvYWZscXR0Zy1FQ09TWVNURU0iLCJ3IjpbeyJmbiI6ImVudmZxcWUxYXk0azEtQVBMIiwicyI6IjE2IiwiYSI6IjAiLCJwIjoiMTAsLTEwIn1dfQ.OT2U34qq7AYwLDUl81nxb9aOtAbnGE3YfjV7q4PnYwc/image;s=2048x1536;q=80",,,,,
68476369,mieszkanie,4 pokoje I Dwustronne I 2 balkony I Jeżyce I Bez PCC I 0% prowizji,91.5,4,,972762,10631,ul. Klemensa Janickiego,Jeżyce,Poznań,,52.413479,16.902793,,,,https://www.otodom.pl/pl/oferta/4-pokoje-i-dwustronne-i-2-balkony-i-jezyce-i-bez-pcc-i-0-prowizji-ID4DjPz,"https://ireland.apollo.olxcdn.com/v1/files/eyJhbGciOiJIUzI1NiIsInR5cCI6IkpXVCJ9.eyJmbiI6Inlna3NlMHh6bzhmNC1BUEwiLCJ3IjpbeyJmbiI6ImVudmZxcWUxYXk0azEtQVBMIiwicyI6IjE2IiwiYSI6IjAiLCJwIjoiMTAsLTEwIn1dfQ.bbcoPn74hdUwKqlIJAGgs1qLMGwqU1hzjz4Z9aenREs/image;s=2048x1536;q=80,https://ireland.apollo.olxcdn.com/v1/files/eyJhbGciOiJIUzI1NiIsInR5cCI6IkpXVCJ9.eyJmbiI6InIwcWxldjg2ZDl5bjItQVBMIiwidyI6W3siZm4iOiJlbnZmcXFlMWF5NGsxLUFQTCIsInMiOiIxNiIsImEiOiIwIiwicCI6IjEwLC0xMCJ9XX0.5qsUA0ABvgvLcldMZmY46Yvgj4d3w10YU8l9tGQnpy8/image;s=2048x1536;q=80,https://ireland.apollo.olxcdn.com/v1/files/eyJhbGciOiJIUzI1NiIsInR5cCI6IkpXVCJ9.eyJmbiI6Im01dXZnN3FyYXJ5Zy1BUEwiLCJ3IjpbeyJmbiI6ImVudmZxcWUxYXk0azEtQVBMIiwicyI6IjE2IiwiYSI6IjAiLCJwIjoiMTAsLTEwIn1dfQ.o6NZvjBoCfEMI3ktrmHVuxSh5e7oET54HP6CiivdfJs/image;s=2048x1536;q=80",,,,,
68468283,mieszkanie,Dwa balkony-Dwie łazienki-Garderoba i pralnia-Widok na plac miejski!,91.45,4,5,972762,10637,Klemensa Janickiego,Jeżyce,Poznań,,52.41706,16.89563,,,,https://www.otodom.pl/pl/oferta/dwa-balkony-dwie-lazienki-garderoba-i-pralnia-widok-na-plac-miejski-ID4DhJ9,"https://ireland.apollo.olxcdn.com/v1/files/eyJhbGciOiJIUzI1NiIsInR5cCI6IkpXVCJ9.eyJmbiI6ImlvNWd4czgwOHV1OTEtRUNPU1lTVEVNIiwidyI6W3siZm4iOiJlbnZmcXFlMWF5NGsxLUFQTCIsInMiOiIxNiIsImEiOiIwIiwicCI6IjEwLC0xMCJ9XX0.rGo3lzaheVqJKk7tTUpc1fqPIv_oJr9PL0BnDtixJ3Q/image;s=2048x1536;q=80,https://ireland.apollo.olxcdn.com/v1/files/eyJhbGciOiJIUzI1NiIsInR5cCI6IkpXVCJ9.eyJmbiI6Imdiajd5Ynhjdjl4MDEtRUNPU1lTVEVNIiwidyI6W3siZm4iOiJlbnZmcXFlMWF5NGsxLUFQTCIsInMiOiIxNiIsImEiOiIwIiwicCI6IjEwLC0xMCJ9XX0.tMeqYJFVBpDoMBtrUeJAgzrPyq3ea2DNDzLByL-rLbU/image;s=2048x1536;q=80,https://ireland.apollo.olxcdn.com/v1/files/eyJhbGciOiJIUzI1NiIsInR5cCI6IkpXVCJ9.eyJmbiI6IjJibzlsbjA0d2szbjMtRUNPU1lTVEVNIiwidyI6W3siZm4iOiJlbnZmcXFlMWF5NGsxLUFQTCIsInMiOiIxNiIsImEiOiIwIiwicCI6IjEwLC0xMCJ9XX0.LNTeDJNuooKTt-EtpFN8hAyXMA2rcxF2sG2PiJzwyfE/image;s=2048x1536;q=80",,,,,
96846828300067,mieszkanie,Dwa balkony-Dwie łazienki-Garderoba i pralnia-Widok na plac miejski!,91.45,4,5,972762,10637,Klemensa Janickiego,Jeżyce,Poznań,,52.41706,16.89563,,,,https://www.otodom.pl/pl/oferta/dwa-balkony-dwie-lazienki-garderoba-i-pralnia-widok-na-plac-miejski-ID4DhJ9,"https://ireland.apollo.olxcdn.com/v1/files/eyJhbGciOiJIUzI1NiIsInR5cCI6IkpXVCJ9.eyJmbiI6ImlvNWd4czgwOHV1OTEtRUNPU1lTVEVNIiwidyI6W3siZm4iOiJlbnZmcXFlMWF5NGsxLUFQTCIsInMiOiIxNiIsImEiOiIwIiwicCI6IjEwLC0xMCJ9XX0.rGo3lzaheVqJKk7tTUpc1fqPIv_oJr9PL0BnDtixJ3Q/image;s=2048x1536;q=80,https://ireland.apollo.olxcdn.com/v1/files/eyJhbGciOiJIUzI1NiIsInR5cCI6IkpXVCJ9.eyJmbiI6Imdiajd5Ynhjdjl4MDEtRUNPU1lTVEVNIiwidyI6W3siZm4iOiJlbnZmcXFlMWF5NGsxLUFQTCIsInMiOiIxNiIsImEiOiIwIiwicCI6IjEwLC0xMCJ9XX0.tMeqYJFVBpDoMBtrUeJAgzrPyq3ea2DNDzLByL-rLbU/image;s=2048x1536;q=80,https://ireland.apollo.olxcdn.com/v1/files/eyJhbGciOiJIUzI1NiIsInR5cCI6IkpXVCJ9.eyJmbiI6IjJibzlsbjA0d2szbjMtRUNPU1lTVEVNIiwidyI6W3siZm4iOiJlbnZmcXFlMWF5NGsxLUFQTCIsInMiOiIxNiIsImEiOiIwIiwicCI6IjEwLC0xMCJ9XX0.LNTeDJNuooKTt-EtpFN8hAyXMA2rcxF2sG2PiJzwyfE/image;s=2048x1536;q=80",,,,,
68061059,mieszkanie,Przestronne 3pok. 71m2| Duży balkon na zachód!,71.01,3,2,972837,13700,Polanka,Łacina,Poznań,,52.396824,16.960993,,,,https://www.otodom.pl/pl/oferta/przestronne-3pok-71m2-duzy-balkon-na-zachod-ID4BzN1,"https://ireland.apollo.olxcdn.com/v1/files/eyJhbGciOiJIUzI1NiIsInR5cCI6IkpXVCJ9.eyJmbiI6ImJudWZwMGx6OGFudjItRUNPU1lTVEVNIiwidyI6W3siZm4iOiJlbnZmcXFlMWF5NGsxLUFQTCIsInMiOiIxNiIsImEiOiIwIiwicCI6IjEwLC0xMCJ9XX0.Mm2qpr9tfWJPVbL-t8ywGAe7krAPIjYnLsV-LRsW3_Q/image;s=2048x1536;q=80,https://ireland.apollo.olxcdn.com/v1/files/eyJhbGciOiJIUzI1NiIsInR5cCI6IkpXVCJ9.eyJmbiI6Inl6dGZrOXdmbW5nczItRUNPU1lTVEVNIiwidyI6W3siZm4iOiJlbnZmcXFlMWF5NGsxLUFQTCIsInMiOiIxNiIsImEiOiIwIiwicCI6IjEwLC0xMCJ9XX0.4jWWdsVzUbQkQMzb6UTz4dP56AK1Lxu47Ci8VaKCXjA/image;s=2048x1536;q=80,https://ireland.apollo.olxcdn.com/v1/files/eyJhbGciOiJIUzI1NiIsInR5cCI6IkpXVCJ9.eyJmbiI6Imo5NXFidGl1cmg5MzMtRUNPU1lTVEVNIiwidyI6W3siZm4iOiJlbnZmcXFlMWF5NGsxLUFQTCIsInMiOiIxNiIsImEiOiIwIiwicCI6IjEwLC0xMCJ9XX0.kP4T255SjEkaWCIV34vhT4DgoxFE8U6Tm8vlCq7j-NI/image;s=2048x1536;q=80",,,,,
68425926,mieszkanie,4-pokojowe / kameralny blok na 30 mieszkań. Obok planowany park,81.41,4,3,976920,12000,ul. Romana Dmowskiego,Górczyn,Poznań,,52.38565,16.89524,,,,https://www.otodom.pl/pl/oferta/4-pokojowe-kameralny-blok-na-30-mieszkan-obok-planowany-park-ID4D6HY,"https://ireland.apollo.olxcdn.com/v1/files/eyJhbGciOiJIUzI1NiIsInR5cCI6IkpXVCJ9.eyJmbiI6ImZ5em5wOWJwaHAwZjItQVBMIiwidyI6W3siZm4iOiJlbnZmcXFlMWF5NGsxLUFQTCIsInMiOiIxNiIsImEiOiIwIiwicCI6IjEwLC0xMCJ9XX0.sylWJ_hPwzl9GPEFxAPcGDH-9UWJLoCwrrRiTZqsYWA/image;s=2048x1536;q=80,https://ireland.apollo.olxcdn.com/v1/files/eyJhbGciOiJIUzI1NiIsInR5cCI6IkpXVCJ9.eyJmbiI6Inp1ZDd4dzdsNGUzaTMtQVBMIiwidyI6W3siZm4iOiJlbnZmcXFlMWF5NGsxLUFQTCIsInMiOiIxNiIsImEiOiIwIiwicCI6IjEwLC0xMCJ9XX0.To4JilPD6Lptn9i23fI0-yeFbdTixyikNaCSlwY_Bvo/image;s=2048x1536;q=80,https://ireland.apollo.olxcdn.com/v1/files/eyJhbGciOiJIUzI1NiIsInR5cCI6IkpXVCJ9.eyJmbiI6Imc5c2o1c2trMDZpZzMtQVBMIiwidyI6W3siZm4iOiJlbnZmcXFlMWF5NGsxLUFQTCIsInMiOiIxNiIsImEiOiIwIiwicCI6IjEwLC0xMCJ9XX0.sFhvTg6PnpcanwjSigpnr37Xm8KpVAtUGLlIRLLhnQ8/image;s=2048x1536;q=80",,,,,
68424430,dom,NOWY DOM w otoczeniu drzew / SMOCHY Lok. 1B,73,4,,979000,13411,kosierzyńska,Smochowice,Poznań,,52.435594,16.816331,,,,https://www.otodom.pl/pl/oferta/nowy-dom-w-otoczeniu-drzew-smochy-lok-1b-ID4D6jQ,"https://ireland.apollo.olxcdn.com/v1/files/eyJhbGciOiJIUzI1NiIsInR5cCI6IkpXVCJ9.eyJmbiI6Imc5MGJhM2QxMWJoZDEtQVBMIiwidyI6W3siZm4iOiJlbnZmcXFlMWF5NGsxLUFQTCIsInMiOiIxNiIsImEiOiIwIiwicCI6IjEwLC0xMCJ9XX0.NTCuNh1RvqE7wbealZFf073Q7npBkpkK5B7OmGtuI7Y/image;s=2048x1536;q=80,https://ireland.apollo.olxcdn.com/v1/files/eyJhbGciOiJIUzI1NiIsInR5cCI6IkpXVCJ9.eyJmbiI6ImM1eTFjcXo3cWF0Mi1BUEwiLCJ3IjpbeyJmbiI6ImVudmZxcWUxYXk0azEtQVBMIiwicyI6IjE2IiwiYSI6IjAiLCJwIjoiMTAsLTEwIn1dfQ.1YmnyFrouowAnaCqhHzeirwj4BOkgNnK0AjvrUoalac/image;s=2048x1536;q=80,https://ireland.apollo.olxcdn.com/v1/files/eyJhbGciOiJIUzI1NiIsInR5cCI6IkpXVCJ9.eyJmbiI6ImV2NXFlZHBvdGF6azMtQVBMIiwidyI6W3siZm4iOiJlbnZmcXFlMWF5NGsxLUFQTCIsInMiOiIxNiIsImEiOiIwIiwicCI6IjEwLC0xMCJ9XX0.TGH08_a2oGRWtTu5ts1eSJoqJsFuNbkDjYhU5YW-Wfk/image;s=2048x1536;q=80",,,,,
68486090,dom,Realne 135 m2 | dom z ogrodem | wśród zieleni | możliwość 5–6 pokoi,103.1,4,,979000,9496,,Jankowice,Jankowice,,52.453057,16.647427,,,,https://www.otodom.pl/pl/oferta/realne-135-m2-dom-z-ogrodem-wsrod-zieleni-mozliwosc-56-pokoi-ID4Dmmm,"https://ireland.apollo.olxcdn.com/v1/files/eyJhbGciOiJIUzI1NiIsInR5cCI6IkpXVCJ9.eyJmbiI6IjUyNnd5aXNzcmo3bDEtQVBMIiwidyI6W3siZm4iOiJlbnZmcXFlMWF5NGsxLUFQTCIsInMiOiIxNiIsImEiOiIwIiwicCI6IjEwLC0xMCJ9XX0.FLKeMBtYPoFBtaiktTJN6F44vdiVoSCVXFvfRn2oe54/image;s=2048x1536;q=80,https://ireland.apollo.olxcdn.com/v1/files/eyJhbGciOiJIUzI1NiIsInR5cCI6IkpXVCJ9.eyJmbiI6InJ2Ymw1bHZmbXBzdjItQVBMIiwidyI6W3siZm4iOiJlbnZmcXFlMWF5NGsxLUFQTCIsInMiOiIxNiIsImEiOiIwIiwicCI6IjEwLC0xMCJ9XX0.daVJsSNss7rHgLo3gqHPkdN4d2WvsOirAIxBm-tYt8w/image;s=2048x1536;q=80,https://ireland.apollo.olxcdn.com/v1/files/eyJhbGciOiJIUzI1NiIsInR5cCI6IkpXVCJ9.eyJmbiI6Ijhtc3M4dGZnbnIwZTEtQVBMIiwidyI6W3siZm4iOiJlbnZmcXFlMWF5NGsxLUFQTCIsInMiOiIxNiIsImEiOiIwIiwicCI6IjEwLC0xMCJ9XX0.JHLPoTKtXtxfvMlj0G1wak7mUkRlx5Z8ClbUYuydSsE/image;s=2048x1536;q=80",,,,,
68448426,dom,Podwyższony standard | 4 pokoje | taras 32 m2 i garaż,104.29,4,,979000,9387,ul. Poprzeczna,Luboń,Luboń,,52.34067,16.8629,,,,https://www.otodom.pl/pl/oferta/podwyzszony-standard-4-pokoje-taras-32-m2-i-garaz-ID4DcyS,"https://ireland.apollo.olxcdn.com/v1/files/eyJhbGciOiJIUzI1NiIsInR5cCI6IkpXVCJ9.eyJmbiI6Im4xZG90NXpraXk1cjMtQVBMIiwidyI6W3siZm4iOiJlbnZmcXFlMWF5NGsxLUFQTCIsInMiOiIxNiIsImEiOiIwIiwicCI6IjEwLC0xMCJ9XX0.M3l-J0HoFbO_qoPIRp-Jg_jXAvSY85Zcp6vq95d2rN0/image;s=2048x1536;q=80,https://ireland.apollo.olxcdn.com/v1/files/eyJhbGciOiJIUzI1NiIsInR5cCI6IkpXVCJ9.eyJmbiI6IjF4NHVyaGE1dzE2ejEtQVBMIiwidyI6W3siZm4iOiJlbnZmcXFlMWF5NGsxLUFQTCIsInMiOiIxNiIsImEiOiIwIiwicCI6IjEwLC0xMCJ9XX0.dc2YVbat-RcOCN0Y6yhVnHcygVwITgR2GA_PpS7AMi0/image;s=2048x1536;q=80,https://ireland.apollo.olxcdn.com/v1/files/eyJhbGciOiJIUzI1NiIsInR5cCI6IkpXVCJ9.eyJmbiI6InRmM3Z2NGJ5OGc0YTMtQVBMIiwidyI6W3siZm4iOiJlbnZmcXFlMWF5NGsxLUFQTCIsInMiOiIxNiIsImEiOiIwIiwicCI6IjEwLC0xMCJ9XX0.pYAeMQctzqt7JhSfg0x6_fgJw5ugCHo1MI6q7wf0728/image;s=2048x1536;q=80",,,,,
67968547,mieszkanie,4-pokojowe mieszkanie 70m2 + 2 balkony,70,4,1,980000,14000,ul. Jeleniogórska,Junikowo,Poznań,Leśny Marcelin,52.39563,16.8425,,,,https://www.otodom.pl/pl/oferta/4-pokojowe-mieszkanie-70m2-2-balkony-ID4BbIT,"https://ireland.apollo.olxcdn.com/v1/files/eyJhbGciOiJIUzI1NiIsInR5cCI6IkpXVCJ9.eyJmbiI6InMzYmF3Z2NodnNhNC1FQ09TWVNURU0iLCJ3IjpbeyJmbiI6ImVudmZxcWUxYXk0azEtQVBMIiwicyI6IjE2IiwiYSI6IjAiLCJwIjoiMTAsLTEwIn1dfQ.Ec-PM7lZUbKEMvrDnI_K5EErnx-sxpvmwpG8hHbLHGk/image;s=2048x1536;q=80,https://ireland.apollo.olxcdn.com/v1/files/eyJhbGciOiJIUzI1NiIsInR5cCI6IkpXVCJ9.eyJmbiI6Ing3OWNjdmxvc240ejEtRUNPU1lTVEVNIiwidyI6W3siZm4iOiJlbnZmcXFlMWF5NGsxLUFQTCIsInMiOiIxNiIsImEiOiIwIiwicCI6IjEwLC0xMCJ9XX0.QOYPsv44szuYsqutDs7EWV_1uXilY9-Bw1zrfNibZ6A/image;s=2048x1536;q=80,https://ireland.apollo.olxcdn.com/v1/files/eyJhbGciOiJIUzI1NiIsInR5cCI6IkpXVCJ9.eyJmbiI6Im5oMDVhZHhjeXFkeS1FQ09TWVNURU0iLCJ3IjpbeyJmbiI6ImVudmZxcWUxYXk0azEtQVBMIiwicyI6IjE2IiwiYSI6IjAiLCJwIjoiMTAsLTEwIn1dfQ._U7pY08KnUYrTVVQ2iDRXnJetpJlbijLltPate-Kg9I/image;s=2048x1536;q=80",,,,,
68391867,dom,✅ Wiry / Gotowe  / Działka 460 m2✅,136.49,4,,982000,7195,,Wiry,Wiry,,52.33239,16.83649,,,,https://www.otodom.pl/pl/oferta/wiry-gotowe-dzialka-460-m2-ID4CXQD,"https://ireland.apollo.olxcdn.com/v1/files/eyJhbGciOiJIUzI1NiIsInR5cCI6IkpXVCJ9.eyJmbiI6Im1wNnNpaXE2ZjV4MS1FQ09TWVNURU0iLCJ3IjpbeyJmbiI6ImVudmZxcWUxYXk0azEtQVBMIiwicyI6IjE2IiwiYSI6IjAiLCJwIjoiMTAsLTEwIn1dfQ.fQsfWh3q1azxIf6br6X-lR505S7LRq1m49XAxWc1NJY/image;s=2048x1536;q=80,https://ireland.apollo.olxcdn.com/v1/files/eyJhbGciOiJIUzI1NiIsInR5cCI6IkpXVCJ9.eyJmbiI6Im14azZudDhlNnNobTMtRUNPU1lTVEVNIiwidyI6W3siZm4iOiJlbnZmcXFlMWF5NGsxLUFQTCIsInMiOiIxNiIsImEiOiIwIiwicCI6IjEwLC0xMCJ9XX0.Lw6MdSGxm_9vv6MiahE-vlLZwZ304gIH-hxyrgxL5J0/image;s=2048x1536;q=80,https://ireland.apollo.olxcdn.com/v1/files/eyJhbGciOiJIUzI1NiIsInR5cCI6IkpXVCJ9.eyJmbiI6IjMzNWNyNzB5eTBxNDItRUNPU1lTVEVNIiwidyI6W3siZm4iOiJlbnZmcXFlMWF5NGsxLUFQTCIsInMiOiIxNiIsImEiOiIwIiwicCI6IjEwLC0xMCJ9XX0.jsOI8jDIs93O0Hf64uejd6CPUnNx9yrdL75pYZANQH4/image;s=2048x1536;q=80",,,,,
67868304,mieszkanie,"Nowoczesne mieszkanie dla Rodziny - 3 balkony, garaż, winda",79.3,5,1,983320,12400,ul. Grabowa,Dębiec,Poznań,,52.37305,16.90062,,,,https://www.otodom.pl/pl/oferta/nowoczesne-mieszkanie-dla-rodziny-3-balkony-garaz-winda-ID4ALE4,"https://ireland.apollo.olxcdn.com/v1/files/eyJhbGciOiJIUzI1NiIsInR5cCI6IkpXVCJ9.eyJmbiI6Im1mNHdreWNtcHoweTEtQVBMIiwidyI6W3siZm4iOiJlbnZmcXFlMWF5NGsxLUFQTCIsInMiOiIxNiIsImEiOiIwIiwicCI6IjEwLC0xMCJ9XX0.yYnyNPFH13GeWaa8kyZdE51J74CovTiLLvhXFP_ziY0/image;s=2048x1536;q=80,https://ireland.apollo.olxcdn.com/v1/files/eyJhbGciOiJIUzI1NiIsInR5cCI6IkpXVCJ9.eyJmbiI6ImZsaHZ0ODlldWJlazMtQVBMIiwidyI6W3siZm4iOiJlbnZmcXFlMWF5NGsxLUFQTCIsInMiOiIxNiIsImEiOiIwIiwicCI6IjEwLC0xMCJ9XX0.S5WluUro6_a2jiH10m2IQ3_QR9t5aeKFF_J9j9FlymU/image;s=2048x1536;q=80,https://ireland.apollo.olxcdn.com/v1/files/eyJhbGciOiJIUzI1NiIsInR5cCI6IkpXVCJ9.eyJmbiI6ImVtbTJkeW4yNnNzcC1BUEwiLCJ3IjpbeyJmbiI6ImVudmZxcWUxYXk0azEtQVBMIiwicyI6IjE2IiwiYSI6IjAiLCJwIjoiMTAsLTEwIn1dfQ.UW5wJ3X2lBZwiuULmHisrnVaClQe2YBpIZGBgGlgeGk/image;s=2048x1536;q=80",,,,,
68030613,mieszkanie,GOTOWE do odbioru (3-pokojowe) Jasielska 8C!,84.51,3,5,983338.08,11636,ul. Jasielska 10C,Podolany,Poznań,,52.443035,16.891833,,,,https://www.otodom.pl/pl/oferta/gotowe-do-odbioru-3-pokojowe-jasielska-8c-ID4BrRX,"https://ireland.apollo.olxcdn.com/v1/files/eyJhbGciOiJIUzI1NiIsInR5cCI6IkpXVCJ9.eyJmbiI6ImNiaDd4bXZwMGJxZzMtQVBMIiwidyI6W3siZm4iOiJlbnZmcXFlMWF5NGsxLUFQTCIsInMiOiIxNiIsImEiOiIwIiwicCI6IjEwLC0xMCJ9XX0.yZSD_N1O3_AjKUbeWkgipfLZMYAGVmv1yVwvRKz3Uh0/image;s=2048x1536;q=80,https://ireland.apollo.olxcdn.com/v1/files/eyJhbGciOiJIUzI1NiIsInR5cCI6IkpXVCJ9.eyJmbiI6IjQ4em1tMGxzd3g2ay1BUEwiLCJ3IjpbeyJmbiI6ImVudmZxcWUxYXk0azEtQVBMIiwicyI6IjE2IiwiYSI6IjAiLCJwIjoiMTAsLTEwIn1dfQ.aZYHi-bRS23FDf1-9g3UCkTFdArKUdRLh8OkO3_irgE/image;s=2048x1536;q=80,https://ireland.apollo.olxcdn.com/v1/files/eyJhbGciOiJIUzI1NiIsInR5cCI6IkpXVCJ9.eyJmbiI6ImVscHlqMGdhMDVpZzItQVBMIiwidyI6W3siZm4iOiJlbnZmcXFlMWF5NGsxLUFQTCIsInMiOiIxNiIsImEiOiIwIiwicCI6IjEwLC0xMCJ9XX0.U4DOuHIF3YS_hAvxgjo3wK63rrAar7SFj79VfGPA2es/image;s=2048x1536;q=80",,,,,
68287157,mieszkanie,3-pokojowe mieszkanie 70m2 + balkon Bez Prowizji,70.83,3,2,984537,13900,ul. Wilczak,Szeląg,Poznań,Dobry Szeląg,52.42872,16.95132,,,,https://www.otodom.pl/pl/oferta/3-pokojowe-mieszkanie-70m2-balkon-bez-prowizji-ID4CvBL,"https://ireland.apollo.olxcdn.com/v1/files/eyJhbGciOiJIUzI1NiIsInR5cCI6IkpXVCJ9.eyJmbiI6InZobWg5NmtmbmNuMTMtRUNPU1lTVEVNIiwidyI6W3siZm4iOiJlbnZmcXFlMWF5NGsxLUFQTCIsInMiOiIxNiIsImEiOiIwIiwicCI6IjEwLC0xMCJ9XX0.xRn3emPZGOhuOuT18ceMnhqb5QZwC4yxxKG0mcFdkks/image;s=2048x1536;q=80,https://ireland.apollo.olxcdn.com/v1/files/eyJhbGciOiJIUzI1NiIsInR5cCI6IkpXVCJ9.eyJmbiI6IjJ2MDh5YjdpY3g1bTEtRUNPU1lTVEVNIiwidyI6W3siZm4iOiJlbnZmcXFlMWF5NGsxLUFQTCIsInMiOiIxNiIsImEiOiIwIiwicCI6IjEwLC0xMCJ9XX0.DQrf7n6wifocK8r8xuEQfIn3cABWeYUf8iNauZUVAq8/image;s=2048x1536;q=80,https://ireland.apollo.olxcdn.com/v1/files/eyJhbGciOiJIUzI1NiIsInR5cCI6IkpXVCJ9.eyJmbiI6InZoOGV2enFlamZkNjMtRUNPU1lTVEVNIiwidyI6W3siZm4iOiJlbnZmcXFlMWF5NGsxLUFQTCIsInMiOiIxNiIsImEiOiIwIiwicCI6IjEwLC0xMCJ9XX0.vC3ovEy9PGEGhZF0EpzZTDifwe1laQ4w2C3Ws_BjSKY/image;s=2048x1536;q=80",,,,,
65698750,mieszkanie,Ziębicka 30  | mieszkanie 3-pok. | 1_4_05,72.94,3,3,984690,13500,ul. Ziębicka,Junikowo,Poznań,Ziębicka 30,52.38324,16.84562,,,,https://www.otodom.pl/pl/oferta/ziebicka-30-mieszkanie-3-pok-1-4-05-ID4rFfg,"https://ireland.apollo.olxcdn.com/v1/files/eyJhbGciOiJIUzI1NiIsInR5cCI6IkpXVCJ9.eyJmbiI6InhneGFvdmEzN2MxMTItRUNPU1lTVEVNIiwidyI6W3siZm4iOiJlbnZmcXFlMWF5NGsxLUFQTCIsInMiOiIxNiIsImEiOiIwIiwicCI6IjEwLC0xMCJ9XX0.LHEnTXyqo_BSnROIo4UDuf_0d6pNQx5APP0n28ts3vc/image;s=2048x1536;q=80,https://ireland.apollo.olxcdn.com/v1/files/eyJhbGciOiJIUzI1NiIsInR5cCI6IkpXVCJ9.eyJmbiI6IjRvajNrejdjc3J4eTEtRUNPU1lTVEVNIiwidyI6W3siZm4iOiJlbnZmcXFlMWF5NGsxLUFQTCIsInMiOiIxNiIsImEiOiIwIiwicCI6IjEwLC0xMCJ9XX0.jr6VkQyZYhZcxLGu9_q1VC4EnOUr_hUsQmCGbA3Qgo8/image;s=2048x1536;q=80,https://ireland.apollo.olxcdn.com/v1/files/eyJhbGciOiJIUzI1NiIsInR5cCI6IkpXVCJ9.eyJmbiI6ImxvMzJhOWpyenZxMzMtRUNPU1lTVEVNIiwidyI6W3siZm4iOiJlbnZmcXFlMWF5NGsxLUFQTCIsInMiOiIxNiIsImEiOiIwIiwicCI6IjEwLC0xMCJ9XX0.9PeX_229ZAwgW7sohpCM1-ZbRg6hIU-RUn7QDRZKq1g/image;s=2048x1536;q=80",,,,,
96569875000067,mieszkanie,Ziębicka 30  | mieszkanie 3-pok. | 1_4_05,72.94,3,3,984690,13500,ul. Ziębicka,Junikowo,Poznań,Ziębicka 30,52.38324,16.84562,,,,https://www.otodom.pl/pl/oferta/ziebicka-30-mieszkanie-3-pok-1-4-05-ID4rFfg,"https://ireland.apollo.olxcdn.com/v1/files/eyJhbGciOiJIUzI1NiIsInR5cCI6IkpXVCJ9.eyJmbiI6InhneGFvdmEzN2MxMTItRUNPU1lTVEVNIiwidyI6W3siZm4iOiJlbnZmcXFlMWF5NGsxLUFQTCIsInMiOiIxNiIsImEiOiIwIiwicCI6IjEwLC0xMCJ9XX0.LHEnTXyqo_BSnROIo4UDuf_0d6pNQx5APP0n28ts3vc/image;s=2048x1536;q=80,https://ireland.apollo.olxcdn.com/v1/files/eyJhbGciOiJIUzI1NiIsInR5cCI6IkpXVCJ9.eyJmbiI6IjRvajNrejdjc3J4eTEtRUNPU1lTVEVNIiwidyI6W3siZm4iOiJlbnZmcXFlMWF5NGsxLUFQTCIsInMiOiIxNiIsImEiOiIwIiwicCI6IjEwLC0xMCJ9XX0.jr6VkQyZYhZcxLGu9_q1VC4EnOUr_hUsQmCGbA3Qgo8/image;s=2048x1536;q=80,https://ireland.apollo.olxcdn.com/v1/files/eyJhbGciOiJIUzI1NiIsInR5cCI6IkpXVCJ9.eyJmbiI6ImxvMzJhOWpyenZxMzMtRUNPU1lTVEVNIiwidyI6W3siZm4iOiJlbnZmcXFlMWF5NGsxLUFQTCIsInMiOiIxNiIsImEiOiIwIiwicCI6IjEwLC0xMCJ9XX0.9PeX_229ZAwgW7sohpCM1-ZbRg6hIU-RUn7QDRZKq1g/image;s=2048x1536;q=80",,,,,
68444427,mieszkanie,"2 miejsca postojowe w cenie, duży taras! Bez Pcc!",72.94,3,3,984690,13500,Ziębicka,Junikowo,Poznań,,52.38364,16.84493,,,,https://www.otodom.pl/pl/oferta/2-miejsca-postojowe-w-cenie-duzy-taras-bez-pcc-ID4Dbvn,"https://ireland.apollo.olxcdn.com/v1/files/eyJhbGciOiJIUzI1NiIsInR5cCI6IkpXVCJ9.eyJmbiI6IjBkM2F3MGdndXFsejItRUNPU1lTVEVNIiwidyI6W3siZm4iOiJlbnZmcXFlMWF5NGsxLUFQTCIsInMiOiIxNiIsImEiOiIwIiwicCI6IjEwLC0xMCJ9XX0.DTWkvSmjANow3pYc6RDlkLnmheVsUWsJzmnOQ8m4jvQ/image;s=2048x1536;q=80,https://ireland.apollo.olxcdn.com/v1/files/eyJhbGciOiJIUzI1NiIsInR5cCI6IkpXVCJ9.eyJmbiI6Inl5cjR6aDc3bG80cjEtRUNPU1lTVEVNIiwidyI6W3siZm4iOiJlbnZmcXFlMWF5NGsxLUFQTCIsInMiOiIxNiIsImEiOiIwIiwicCI6IjEwLC0xMCJ9XX0.xQID2GvejnY7YrsW5f8XW3J3HMiULAkfDEo9c3Vb6SE/image;s=2048x1536;q=80,https://ireland.apollo.olxcdn.com/v1/files/eyJhbGciOiJIUzI1NiIsInR5cCI6IkpXVCJ9.eyJmbiI6IjYyNDQyMXlobHU3djMtRUNPU1lTVEVNIiwidyI6W3siZm4iOiJlbnZmcXFlMWF5NGsxLUFQTCIsInMiOiIxNiIsImEiOiIwIiwicCI6IjEwLC0xMCJ9XX0.G9xEkhGkXwWFWGqkydtubysjaixMt_-mx3NMPPJHfls/image;s=2048x1536;q=80",,,,,
68385142,dom,Dom wolnostojący parterowy - pompa ciepla,101,4,,987500,9777,JABŁKOWA,Kleszczewo,Kleszczewo,,52.3354,17.17332,,,,https://www.otodom.pl/pl/oferta/dom-wolnostojacy-parterowy-pompa-ciepla-ID4CV6a,"https://ireland.apollo.olxcdn.com/v1/files/eyJhbGciOiJIUzI1NiIsInR5cCI6IkpXVCJ9.eyJmbiI6IjV4YTBkZXB0c2twcjItQVBMIiwidyI6W3siZm4iOiJlbnZmcXFlMWF5NGsxLUFQTCIsInMiOiIxNiIsImEiOiIwIiwicCI6IjEwLC0xMCJ9XX0.gORYGNYuSKVWBqy7wok5MjYIZb1Z4DwRFy9GfsSFlL8/image;s=2048x1536;q=80,https://ireland.apollo.olxcdn.com/v1/files/eyJhbGciOiJIUzI1NiIsInR5cCI6IkpXVCJ9.eyJmbiI6Inlsam5zNGNtc3RsYjMtQVBMIiwidyI6W3siZm4iOiJlbnZmcXFlMWF5NGsxLUFQTCIsInMiOiIxNiIsImEiOiIwIiwicCI6IjEwLC0xMCJ9XX0.-xD-YZvs3t311JPTM_pVjndy1vqEEQneKkYKghz8sAw/image;s=2048x1536;q=80,https://ireland.apollo.olxcdn.com/v1/files/eyJhbGciOiJIUzI1NiIsInR5cCI6IkpXVCJ9.eyJmbiI6IjRiazlkczlyMGtidTMtQVBMIiwidyI6W3siZm4iOiJlbnZmcXFlMWF5NGsxLUFQTCIsInMiOiIxNiIsImEiOiIwIiwicCI6IjEwLC0xMCJ9XX0.-oRFw0zzzHe7XWH1a98eE6E8fOvj8UPruutYF88EGWQ/image;s=2048x1536;q=80",,,,,
67920164,dom,Nowoczesny wolnostojący dom parterowy Kleszczewo,101,4,,987500,9777,,Kleszczewo,Kleszczewo,,52.33382,17.17116,,,,https://www.otodom.pl/pl/oferta/nowoczesny-wolnostojacy-dom-parterowy-kleszczewo-ID4AZ8v,"https://ireland.apollo.olxcdn.com/v1/files/eyJhbGciOiJIUzI1NiIsInR5cCI6IkpXVCJ9.eyJmbiI6InBpZXhzcmZsZnE1bC1BUEwiLCJ3IjpbeyJmbiI6ImVudmZxcWUxYXk0azEtQVBMIiwicyI6IjE2IiwiYSI6IjAiLCJwIjoiMTAsLTEwIn1dfQ.XQmkilRL2IAI_3NmU2rZeImD6hs5xlrhdFC4dyEEHdQ/image;s=2048x1536;q=80,https://ireland.apollo.olxcdn.com/v1/files/eyJhbGciOiJIUzI1NiIsInR5cCI6IkpXVCJ9.eyJmbiI6InM2aTd5amY2dTl6by1BUEwiLCJ3IjpbeyJmbiI6ImVudmZxcWUxYXk0azEtQVBMIiwicyI6IjE2IiwiYSI6IjAiLCJwIjoiMTAsLTEwIn1dfQ.QudKrUEf7sZx1uzLzJxcjYSilD9NvDTPDuLeCUXEqc0/image;s=2048x1536;q=80,https://ireland.apollo.olxcdn.com/v1/files/eyJhbGciOiJIUzI1NiIsInR5cCI6IkpXVCJ9.eyJmbiI6ImZvMGRvOWR3anEzZjItQVBMIiwidyI6W3siZm4iOiJlbnZmcXFlMWF5NGsxLUFQTCIsInMiOiIxNiIsImEiOiIwIiwicCI6IjEwLC0xMCJ9XX0._3ZthQ7siKVBMqrgeUB5uS9rocnJEZMzKnDf-eRAEH0/image;s=2048x1536;q=80",,,,,
67967967,mieszkanie,4-pokojowe mieszkanie 81m2 + balkon Bez Prowizji,81.66,4,4,988086,12100,ul. Unii Lubelskiej 8,Starołęka Mała,Poznań,Przy Unii,52.373298,16.947588,,,,https://www.otodom.pl/pl/oferta/4-pokojowe-mieszkanie-81m2-balkon-bez-prowizji-ID4Bbzx,"https://ireland.apollo.olxcdn.com/v1/files/eyJhbGciOiJIUzI1NiIsInR5cCI6IkpXVCJ9.eyJmbiI6ImthNDl4bXExY2p5MzItRUNPU1lTVEVNIiwidyI6W3siZm4iOiJlbnZmcXFlMWF5NGsxLUFQTCIsInMiOiIxNiIsImEiOiIwIiwicCI6IjEwLC0xMCJ9XX0.8EKFzhSlZlkRCQNXDsVatV2TQzQWPv3RCpjxvQ88htI/image;s=2048x1536;q=80,https://ireland.apollo.olxcdn.com/v1/files/eyJhbGciOiJIUzI1NiIsInR5cCI6IkpXVCJ9.eyJmbiI6IjZnNzJxMnd3cWVmYTMtRUNPU1lTVEVNIiwidyI6W3siZm4iOiJlbnZmcXFlMWF5NGsxLUFQTCIsInMiOiIxNiIsImEiOiIwIiwicCI6IjEwLC0xMCJ9XX0.SSJG6Q-Uhr4JtPGK8PcaZrZgraMfkkUCbpkHvQ_stw0/image;s=2048x1536;q=80,https://ireland.apollo.olxcdn.com/v1/files/eyJhbGciOiJIUzI1NiIsInR5cCI6IkpXVCJ9.eyJmbiI6IndybGozbjhyZWVxNDMtRUNPU1lTVEVNIiwidyI6W3siZm4iOiJlbnZmcXFlMWF5NGsxLUFQTCIsInMiOiIxNiIsImEiOiIwIiwicCI6IjEwLC0xMCJ9XX0.jVOArN0b2NP96WESJx_QSJqlw8GDnkgsO_VRjTdZvpo/image;s=2048x1536;q=80",,,,,
68406886,dom,Nowy bliźniak| 4 pokoje | 93 m² | pod klucz | Palędzie,93.05,4,,990000,10639,Surfiniowa,Palędzie,Palędzie,,52.372102,16.726942,,,,https://www.otodom.pl/pl/oferta/nowy-blizniak-4-pokoje-93-m-pod-klucz-paledzie-ID4D1KS,"https://ireland.apollo.olxcdn.com/v1/files/eyJhbGciOiJIUzI1NiIsInR5cCI6IkpXVCJ9.eyJmbiI6InQzdXlhNmE5ZWlhdjEtQVBMIiwidyI6W3siZm4iOiJlbnZmcXFlMWF5NGsxLUFQTCIsInMiOiIxNiIsImEiOiIwIiwicCI6IjEwLC0xMCJ9XX0.7gnSPIBm5-r54KXsOUiQU1T-PUwgk4bSZ6R8wtr9CYA/image;s=2048x1536;q=80,https://ireland.apollo.olxcdn.com/v1/files/eyJhbGciOiJIUzI1NiIsInR5cCI6IkpXVCJ9.eyJmbiI6ImF5NjRpd2t6a3Frci1BUEwiLCJ3IjpbeyJmbiI6ImVudmZxcWUxYXk0azEtQVBMIiwicyI6IjE2IiwiYSI6IjAiLCJwIjoiMTAsLTEwIn1dfQ.YE4qzc3JJo0WTO_aEZ2nflJyA539AjdzA439XxWfza4/image;s=2048x1536;q=80,https://ireland.apollo.olxcdn.com/v1/files/eyJhbGciOiJIUzI1NiIsInR5cCI6IkpXVCJ9.eyJmbiI6InM2MzYwMnk2MDl2YjEtQVBMIiwidyI6W3siZm4iOiJlbnZmcXFlMWF5NGsxLUFQTCIsInMiOiIxNiIsImEiOiIwIiwicCI6IjEwLC0xMCJ9XX0.mXuCt_QV5KaNAukdK0DN008LK0PS8ZZqPYdGjTa41rA/image;s=2048x1536;q=80",,,,,
67709604,mieszkanie,5-pokojowe mieszkanie 82m2 + balkon Bez Prowizji,82.69,5,4,991453,11990,Ptasia,Kasztelanów,Poznań,Symfonia Ptasia 28,52.40159,16.85593,,,,https://www.otodom.pl/pl/oferta/5-pokojowe-mieszkanie-82m2-balkon-bez-prowizji-ID4A6mo,"https://ireland.apollo.olxcdn.com/v1/files/eyJhbGciOiJIUzI1NiIsInR5cCI6IkpXVCJ9.eyJmbiI6InNsanRwbHkxZHJrODItRUNPU1lTVEVNIiwidyI6W3siZm4iOiJlbnZmcXFlMWF5NGsxLUFQTCIsInMiOiIxNiIsImEiOiIwIiwicCI6IjEwLC0xMCJ9XX0.WLX8BjzvQdOL9YtcnQ936eS99vTUsNB2ZTrF0cWoz_8/image;s=2048x1536;q=80,https://ireland.apollo.olxcdn.com/v1/files/eyJhbGciOiJIUzI1NiIsInR5cCI6IkpXVCJ9.eyJmbiI6Iml4ZWFpb3BlN3M2aDEtRUNPU1lTVEVNIiwidyI6W3siZm4iOiJlbnZmcXFlMWF5NGsxLUFQTCIsInMiOiIxNiIsImEiOiIwIiwicCI6IjEwLC0xMCJ9XX0.FFK2UUZZoh38fXLVBmRVPRNPgytK97zhW9csrsfe2Vc/image;s=2048x1536;q=80,https://ireland.apollo.olxcdn.com/v1/files/eyJhbGciOiJIUzI1NiIsInR5cCI6IkpXVCJ9.eyJmbiI6InZudWFwaWRzbTl2NTMtRUNPU1lTVEVNIiwidyI6W3siZm4iOiJlbnZmcXFlMWF5NGsxLUFQTCIsInMiOiIxNiIsImEiOiIwIiwicCI6IjEwLC0xMCJ9XX0.yionrsUCt29GvQkBsBvat-N5_oreTJ1k-C8meW8ebcs/image;s=2048x1536;q=80",,,,,
68354241,mieszkanie,| rodzinne 4 pokoje z widokiem | OpcjaPODklucz | 0% prowizji,76.1,4,8,992000,13035,Jana Henryka Dąbrowskiego,Jeżyce,Poznań,,52.4156,16.90066,,,,https://www.otodom.pl/pl/oferta/rodzinne-4-pokoje-z-widokiem-opcjapodklucz-0-prowizji-ID4CO3L,"https://ireland.apollo.olxcdn.com/v1/files/eyJhbGciOiJIUzI1NiIsInR5cCI6IkpXVCJ9.eyJmbiI6IjZvZWJvMDljMWQyaS1FQ09TWVNURU0iLCJ3IjpbeyJmbiI6ImVudmZxcWUxYXk0azEtQVBMIiwicyI6IjE2IiwiYSI6IjAiLCJwIjoiMTAsLTEwIn1dfQ.sly28IuKEcRkrkt8XeN55glOT_XGfhY3rMpfVC57s9E/image;s=2048x1536;q=80,https://ireland.apollo.olxcdn.com/v1/files/eyJhbGciOiJIUzI1NiIsInR5cCI6IkpXVCJ9.eyJmbiI6IjkxODJlajg0a2o5ejEtRUNPU1lTVEVNIiwidyI6W3siZm4iOiJlbnZmcXFlMWF5NGsxLUFQTCIsInMiOiIxNiIsImEiOiIwIiwicCI6IjEwLC0xMCJ9XX0.K4ezficlaj0H28bYppeXnaTqqWVAWmh4BRcxoYMA9mo/image;s=2048x1536;q=80,https://ireland.apollo.olxcdn.com/v1/files/eyJhbGciOiJIUzI1NiIsInR5cCI6IkpXVCJ9.eyJmbiI6IjdpcHd0b3N3Ymluci1FQ09TWVNURU0iLCJ3IjpbeyJmbiI6ImVudmZxcWUxYXk0azEtQVBMIiwicyI6IjE2IiwiYSI6IjAiLCJwIjoiMTAsLTEwIn1dfQ.yyESVX24tXTG8TwhFh1QL-A5PkTTEKv_U5uBwSA5-MM/image;s=2048x1536;q=80",,,,,
68404711,mieszkanie,Nowoczesne 4‑pokojowe mieszkanie na Jeżycach!,76.06,4,8,992070,13043,ul. św. Floriana,Jeżyce,Poznań,,52.41321,16.90233,,,,https://www.otodom.pl/pl/oferta/nowoczesne-4pokojowe-mieszkanie-na-jezycach-ID4D1bN,"https://ireland.apollo.olxcdn.com/v1/files/eyJhbGciOiJIUzI1NiIsInR5cCI6IkpXVCJ9.eyJmbiI6ImZidDI5NXZ0NjhwMDItRUNPU1lTVEVNIiwidyI6W3siZm4iOiJlbnZmcXFlMWF5NGsxLUFQTCIsInMiOiIxNiIsImEiOiIwIiwicCI6IjEwLC0xMCJ9XX0.FNQym_1wZK63WGou3A_FjFKJpN6ic_VwOkjSLQMPxmA/image;s=2048x1536;q=80,https://ireland.apollo.olxcdn.com/v1/files/eyJhbGciOiJIUzI1NiIsInR5cCI6IkpXVCJ9.eyJmbiI6Imd6bzJlMzB2Mnk3MDEtRUNPU1lTVEVNIiwidyI6W3siZm4iOiJlbnZmcXFlMWF5NGsxLUFQTCIsInMiOiIxNiIsImEiOiIwIiwicCI6IjEwLC0xMCJ9XX0.5qxvq160vgAqG8cgfQn4gxhcr8DsEzWMpIFiCKLD83I/image;s=2048x1536;q=80,https://ireland.apollo.olxcdn.com/v1/files/eyJhbGciOiJIUzI1NiIsInR5cCI6IkpXVCJ9.eyJmbiI6ImMxcDc5andiMXc2eS1FQ09TWVNURU0iLCJ3IjpbeyJmbiI6ImVudmZxcWUxYXk0azEtQVBMIiwicyI6IjE2IiwiYSI6IjAiLCJwIjoiMTAsLTEwIn1dfQ.EnE9IbHQtvH3r1IiWMvY2_nhW3RDKrxzR2T5IzKhzBU/image;s=2048x1536;q=80",,,,,
68022661,mieszkanie,"Mieszkanie 3-pok. Poznań, Wilda.",70.82,3,4,996437,14070,ul. 28 Czerwca 1956 r.,Wilda,Poznań,Nowy Cegielski,52.392651,16.920178,,,,https://www.otodom.pl/pl/oferta/mieszkanie-3-pok-poznan-wilda-ID4BpNH,"https://ireland.apollo.olxcdn.com/v1/files/eyJhbGciOiJIUzI1NiIsInR5cCI6IkpXVCJ9.eyJmbiI6IjZyczAwMzd5ZWp6czItQVBMIiwidyI6W3siZm4iOiJlbnZmcXFlMWF5NGsxLUFQTCIsInMiOiIxNiIsImEiOiIwIiwicCI6IjEwLC0xMCJ9XX0.-W28TMGITg4BWlZu2s23T5imZWmYvjpa-8wmyr0yTdY/image;s=2048x1536;q=80,https://ireland.apollo.olxcdn.com/v1/files/eyJhbGciOiJIUzI1NiIsInR5cCI6IkpXVCJ9.eyJmbiI6IjA4dTV2MXdzdHAwNDItQVBMIiwidyI6W3siZm4iOiJlbnZmcXFlMWF5NGsxLUFQTCIsInMiOiIxNiIsImEiOiIwIiwicCI6IjEwLC0xMCJ9XX0.iUJ3-qZQVn7nkB_nzfJ-n9mUaCJECOP5ckaWxASZFKk/image;s=2048x1536;q=80,https://ireland.apollo.olxcdn.com/v1/files/eyJhbGciOiJIUzI1NiIsInR5cCI6IkpXVCJ9.eyJmbiI6InpyenljcGxwdjlubTMtQVBMIiwidyI6W3siZm4iOiJlbnZmcXFlMWF5NGsxLUFQTCIsInMiOiIxNiIsImEiOiIwIiwicCI6IjEwLC0xMCJ9XX0.xQ1AuiLndGwafQUso5AyVBzWy3QC1G3JQE29hAQuc1U/image;s=2048x1536;q=80",,,,,
67935382,dom,Nowe wolnostojące domy parterowe w Konarzewie,104.68,4,,998000,9534,,Konarzewo,Konarzewo,,52.34184,16.72316,,,,https://www.otodom.pl/pl/oferta/nowe-wolnostojace-domy-parterowe-w-konarzewie-ID4B35Y,"https://ireland.apollo.olxcdn.com/v1/files/eyJhbGciOiJIUzI1NiIsInR5cCI6IkpXVCJ9.eyJmbiI6IjN2djZqOGlnbmloMy1BUEwiLCJ3IjpbeyJmbiI6ImVudmZxcWUxYXk0azEtQVBMIiwicyI6IjE2IiwiYSI6IjAiLCJwIjoiMTAsLTEwIn1dfQ.SlMMwQVI0E-QVc23mKwsidlsUcUqooeKNd3RhZ5urec/image;s=2048x1536;q=80,https://ireland.apollo.olxcdn.com/v1/files/eyJhbGciOiJIUzI1NiIsInR5cCI6IkpXVCJ9.eyJmbiI6ImRtbDdkNDF4YWd5ejItQVBMIiwidyI6W3siZm4iOiJlbnZmcXFlMWF5NGsxLUFQTCIsInMiOiIxNiIsImEiOiIwIiwicCI6IjEwLC0xMCJ9XX0.0y9xeiBZJlV9ZshSvtn51HGqedf9ezg0T7_yWFLqIfI/image;s=2048x1536;q=80,https://ireland.apollo.olxcdn.com/v1/files/eyJhbGciOiJIUzI1NiIsInR5cCI6IkpXVCJ9.eyJmbiI6Im5kaWx6Nmt0MG52dTMtQVBMIiwidyI6W3siZm4iOiJlbnZmcXFlMWF5NGsxLUFQTCIsInMiOiIxNiIsImEiOiIwIiwicCI6IjEwLC0xMCJ9XX0.Pst8ARRYk81kdTxTsLAdVUSzNVCFxnRMsu9ca9sA7kQ/image;s=2048x1536;q=80",,,,,
68350468,dom,Nowoczesny parterowy dom 103m2 - natura 2000,103,4,,998000,9689,ul. Leśna,Jankowice,Jankowice,,52.43237,16.61709,,,,https://www.otodom.pl/pl/oferta/nowoczesny-parterowy-dom-103m2-natura-2000-ID4CN4U,"https://ireland.apollo.olxcdn.com/v1/files/eyJhbGciOiJIUzI1NiIsInR5cCI6IkpXVCJ9.eyJmbiI6Ino5cHM5a2Fib2I2eTItQVBMIiwidyI6W3siZm4iOiJlbnZmcXFlMWF5NGsxLUFQTCIsInMiOiIxNiIsImEiOiIwIiwicCI6IjEwLC0xMCJ9XX0.hsbpByOmJ_B6igRSlO9bfUMfQH6q04Hv2_mvzBhQvuk/image;s=2048x1536;q=80,https://ireland.apollo.olxcdn.com/v1/files/eyJhbGciOiJIUzI1NiIsInR5cCI6IkpXVCJ9.eyJmbiI6Im1kMTgyMTU3NzY3dDMtQVBMIiwidyI6W3siZm4iOiJlbnZmcXFlMWF5NGsxLUFQTCIsInMiOiIxNiIsImEiOiIwIiwicCI6IjEwLC0xMCJ9XX0.ogb4TGm2xrJb5V_4i69JsVVZY2GtCLM7xMl1zF38YLM/image;s=2048x1536;q=80,https://ireland.apollo.olxcdn.com/v1/files/eyJhbGciOiJIUzI1NiIsInR5cCI6IkpXVCJ9.eyJmbiI6InkyOWNiOGU4YXUzbzItQVBMIiwidyI6W3siZm4iOiJlbnZmcXFlMWF5NGsxLUFQTCIsInMiOiIxNiIsImEiOiIwIiwicCI6IjEwLC0xMCJ9XX0.EdFKK36L9wfdwFKGofNEl2nX94g5eRCwOBWFlOWXaa4/image;s=2048x1536;q=80",,,,,
68340559,dom,"NOWY, energooszczędny DOM w otoczeniu drzew / SMOCHY Lok. 1A",73,4,,999000,13685,ul. Kościerzyńska,Smochowice,Poznań,,52.43653,16.81566,,,,https://www.otodom.pl/pl/oferta/nowy-energooszczedny-dom-w-otoczeniu-drzew-smochy-lok-1a-ID4CKw5,"https://ireland.apollo.olxcdn.com/v1/files/eyJhbGciOiJIUzI1NiIsInR5cCI6IkpXVCJ9.eyJmbiI6InN2dGI1bWhnbTMwZDEtQVBMIiwidyI6W3siZm4iOiJlbnZmcXFlMWF5NGsxLUFQTCIsInMiOiIxNiIsImEiOiIwIiwicCI6IjEwLC0xMCJ9XX0.oU4YLf9euz8hqsRN-_EgTulav01ZLVpzaGetpz3xJtk/image;s=2048x1536;q=80,https://ireland.apollo.olxcdn.com/v1/files/eyJhbGciOiJIUzI1NiIsInR5cCI6IkpXVCJ9.eyJmbiI6ImN4NjdrcmE1ZTV2Ni1BUEwiLCJ3IjpbeyJmbiI6ImVudmZxcWUxYXk0azEtQVBMIiwicyI6IjE2IiwiYSI6IjAiLCJwIjoiMTAsLTEwIn1dfQ.8goXSm7fTujeA7ImO7cXTWqKxzvlr_J4jrjZpnmJOh8/image;s=2048x1536;q=80,https://ireland.apollo.olxcdn.com/v1/files/eyJhbGciOiJIUzI1NiIsInR5cCI6IkpXVCJ9.eyJmbiI6ImF3cGpwc2dsOWdtZDMtQVBMIiwidyI6W3siZm4iOiJlbnZmcXFlMWF5NGsxLUFQTCIsInMiOiIxNiIsImEiOiIwIiwicCI6IjEwLC0xMCJ9XX0.gPsKJL7pduMtiuHdgEvcZjyju5SykJmElwDMGCiY-f4/image;s=2048x1536;q=80",,,,,
67599146,dom,"Nowoczesny, energooszczędny dwupoziomowy dom pod lasem w Przeźmierowie",114,4,,999000,8763,ul. Wysogotowska,Przeźmierowo,Wysogotowo,,52.41152,16.782031,,,,https://www.otodom.pl/pl/oferta/nowoczesny-energooszczedny-dwupoziomowy-dom-pod-lasem-w-przezmierowie-ID4zDCO,"https://ireland.apollo.olxcdn.com/v1/files/eyJhbGciOiJIUzI1NiIsInR5cCI6IkpXVCJ9.eyJmbiI6IjFiZXk5bTc4aXdsYzEtQVBMIiwidyI6W3siZm4iOiJlbnZmcXFlMWF5NGsxLUFQTCIsInMiOiIxNiIsImEiOiIwIiwicCI6IjEwLC0xMCJ9XX0.Vay9az1TZCYLLBQ4D-_jAOK6n6R_WR1_jSw6B9zZmB8/image;s=2048x1536;q=80,https://ireland.apollo.olxcdn.com/v1/files/eyJhbGciOiJIUzI1NiIsInR5cCI6IkpXVCJ9.eyJmbiI6Ino2NzR0NWpjYTBzdzEtQVBMIiwidyI6W3siZm4iOiJlbnZmcXFlMWF5NGsxLUFQTCIsInMiOiIxNiIsImEiOiIwIiwicCI6IjEwLC0xMCJ9XX0.jJb8Nq84gRotaoOB9xMZOeAo4BitIuhLIlih4W5yASA/image;s=2048x1536;q=80,https://ireland.apollo.olxcdn.com/v1/files/eyJhbGciOiJIUzI1NiIsInR5cCI6IkpXVCJ9.eyJmbiI6InR5djlseG5sMWhydC1BUEwiLCJ3IjpbeyJmbiI6ImVudmZxcWUxYXk0azEtQVBMIiwicyI6IjE2IiwiYSI6IjAiLCJwIjoiMTAsLTEwIn1dfQ.nhfZsztfM6CVO9TbKlAzOYHqWRO536f0LRNzz960o_0/image;s=2048x1536;q=80",,,,,
68385096,dom,"Porterówka 104,10 m2, która czeka na Ciebie - Standard Premium - Garaż",104.1,4,,999000,9597,,Komorniki,Komorniki,,52.33166,16.78911,,,,https://www.otodom.pl/pl/oferta/porterowka-104-10-m2-ktora-czeka-na-ciebie-standard-premium-garaz-ID4CV5q,"https://ireland.apollo.olxcdn.com/v1/files/eyJhbGciOiJIUzI1NiIsInR5cCI6IkpXVCJ9.eyJmbiI6IjhxNmdycHFiOWNiZTEtQVBMIiwidyI6W3siZm4iOiJlbnZmcXFlMWF5NGsxLUFQTCIsInMiOiIxNiIsImEiOiIwIiwicCI6IjEwLC0xMCJ9XX0.X79VjB63oQT8jebyYbmrp3d_dlQC9x4YrcqbwzfW9EQ/image;s=2048x1536;q=80,https://ireland.apollo.olxcdn.com/v1/files/eyJhbGciOiJIUzI1NiIsInR5cCI6IkpXVCJ9.eyJmbiI6ImxiOXh4cnAwNDdocS1BUEwiLCJ3IjpbeyJmbiI6ImVudmZxcWUxYXk0azEtQVBMIiwicyI6IjE2IiwiYSI6IjAiLCJwIjoiMTAsLTEwIn1dfQ.8dkBbz-DNhAQwkHYAajIutCTnITvfhQEs4uUPOO7xro/image;s=2048x1536;q=80,https://ireland.apollo.olxcdn.com/v1/files/eyJhbGciOiJIUzI1NiIsInR5cCI6IkpXVCJ9.eyJmbiI6IjEwNDljeHI2eGFmdzEtQVBMIiwidyI6W3siZm4iOiJlbnZmcXFlMWF5NGsxLUFQTCIsInMiOiIxNiIsImEiOiIwIiwicCI6IjEwLC0xMCJ9XX0.FcMsKPVov__3Znlfww94Ls-M8Es4Gh7eKSBczf8vLNA/image;s=2048x1536;q=80",,,,,
68293443,dom,"Kicin okolice, cztery lokale na zamkniętym osiedlu z parkingiem",119,5,,999000,8395,,Kliny,Kicin,,52.465348,17.01961,,,,https://www.otodom.pl/pl/oferta/kicin-okolice-cztery-lokale-na-zamknietym-osiedlu-z-parkingiem-ID4Cyf9,"https://ireland.apollo.olxcdn.com/v1/files/eyJhbGciOiJIUzI1NiIsInR5cCI6IkpXVCJ9.eyJmbiI6InVvbmxhbzFhd3ZlcTItQVBMIiwidyI6W3siZm4iOiJlbnZmcXFlMWF5NGsxLUFQTCIsInMiOiIxNiIsImEiOiIwIiwicCI6IjEwLC0xMCJ9XX0.E_QBDj8iHAQLf9Z3cRY-VsJF7D5pKUlTLh7kCSO5nCY/image;s=2048x1536;q=80,https://ireland.apollo.olxcdn.com/v1/files/eyJhbGciOiJIUzI1NiIsInR5cCI6IkpXVCJ9.eyJmbiI6InM3NXVvN2N5azVrbi1BUEwiLCJ3IjpbeyJmbiI6ImVudmZxcWUxYXk0azEtQVBMIiwicyI6IjE2IiwiYSI6IjAiLCJwIjoiMTAsLTEwIn1dfQ.BGW3zzim9SVIoy34eC0ZHJFXDXQEYnK_Q-CxsQZbEak/image;s=2048x1536;q=80,https://ireland.apollo.olxcdn.com/v1/files/eyJhbGciOiJIUzI1NiIsInR5cCI6IkpXVCJ9.eyJmbiI6ImN3aTJocGs0cXF2aS1BUEwiLCJ3IjpbeyJmbiI6ImVudmZxcWUxYXk0azEtQVBMIiwicyI6IjE2IiwiYSI6IjAiLCJwIjoiMTAsLTEwIn1dfQ.uwMd5-BnTEp10hFbrJe_i-MNPOe_LoGrj5toT398lOQ/image;s=2048x1536;q=80",,,,,
68433900,mieszkanie,3 pokoje -gotowe mieszkanie w promocyjnej cenie| JASIELSKA 8C,93.85,3,5,999990,10655,JASIELSKA 10C,Podolany,Poznań,,52.443035,16.891833,,,,https://www.otodom.pl/pl/oferta/3-pokoje-gotowe-mieszkanie-w-promocyjnej-cenie-jasielska-8c-ID4D8MA,"https://ireland.apollo.olxcdn.com/v1/files/eyJhbGciOiJIUzI1NiIsInR5cCI6IkpXVCJ9.eyJmbiI6InV0eDg2MGRrdXo5YTMtQVBMIiwidyI6W3siZm4iOiJlbnZmcXFlMWF5NGsxLUFQTCIsInMiOiIxNiIsImEiOiIwIiwicCI6IjEwLC0xMCJ9XX0.Dyge1LKa-LXWRDx8q1Z37CfsCK7rDXiQOPAefQZuq1I/image;s=2048x1536;q=80,https://ireland.apollo.olxcdn.com/v1/files/eyJhbGciOiJIUzI1NiIsInR5cCI6IkpXVCJ9.eyJmbiI6InR4cGo0aHRnNHpndDMtQVBMIiwidyI6W3siZm4iOiJlbnZmcXFlMWF5NGsxLUFQTCIsInMiOiIxNiIsImEiOiIwIiwicCI6IjEwLC0xMCJ9XX0._FXTEm_sCLG88fVKAo7dkR5qbIW9Ic_wxbfU5dG3kbA/image;s=2048x1536;q=80,https://ireland.apollo.olxcdn.com/v1/files/eyJhbGciOiJIUzI1NiIsInR5cCI6IkpXVCJ9.eyJmbiI6Imh3YWk3OW4zNGhlLUFQTCIsInciOlt7ImZuIjoiZW52ZnFxZTFheTRrMS1BUEwiLCJzIjoiMTYiLCJhIjoiMCIsInAiOiIxMCwtMTAifV19.KZMoc2NFUmS8tiA3h2eJEFpyQnAdgH6tBEE8yxhKz1A/image;s=2048x1536;q=80",,,,,
68287224,mieszkanie,3-pokojowe mieszkanie 70m2 + balkon Bezpośrednio,70.96,3,3,1000536,14100,ul. Wilczak,Szeląg,Poznań,Dobry Szeląg,52.42872,16.95132,,,,https://www.otodom.pl/pl/oferta/3-pokojowe-mieszkanie-70m2-balkon-bezposrednio-ID4CvCQ,"https://ireland.apollo.olxcdn.com/v1/files/eyJhbGciOiJIUzI1NiIsInR5cCI6IkpXVCJ9.eyJmbiI6InRiZzk1dnQzOXBmMzMtRUNPU1lTVEVNIiwidyI6W3siZm4iOiJlbnZmcXFlMWF5NGsxLUFQTCIsInMiOiIxNiIsImEiOiIwIiwicCI6IjEwLC0xMCJ9XX0.BhY1B_XKNupBKUokdNTqF2a1AYUPEyxUiG1xzU-0iA0/image;s=2048x1536;q=80,https://ireland.apollo.olxcdn.com/v1/files/eyJhbGciOiJIUzI1NiIsInR5cCI6IkpXVCJ9.eyJmbiI6ImVtenFhaTluZWNlajEtRUNPU1lTVEVNIiwidyI6W3siZm4iOiJlbnZmcXFlMWF5NGsxLUFQTCIsInMiOiIxNiIsImEiOiIwIiwicCI6IjEwLC0xMCJ9XX0.1QaRbJvHpcRF7ZtyefsVJt4Y9LSYRSgKTBPmtpQHk6o/image;s=2048x1536;q=80,https://ireland.apollo.olxcdn.com/v1/files/eyJhbGciOiJIUzI1NiIsInR5cCI6IkpXVCJ9.eyJmbiI6InBwdWFldGV2OGl4eDItRUNPU1lTVEVNIiwidyI6W3siZm4iOiJlbnZmcXFlMWF5NGsxLUFQTCIsInMiOiIxNiIsImEiOiIwIiwicCI6IjEwLC0xMCJ9XX0.GFOD3A_dsULojTYL7lkoAak7cCUXLx22ZfgQgvhaVGc/image;s=2048x1536;q=80",,,,,
66416786,mieszkanie,4-pokojowe mieszkanie 78m2 + loggia Bezpośrednio,78.51,4,8,1014870,12927,ul. Piątkowska,Winiary,Poznań,Witosa Park,52.43822,16.90979,,,,https://www.otodom.pl/pl/oferta/4-pokojowe-mieszkanie-78m2-loggia-bezposrednio-ID4uG2u,"https://ireland.apollo.olxcdn.com/v1/files/eyJhbGciOiJIUzI1NiIsInR5cCI6IkpXVCJ9.eyJmbiI6Imh2dnhydGI3aThoNzEtRUNPU1lTVEVNIiwidyI6W3siZm4iOiJlbnZmcXFlMWF5NGsxLUFQTCIsInMiOiIxNiIsImEiOiIwIiwicCI6IjEwLC0xMCJ9XX0.ZISdUsMRCxTOdWbbMPJuPxaYMlzYE9vrpqHg7gUrKUg/image;s=2048x1536;q=80,https://ireland.apollo.olxcdn.com/v1/files/eyJhbGciOiJIUzI1NiIsInR5cCI6IkpXVCJ9.eyJmbiI6Im90cmx3czQ2Z2FhNjEtRUNPU1lTVEVNIiwidyI6W3siZm4iOiJlbnZmcXFlMWF5NGsxLUFQTCIsInMiOiIxNiIsImEiOiIwIiwicCI6IjEwLC0xMCJ9XX0.OcVFXn5scBxX2xTjLj4a361-jI3hGZ7fIIxduapCVz0/image;s=2048x1536;q=80,https://ireland.apollo.olxcdn.com/v1/files/eyJhbGciOiJIUzI1NiIsInR5cCI6IkpXVCJ9.eyJmbiI6InV6Z3g3YzBobGg1cDItRUNPU1lTVEVNIiwidyI6W3siZm4iOiJlbnZmcXFlMWF5NGsxLUFQTCIsInMiOiIxNiIsImEiOiIwIiwicCI6IjEwLC0xMCJ9XX0.FfLsWr-JzpVn75DVxJ9MD24YzTSw-O2T7EVFdyxEva4/image;s=2048x1536;q=80",,,,,
65698758,mieszkanie,Ziębicka 30  | mieszkanie 3-pok. | 2_3_06,75.19,3,2,1015065,13500,ul. Ziębicka,Junikowo,Poznań,Ziębicka 30,52.38324,16.84562,,,,https://www.otodom.pl/pl/oferta/ziebicka-30-mieszkanie-3-pok-2-3-06-ID4rFfo,"https://ireland.apollo.olxcdn.com/v1/files/eyJhbGciOiJIUzI1NiIsInR5cCI6IkpXVCJ9.eyJmbiI6IjZrczg2MmlmOTJxaS1FQ09TWVNURU0iLCJ3IjpbeyJmbiI6ImVudmZxcWUxYXk0azEtQVBMIiwicyI6IjE2IiwiYSI6IjAiLCJwIjoiMTAsLTEwIn1dfQ.u-pfbc7Gx19E2fA8bnPJRXjyQlymml9FJwJpt1uEUh4/image;s=2048x1536;q=80,https://ireland.apollo.olxcdn.com/v1/files/eyJhbGciOiJIUzI1NiIsInR5cCI6IkpXVCJ9.eyJmbiI6IjVhbXBuMzMwczE0YzEtRUNPU1lTVEVNIiwidyI6W3siZm4iOiJlbnZmcXFlMWF5NGsxLUFQTCIsInMiOiIxNiIsImEiOiIwIiwicCI6IjEwLC0xMCJ9XX0.egJiBXIMXwGnrCyD1iOQz2qzU-R8PsO3ciaFIC5egUs/image;s=2048x1536;q=80,https://ireland.apollo.olxcdn.com/v1/files/eyJhbGciOiJIUzI1NiIsInR5cCI6IkpXVCJ9.eyJmbiI6IjZwYzI5bjA1bjJoNzItRUNPU1lTVEVNIiwidyI6W3siZm4iOiJlbnZmcXFlMWF5NGsxLUFQTCIsInMiOiIxNiIsImEiOiIwIiwicCI6IjEwLC0xMCJ9XX0.dJauoudVN9qKeZtXMWIo6iwMkuFqNR6LC0RWSyFGAao/image;s=2048x1536;q=80",,,,,
67738322,mieszkanie,4-pok. Kameralny budynek. 2 strony świata. Balkon. Garaż.,81.41,4,1,1017000,12492,ul. Romana Dmowskiego,Górczyn,Poznań,Kwadrat Dmowskiego - NOWA OFERTA,52.38381,16.89437,,,,https://www.otodom.pl/pl/oferta/4-pok-kameralny-budynek-2-strony-swiata-balkon-garaz-ID4AdPA,"https://ireland.apollo.olxcdn.com/v1/files/eyJhbGciOiJIUzI1NiIsInR5cCI6IkpXVCJ9.eyJmbiI6InR6Z3plZGNkbWJ6NDMtQVBMIiwidyI6W3siZm4iOiJlbnZmcXFlMWF5NGsxLUFQTCIsInMiOiIxNiIsImEiOiIwIiwicCI6IjEwLC0xMCJ9XX0._bKsvcro3m1fHMrLJVCUMhGrinU-bn1Vj8rJRMto7D0/image;s=2048x1536;q=80,https://ireland.apollo.olxcdn.com/v1/files/eyJhbGciOiJIUzI1NiIsInR5cCI6IkpXVCJ9.eyJmbiI6ImYzcXNtcGlpanRuei1BUEwiLCJ3IjpbeyJmbiI6ImVudmZxcWUxYXk0azEtQVBMIiwicyI6IjE2IiwiYSI6IjAiLCJwIjoiMTAsLTEwIn1dfQ.b8kSi-nxnGPq0WoT8bH3rXBQSek9b-n8VG5NvcVVOEo/image;s=2048x1536;q=80,https://ireland.apollo.olxcdn.com/v1/files/eyJhbGciOiJIUzI1NiIsInR5cCI6IkpXVCJ9.eyJmbiI6IjEwN2tpNGwxMmVlYzEtQVBMIiwidyI6W3siZm4iOiJlbnZmcXFlMWF5NGsxLUFQTCIsInMiOiIxNiIsImEiOiIwIiwicCI6IjEwLC0xMCJ9XX0.AltEfUBj50qt-9aRJQCriYzTySx3D72eFjB41lWVykY/image;s=2048x1536;q=80",,,,,
68133985,dom,Parterowy dom 95 m2,94.93,4,,1020000,10745,ul. Nowa,Wiry,Wiry,,52.32196,16.86666,,,,https://www.otodom.pl/pl/oferta/parterowy-dom-95-m2-ID4BSLf,"https://ireland.apollo.olxcdn.com/v1/files/eyJhbGciOiJIUzI1NiIsInR5cCI6IkpXVCJ9.eyJmbiI6ImF1ZGg3bmt1bmVwajEtQVBMIiwidyI6W3siZm4iOiJlbnZmcXFlMWF5NGsxLUFQTCIsInMiOiIxNiIsImEiOiIwIiwicCI6IjEwLC0xMCJ9XX0.YWfm-l5qDWkLxByeDDpABtbkRV9FoJOMZBtXyLHwzP8/image;s=2048x1536;q=80,https://ireland.apollo.olxcdn.com/v1/files/eyJhbGciOiJIUzI1NiIsInR5cCI6IkpXVCJ9.eyJmbiI6ImR5bnRuenowcGZlMDItQVBMIiwidyI6W3siZm4iOiJlbnZmcXFlMWF5NGsxLUFQTCIsInMiOiIxNiIsImEiOiIwIiwicCI6IjEwLC0xMCJ9XX0.QWjgaNWzNmYeMqrUq67Y9833LJDwNuV3ricfrjTOrGo/image;s=2048x1536;q=80,https://ireland.apollo.olxcdn.com/v1/files/eyJhbGciOiJIUzI1NiIsInR5cCI6IkpXVCJ9.eyJmbiI6Im51c3dqb3hyMXZqdzEtQVBMIiwidyI6W3siZm4iOiJlbnZmcXFlMWF5NGsxLUFQTCIsInMiOiIxNiIsImEiOiIwIiwicCI6IjEwLC0xMCJ9XX0.ORPN2-HqixUUk96nvyMbLn7PhnIpISiMntatrQPrwUY/image;s=2048x1536;q=80",,,,,
68226515,dom,Dom 126 m2 na osiedlu przy lesie,125.53,4,,1020000,8126,Błyszcząca,Kamionki,,,52.28112,16.99687,,,,https://www.otodom.pl/pl/oferta/dom-126-m2-na-osiedlu-przy-lesie-ID4CgPF,"https://ireland.apollo.olxcdn.com/v1/files/eyJhbGciOiJIUzI1NiIsInR5cCI6IkpXVCJ9.eyJmbiI6IjFodXo1ZDV1M2NoMDItQVBMIiwidyI6W3siZm4iOiJlbnZmcXFlMWF5NGsxLUFQTCIsInMiOiIxNiIsImEiOiIwIiwicCI6IjEwLC0xMCJ9XX0.wIt5w1G17cY0419zZ70vaOdd6Ux0X4S29qkTYHJ9RuY/image;s=2048x1536;q=80,https://ireland.apollo.olxcdn.com/v1/files/eyJhbGciOiJIUzI1NiIsInR5cCI6IkpXVCJ9.eyJmbiI6Ijh4d3AwbHpvcjkweTEtQVBMIiwidyI6W3siZm4iOiJlbnZmcXFlMWF5NGsxLUFQTCIsInMiOiIxNiIsImEiOiIwIiwicCI6IjEwLC0xMCJ9XX0.TU2tUY2a6PruaUavvMWyJyhM5jALaGDUAIg8ZM9fOjI/image;s=2048x1536;q=80,https://ireland.apollo.olxcdn.com/v1/files/eyJhbGciOiJIUzI1NiIsInR5cCI6IkpXVCJ9.eyJmbiI6ImJ5bzJiamZnYjB6dS1BUEwiLCJ3IjpbeyJmbiI6ImVudmZxcWUxYXk0azEtQVBMIiwicyI6IjE2IiwiYSI6IjAiLCJwIjoiMTAsLTEwIn1dfQ.bNSaiosA-X5bwJplv-R2fRJY8HychT-_8y69FRBKDko/image;s=2048x1536;q=80",,,,,
96822651500067,dom,Dom 126 m2 na osiedlu przy lesie,125.53,4,,1020000,8126,Błyszcząca,Kamionki,,,52.28112,16.99687,,,,https://www.otodom.pl/pl/oferta/dom-126-m2-na-osiedlu-przy-lesie-ID4CgPF,"https://ireland.apollo.olxcdn.com/v1/files/eyJhbGciOiJIUzI1NiIsInR5cCI6IkpXVCJ9.eyJmbiI6IjFodXo1ZDV1M2NoMDItQVBMIiwidyI6W3siZm4iOiJlbnZmcXFlMWF5NGsxLUFQTCIsInMiOiIxNiIsImEiOiIwIiwicCI6IjEwLC0xMCJ9XX0.wIt5w1G17cY0419zZ70vaOdd6Ux0X4S29qkTYHJ9RuY/image;s=2048x1536;q=80,https://ireland.apollo.olxcdn.com/v1/files/eyJhbGciOiJIUzI1NiIsInR5cCI6IkpXVCJ9.eyJmbiI6Ijh4d3AwbHpvcjkweTEtQVBMIiwidyI6W3siZm4iOiJlbnZmcXFlMWF5NGsxLUFQTCIsInMiOiIxNiIsImEiOiIwIiwicCI6IjEwLC0xMCJ9XX0.TU2tUY2a6PruaUavvMWyJyhM5jALaGDUAIg8ZM9fOjI/image;s=2048x1536;q=80,https://ireland.apollo.olxcdn.com/v1/files/eyJhbGciOiJIUzI1NiIsInR5cCI6IkpXVCJ9.eyJmbiI6ImJ5bzJiamZnYjB6dS1BUEwiLCJ3IjpbeyJmbiI6ImVudmZxcWUxYXk0azEtQVBMIiwicyI6IjE2IiwiYSI6IjAiLCJwIjoiMTAsLTEwIn1dfQ.bNSaiosA-X5bwJplv-R2fRJY8HychT-_8y69FRBKDko/image;s=2048x1536;q=80",,,,,
68390559,mieszkanie,★ widokowe 4 pokoje z loggią ★ dla rodziny ★ OpcjaPODklucz,80.2,4,7,1020342,12722,Jana Henryka Dąbrowskiego,Jeżyce,Poznań,,52.413479,16.902793,,,,https://www.otodom.pl/pl/oferta/widokowe-4-pokoje-z-loggia-dla-rodziny-opcjapodklucz-ID4CXwx,"https://ireland.apollo.olxcdn.com/v1/files/eyJhbGciOiJIUzI1NiIsInR5cCI6IkpXVCJ9.eyJmbiI6Im80NTR5N2U1dzJ5eS1FQ09TWVNURU0iLCJ3IjpbeyJmbiI6ImVudmZxcWUxYXk0azEtQVBMIiwicyI6IjE2IiwiYSI6IjAiLCJwIjoiMTAsLTEwIn1dfQ.cnIIEPnzlEvQO8CyNGeIFPCUCVJ0MYrd2RAwKyEr6EQ/image;s=2048x1536;q=80,https://ireland.apollo.olxcdn.com/v1/files/eyJhbGciOiJIUzI1NiIsInR5cCI6IkpXVCJ9.eyJmbiI6ImViem11NzZobjgwdi1FQ09TWVNURU0iLCJ3IjpbeyJmbiI6ImVudmZxcWUxYXk0azEtQVBMIiwicyI6IjE2IiwiYSI6IjAiLCJwIjoiMTAsLTEwIn1dfQ.iJHdVbJU_LtJj_skdRm-P8qkH9Ois0Exjh1MehNNChU/image;s=2048x1536;q=80,https://ireland.apollo.olxcdn.com/v1/files/eyJhbGciOiJIUzI1NiIsInR5cCI6IkpXVCJ9.eyJmbiI6ImNvYnprbXUyemQ5eS1FQ09TWVNURU0iLCJ3IjpbeyJmbiI6ImVudmZxcWUxYXk0azEtQVBMIiwicyI6IjE2IiwiYSI6IjAiLCJwIjoiMTAsLTEwIn1dfQ.nkYqbseObucckpKiLbrO32INIKnfxXX9kIpNISy0L4A/image;s=2048x1536;q=80",,,,,
66333277,mieszkanie,5-pokojowe mieszkanie 82m2 + loggia Bezpośrednio,82.55,5,5,1022794,12390,Ptasia,Kasztelanów,,Symfonia Ptasia 28,52.40159,16.85593,,,,https://www.otodom.pl/pl/oferta/5-pokojowe-mieszkanie-82m2-loggia-bezposrednio-ID4ukjz,"https://ireland.apollo.olxcdn.com/v1/files/eyJhbGciOiJIUzI1NiIsInR5cCI6IkpXVCJ9.eyJmbiI6IjVqcDFkMDBxdWt3NDEtRUNPU1lTVEVNIiwidyI6W3siZm4iOiJlbnZmcXFlMWF5NGsxLUFQTCIsInMiOiIxNiIsImEiOiIwIiwicCI6IjEwLC0xMCJ9XX0.8ZqnAn5IzNbFN3Z7Pkm17w5Sv5xLl7RtZtg7pNp8Lr8/image;s=2048x1536;q=80,https://ireland.apollo.olxcdn.com/v1/files/eyJhbGciOiJIUzI1NiIsInR5cCI6IkpXVCJ9.eyJmbiI6ImQ4bW11eWU3cXd2YjEtRUNPU1lTVEVNIiwidyI6W3siZm4iOiJlbnZmcXFlMWF5NGsxLUFQTCIsInMiOiIxNiIsImEiOiIwIiwicCI6IjEwLC0xMCJ9XX0.nHAMum8U8kcJiQ83gOVVhnxJDRwtt0BrQi1umfd_krc/image;s=2048x1536;q=80,https://ireland.apollo.olxcdn.com/v1/files/eyJhbGciOiJIUzI1NiIsInR5cCI6IkpXVCJ9.eyJmbiI6ImxtaTFmODEyMWg1YzItRUNPU1lTVEVNIiwidyI6W3siZm4iOiJlbnZmcXFlMWF5NGsxLUFQTCIsInMiOiIxNiIsImEiOiIwIiwicCI6IjEwLC0xMCJ9XX0.96MzdWdIKiy7adgGBXRBWzlmNnRO0k05QX8ByJQ7p_Q/image;s=2048x1536;q=80",,,,,
68460646,mieszkanie,"0% Prowizji Nowe, 5-pokojowe mieszkanie - Symfonia Ptasia 28, Marcelin",82.55,5,5,1022794.5,12390,ul. Ptasia,Kasztelanów,,,52.40047,16.85816,,,,https://www.otodom.pl/pl/oferta/0-prowizji-nowe-5-pokojowe-mieszkanie-symfonia-ptasia-28-marcelin-ID4DfJY,"https://ireland.apollo.olxcdn.com/v1/files/eyJhbGciOiJIUzI1NiIsInR5cCI6IkpXVCJ9.eyJmbiI6Ink4dW4zcTYxYncydjMtQVBMIiwidyI6W3siZm4iOiJlbnZmcXFlMWF5NGsxLUFQTCIsInMiOiIxNiIsImEiOiIwIiwicCI6IjEwLC0xMCJ9XX0.WQ-zbtK2vP9Rc-j8lLdpypwCKs00s99iWZhDnmQrnk8/image;s=2048x1536;q=80,https://ireland.apollo.olxcdn.com/v1/files/eyJhbGciOiJIUzI1NiIsInR5cCI6IkpXVCJ9.eyJmbiI6InNibjc4ZTI1NGhrbTItQVBMIiwidyI6W3siZm4iOiJlbnZmcXFlMWF5NGsxLUFQTCIsInMiOiIxNiIsImEiOiIwIiwicCI6IjEwLC0xMCJ9XX0.7W6aUCHPPmEAnBiMiUuX2ngKT3fylfyqBvxsGHmeVgk/image;s=2048x1536;q=80,https://ireland.apollo.olxcdn.com/v1/files/eyJhbGciOiJIUzI1NiIsInR5cCI6IkpXVCJ9.eyJmbiI6IjA3OHAxbWZ4cW96aTEtQVBMIiwidyI6W3siZm4iOiJlbnZmcXFlMWF5NGsxLUFQTCIsInMiOiIxNiIsImEiOiIwIiwicCI6IjEwLC0xMCJ9XX0.3eKBi8awxuM6rmWnV3HTZZzFG1tfR9Musr5khOQe6IA/image;s=2048x1536;q=80",,,,,
68391362,mieszkanie,4 pokoje I Dwustronne I Jeżyce I TOP lokalizacja I Blisko tramwaj,81.84,4,,1023000,12500,ul. Klemensa Janickiego,Jeżyce,Poznań,,52.413479,16.902793,,,,https://www.otodom.pl/pl/oferta/4-pokoje-i-dwustronne-i-jezyce-i-top-lokalizacja-i-blisko-tramwaj-ID4CXIu,"https://ireland.apollo.olxcdn.com/v1/files/eyJhbGciOiJIUzI1NiIsInR5cCI6IkpXVCJ9.eyJmbiI6IjNmcnFzaDFvZHVpbS1BUEwiLCJ3IjpbeyJmbiI6ImVudmZxcWUxYXk0azEtQVBMIiwicyI6IjE2IiwiYSI6IjAiLCJwIjoiMTAsLTEwIn1dfQ.bgLAjMZ9t_XxnOTQIQi0GP6oCr18oe09YvgVKAyj_D0/image;s=2048x1536;q=80,https://ireland.apollo.olxcdn.com/v1/files/eyJhbGciOiJIUzI1NiIsInR5cCI6IkpXVCJ9.eyJmbiI6InozMDVsZjlsYnUyNzMtQVBMIiwidyI6W3siZm4iOiJlbnZmcXFlMWF5NGsxLUFQTCIsInMiOiIxNiIsImEiOiIwIiwicCI6IjEwLC0xMCJ9XX0.qmcNqCAo5DymJkQIHQ15YPccDLgKQdlpK_fheuGCgHo/image;s=2048x1536;q=80,https://ireland.apollo.olxcdn.com/v1/files/eyJhbGciOiJIUzI1NiIsInR5cCI6IkpXVCJ9.eyJmbiI6IjgzMXhmbDRtNzJyZTItQVBMIiwidyI6W3siZm4iOiJlbnZmcXFlMWF5NGsxLUFQTCIsInMiOiIxNiIsImEiOiIwIiwicCI6IjEwLC0xMCJ9XX0.pxgoWF_CNZQaSo1kHXJfhhuSrABTt5OZc-vo17QmNDI/image;s=2048x1536;q=80",,,,,
68366401,mieszkanie,Dom w zabudowie bliźniaczej,114,4,1,1027900,9017,,Tarnowo Podgórne,Tarnowo Podgórne,,52.46313,16.69127,,,,https://www.otodom.pl/pl/oferta/dom-w-zabudowie-blizniaczej-ID4CRdT,"https://ireland.apollo.olxcdn.com/v1/files/eyJhbGciOiJIUzI1NiIsInR5cCI6IkpXVCJ9.eyJmbiI6ImE3N2E0NHBqaXc4czMtQVBMIiwidyI6W3siZm4iOiJlbnZmcXFlMWF5NGsxLUFQTCIsInMiOiIxNiIsImEiOiIwIiwicCI6IjEwLC0xMCJ9XX0.xkPbonmsWV6kcj3Xa47sYuv8IZ_9vBZDZDSJhJogu2U/image;s=2048x1536;q=80,https://ireland.apollo.olxcdn.com/v1/files/eyJhbGciOiJIUzI1NiIsInR5cCI6IkpXVCJ9.eyJmbiI6IjhubXh2dTlydHZ5ODItQVBMIiwidyI6W3siZm4iOiJlbnZmcXFlMWF5NGsxLUFQTCIsInMiOiIxNiIsImEiOiIwIiwicCI6IjEwLC0xMCJ9XX0.RMG2kQSTe0ox4uJRil_P376-J6mOrgEUfmLcZ676fiw/image;s=2048x1536;q=80,https://ireland.apollo.olxcdn.com/v1/files/eyJhbGciOiJIUzI1NiIsInR5cCI6IkpXVCJ9.eyJmbiI6ImhnNmtweDRucDNqNjItQVBMIiwidyI6W3siZm4iOiJlbnZmcXFlMWF5NGsxLUFQTCIsInMiOiIxNiIsImEiOiIwIiwicCI6IjEwLC0xMCJ9XX0.kJTzHSmxzKrh_m8zU3_AqHPN_bOHt3-nQLGgKS87jl4/image;s=2048x1536;q=80",,,,,
68466609,mieszkanie,"Zamieszkaj na nowym, kameralnym osiedlu",110.61,4,,1039000,9393,,Pokrzywno,Poznań,,52.36031,16.98203,,,,https://www.otodom.pl/pl/oferta/zamieszkaj-na-nowym-kameralnym-osiedlu-ID4Dhi9,"https://ireland.apollo.olxcdn.com/v1/files/eyJhbGciOiJIUzI1NiIsInR5cCI6IkpXVCJ9.eyJmbiI6InRta2Y3dDFsOW1sMzItQVBMIiwidyI6W3siZm4iOiJlbnZmcXFlMWF5NGsxLUFQTCIsInMiOiIxNiIsImEiOiIwIiwicCI6IjEwLC0xMCJ9XX0.fbBuqvJacAdZjHw10Xfm7PaUnso8pDYBJ_pmHm7wAeg/image;s=2048x1536;q=80,https://ireland.apollo.olxcdn.com/v1/files/eyJhbGciOiJIUzI1NiIsInR5cCI6IkpXVCJ9.eyJmbiI6Ijk1OWFyejF3eTI0NzItQVBMIiwidyI6W3siZm4iOiJlbnZmcXFlMWF5NGsxLUFQTCIsInMiOiIxNiIsImEiOiIwIiwicCI6IjEwLC0xMCJ9XX0.Re-MEtjyF-PZGgf4CPXUnUPBXq2qoWgogms9pGAXk58/image;s=2048x1536;q=80,https://ireland.apollo.olxcdn.com/v1/files/eyJhbGciOiJIUzI1NiIsInR5cCI6IkpXVCJ9.eyJmbiI6InEwMzJid2FxMnJsaC1BUEwiLCJ3IjpbeyJmbiI6ImVudmZxcWUxYXk0azEtQVBMIiwicyI6IjE2IiwiYSI6IjAiLCJwIjoiMTAsLTEwIn1dfQ.Fir_qR8eM94BATSiG5eO9Sb89cYpmTL57Ny1zh8S4S8/image;s=2048x1536;q=80",,,,,
68292202,mieszkanie,5-pokojowe mieszkanie 110 m2 | Szczepankowo,110.61,5,,1039000,9393,,Pokrzywno,Poznań,,52.36016,16.98206,,,,https://www.otodom.pl/pl/oferta/5-pokojowe-mieszkanie-110-m2-szczepankowo-ID4CxW8,"https://ireland.apollo.olxcdn.com/v1/files/eyJhbGciOiJIUzI1NiIsInR5cCI6IkpXVCJ9.eyJmbiI6IjRqMDZ0MmRrb2g2ZS1BUEwiLCJ3IjpbeyJmbiI6ImVudmZxcWUxYXk0azEtQVBMIiwicyI6IjE2IiwiYSI6IjAiLCJwIjoiMTAsLTEwIn1dfQ.fcU9uQhXUOFBbkfZ51ABzxCwGuOFqMypptM0A3u6g3M/image;s=2048x1536;q=80,https://ireland.apollo.olxcdn.com/v1/files/eyJhbGciOiJIUzI1NiIsInR5cCI6IkpXVCJ9.eyJmbiI6IjN0cjlqZW94bmE1My1BUEwiLCJ3IjpbeyJmbiI6ImVudmZxcWUxYXk0azEtQVBMIiwicyI6IjE2IiwiYSI6IjAiLCJwIjoiMTAsLTEwIn1dfQ.5XhC9pPh5EJgG_2RpUZtcUZAhSQxpYMDDbXRaOWeNGU/image;s=2048x1536;q=80,https://ireland.apollo.olxcdn.com/v1/files/eyJhbGciOiJIUzI1NiIsInR5cCI6IkpXVCJ9.eyJmbiI6ImlnaGtobGd1Mnpnei1BUEwiLCJ3IjpbeyJmbiI6ImVudmZxcWUxYXk0azEtQVBMIiwicyI6IjE2IiwiYSI6IjAiLCJwIjoiMTAsLTEwIn1dfQ.uCYUMrrAAC_0wzHLEL5PkLLwlF9DNpSMckRgDEKJoX4/image;s=2048x1536;q=80",,,,,
68466707,dom,"Nowe, kameralne osiedle 5 minut od Ronda Rataje",110.61,4,,1039000,9393,,Pokrzywno,Poznań,,52.36034,16.9822,,,,https://www.otodom.pl/pl/oferta/nowe-kameralne-osiedle-5-minut-od-ronda-rataje-ID4DhjJ,"https://ireland.apollo.olxcdn.com/v1/files/eyJhbGciOiJIUzI1NiIsInR5cCI6IkpXVCJ9.eyJmbiI6InE5YmJvNTVsaGZnbDMtQVBMIiwidyI6W3siZm4iOiJlbnZmcXFlMWF5NGsxLUFQTCIsInMiOiIxNiIsImEiOiIwIiwicCI6IjEwLC0xMCJ9XX0.0G2LFrr-UrLfT62NHPqKq6qTS8rpw0pYf7_viLCzy0s/image;s=2048x1536;q=80,https://ireland.apollo.olxcdn.com/v1/files/eyJhbGciOiJIUzI1NiIsInR5cCI6IkpXVCJ9.eyJmbiI6IjhqYnlmeG96aXp3ZDItQVBMIiwidyI6W3siZm4iOiJlbnZmcXFlMWF5NGsxLUFQTCIsInMiOiIxNiIsImEiOiIwIiwicCI6IjEwLC0xMCJ9XX0.qFz3auiW68Zenll64yRuGBph21Hnz6Rr9ZHof1I27t4/image;s=2048x1536;q=80,https://ireland.apollo.olxcdn.com/v1/files/eyJhbGciOiJIUzI1NiIsInR5cCI6IkpXVCJ9.eyJmbiI6ImRmMmR1NTdobWk0czItQVBMIiwidyI6W3siZm4iOiJlbnZmcXFlMWF5NGsxLUFQTCIsInMiOiIxNiIsImEiOiIwIiwicCI6IjEwLC0xMCJ9XX0.yJrAQFELVC1hiKFjuvy4F1yJLVpm1P6U5aXCSy0IOos/image;s=2048x1536;q=80",,,,,
68466663,dom,"Nowe, kameralne osiedle 5 minut od Ronda Rataje",110.61,5,,1039000,9393,,Pokrzywno,Poznań,,52.36033,16.98213,,,,https://www.otodom.pl/pl/oferta/nowe-kameralne-osiedle-5-minut-od-ronda-rataje-ID4Dhj1,"https://ireland.apollo.olxcdn.com/v1/files/eyJhbGciOiJIUzI1NiIsInR5cCI6IkpXVCJ9.eyJmbiI6InRtMndodThzejlobzItQVBMIiwidyI6W3siZm4iOiJlbnZmcXFlMWF5NGsxLUFQTCIsInMiOiIxNiIsImEiOiIwIiwicCI6IjEwLC0xMCJ9XX0.cmP1jNMaeQSlQDr6BCnxNNIcALjssFDHa3qQDQuTZEI/image;s=2048x1536;q=80,https://ireland.apollo.olxcdn.com/v1/files/eyJhbGciOiJIUzI1NiIsInR5cCI6IkpXVCJ9.eyJmbiI6ImZ2ZTEyd2dtem5xaTEtQVBMIiwidyI6W3siZm4iOiJlbnZmcXFlMWF5NGsxLUFQTCIsInMiOiIxNiIsImEiOiIwIiwicCI6IjEwLC0xMCJ9XX0.KDmXE0UplncY5zS78swAy41X99pgvLubr3jWLZxRTqc/image;s=2048x1536;q=80,https://ireland.apollo.olxcdn.com/v1/files/eyJhbGciOiJIUzI1NiIsInR5cCI6IkpXVCJ9.eyJmbiI6ImlubWVydWJma2J4MjItQVBMIiwidyI6W3siZm4iOiJlbnZmcXFlMWF5NGsxLUFQTCIsInMiOiIxNiIsImEiOiIwIiwicCI6IjEwLC0xMCJ9XX0.9xxjJ6kSrKiQjJ3uLOJUbV7LbYAeJ8IbnzXTsVUOiUI/image;s=2048x1536;q=80",,,,,
68466567,dom,Dom 5 minut od Ronda Rataje,110.61,4,,1039000,9393,,Pokrzywno,Poznań,,52.3603,16.98213,,,,https://www.otodom.pl/pl/oferta/dom-5-minut-od-ronda-rataje-ID4Dhht,"https://ireland.apollo.olxcdn.com/v1/files/eyJhbGciOiJIUzI1NiIsInR5cCI6IkpXVCJ9.eyJmbiI6ImI2MW9heW1hdmx1bTEtQVBMIiwidyI6W3siZm4iOiJlbnZmcXFlMWF5NGsxLUFQTCIsInMiOiIxNiIsImEiOiIwIiwicCI6IjEwLC0xMCJ9XX0.EFjt2x6AVlLXYKPLkUW0bu6GO0hxWMZDaLEvWDbt7zo/image;s=2048x1536;q=80,https://ireland.apollo.olxcdn.com/v1/files/eyJhbGciOiJIUzI1NiIsInR5cCI6IkpXVCJ9.eyJmbiI6IjY0Mmx3MnY5aGJhcy1BUEwiLCJ3IjpbeyJmbiI6ImVudmZxcWUxYXk0azEtQVBMIiwicyI6IjE2IiwiYSI6IjAiLCJwIjoiMTAsLTEwIn1dfQ.KdwZo_b1MfQorhuQDZ094ivd2avQtza6X9c5Sc8qrgo/image;s=2048x1536;q=80,https://ireland.apollo.olxcdn.com/v1/files/eyJhbGciOiJIUzI1NiIsInR5cCI6IkpXVCJ9.eyJmbiI6ImFqZHJseXdqaDNzejItQVBMIiwidyI6W3siZm4iOiJlbnZmcXFlMWF5NGsxLUFQTCIsInMiOiIxNiIsImEiOiIwIiwicCI6IjEwLC0xMCJ9XX0.QEFcrWB7_gY3r8dJiMVSH9-5THfDManu_q9LHno4JEs/image;s=2048x1536;q=80",,,,,
67842929,mieszkanie,4-pokojowe mieszkanie 98m2 + loggia Bezpośrednio,98.4,4,2,1039488,10564,ul. Mogileńska,Warszawskie-Pomet-Maltańskie,Poznań,Atal Parkowa,52.410123,16.991362,,,,https://www.otodom.pl/pl/oferta/4-pokojowe-mieszkanie-98m2-loggia-bezposrednio-ID4AF2N,"https://ireland.apollo.olxcdn.com/v1/files/eyJhbGciOiJIUzI1NiIsInR5cCI6IkpXVCJ9.eyJmbiI6IjdrcnVjb2R2Ynd1NzItRUNPU1lTVEVNIiwidyI6W3siZm4iOiJlbnZmcXFlMWF5NGsxLUFQTCIsInMiOiIxNiIsImEiOiIwIiwicCI6IjEwLC0xMCJ9XX0.1JPZpTl-zWYNuUNN1dOQDznhcqTi0RnbPssY1wEdLBY/image;s=2048x1536;q=80,https://ireland.apollo.olxcdn.com/v1/files/eyJhbGciOiJIUzI1NiIsInR5cCI6IkpXVCJ9.eyJmbiI6InVyYnAydDA0NjRyYy1FQ09TWVNURU0iLCJ3IjpbeyJmbiI6ImVudmZxcWUxYXk0azEtQVBMIiwicyI6IjE2IiwiYSI6IjAiLCJwIjoiMTAsLTEwIn1dfQ.jBQSwWs8BTh4gUasN57-ri4winimJENKTn04QkujEXE/image;s=2048x1536;q=80,https://ireland.apollo.olxcdn.com/v1/files/eyJhbGciOiJIUzI1NiIsInR5cCI6IkpXVCJ9.eyJmbiI6ImRkNGJ5NjYzNDQ1ajMtRUNPU1lTVEVNIiwidyI6W3siZm4iOiJlbnZmcXFlMWF5NGsxLUFQTCIsInMiOiIxNiIsImEiOiIwIiwicCI6IjEwLC0xMCJ9XX0.Nav_xXXAlH-dLvDfqGw3NhotuEUxEfd_IlhNFpYl_a0/image;s=2048x1536;q=80",,,,,
68280776,mieszkanie,Ostatnie piętro | 2 duże loggie | Apartament 80 m²,80,3,5,1050000,13125,,Grunwald,Poznań,,52.404197,16.88215,,,,https://www.otodom.pl/pl/oferta/ostatnie-pietro-2-duze-loggie-apartament-80-m-ID4CuVQ,"https://ireland.apollo.olxcdn.com/v1/files/eyJhbGciOiJIUzI1NiIsInR5cCI6IkpXVCJ9.eyJmbiI6IjJ2ejdmYmJ5cmswZjEtRUNPU1lTVEVNIiwidyI6W3siZm4iOiJlbnZmcXFlMWF5NGsxLUFQTCIsInMiOiIxNiIsImEiOiIwIiwicCI6IjEwLC0xMCJ9XX0.dbGmNity7b7GJdJFvgOa7MYfROoX13T-PCUKa4PEEj0/image;s=2048x1536;q=80,https://ireland.apollo.olxcdn.com/v1/files/eyJhbGciOiJIUzI1NiIsInR5cCI6IkpXVCJ9.eyJmbiI6IjF0bnluamRrcGd4bDItRUNPU1lTVEVNIiwidyI6W3siZm4iOiJlbnZmcXFlMWF5NGsxLUFQTCIsInMiOiIxNiIsImEiOiIwIiwicCI6IjEwLC0xMCJ9XX0.TvSKaIHKnQPvex_COKB8r6JhqQqOkv1MUt6q5I2PRVY/image;s=2048x1536;q=80,https://ireland.apollo.olxcdn.com/v1/files/eyJhbGciOiJIUzI1NiIsInR5cCI6IkpXVCJ9.eyJmbiI6IncxNDk4YzRxbXJmcy1FQ09TWVNURU0iLCJ3IjpbeyJmbiI6ImVudmZxcWUxYXk0azEtQVBMIiwicyI6IjE2IiwiYSI6IjAiLCJwIjoiMTAsLTEwIn1dfQ.Rea6FxMRIcn2vPOGL4DQsFkiHvspjW3x9oGXT94j6Tg/image;s=2048x1536;q=80",,,,,
68250916,dom,"Przestronny dom z garażem. 5 pokoi. Powierzchnia całkowita 153,5 m2",132.6,5,,1050000,7919,,Rosnowo,,,52.32675,16.78538,,,,https://www.otodom.pl/pl/oferta/przestronny-dom-z-garazem-5-pokoi-powierzchnia-calkowita-153-5-m2-ID4Cnbe,"https://ireland.apollo.olxcdn.com/v1/files/eyJhbGciOiJIUzI1NiIsInR5cCI6IkpXVCJ9.eyJmbiI6ImphbDM4a25ycGowaC1BUEwiLCJ3IjpbeyJmbiI6ImVudmZxcWUxYXk0azEtQVBMIiwicyI6IjE2IiwiYSI6IjAiLCJwIjoiMTAsLTEwIn1dfQ.KFZyCFPzF6uaPmAIzGkm53eLRO7zJlw1JP3zr-9Lppc/image;s=2048x1536;q=80,https://ireland.apollo.olxcdn.com/v1/files/eyJhbGciOiJIUzI1NiIsInR5cCI6IkpXVCJ9.eyJmbiI6InlueHlvZnVqZ3k3ZjEtQVBMIiwidyI6W3siZm4iOiJlbnZmcXFlMWF5NGsxLUFQTCIsInMiOiIxNiIsImEiOiIwIiwicCI6IjEwLC0xMCJ9XX0.pwWQHEycHy4TY_JHFC0_jE08gWCKcQD-tCmOKpI407A/image;s=2048x1536;q=80,https://ireland.apollo.olxcdn.com/v1/files/eyJhbGciOiJIUzI1NiIsInR5cCI6IkpXVCJ9.eyJmbiI6Imk0b2J5M213eTJpYTItQVBMIiwidyI6W3siZm4iOiJlbnZmcXFlMWF5NGsxLUFQTCIsInMiOiIxNiIsImEiOiIwIiwicCI6IjEwLC0xMCJ9XX0.66zTS87bd-Ra_h5Z_ecMlTSMTr33z-L-gULP2A23mog/image;s=2048x1536;q=80",,,,,
66713265,mieszkanie,3-pokojowe mieszkanie 75m2 Bez Prowizji,75.03,3,6,1054900,14060,ul. Naramowicka,Naramowice,,Naramowicka 172,52.45148,16.94834,,,,https://www.otodom.pl/pl/oferta/3-pokojowe-mieszkanie-75m2-bez-prowizji-ID4wWap,"https://ireland.apollo.olxcdn.com/v1/files/eyJhbGciOiJIUzI1NiIsInR5cCI6IkpXVCJ9.eyJmbiI6IjJ0bnVpZDQ4dDVpMi1FQ09TWVNURU0iLCJ3IjpbeyJmbiI6ImVudmZxcWUxYXk0azEtQVBMIiwicyI6IjE2IiwiYSI6IjAiLCJwIjoiMTAsLTEwIn1dfQ.UWJgj7SdUqTkopIVUT3SupsSGf2PWbPzMtU6X7OnJIs/image;s=2048x1536;q=80,https://ireland.apollo.olxcdn.com/v1/files/eyJhbGciOiJIUzI1NiIsInR5cCI6IkpXVCJ9.eyJmbiI6InhidjVveGdzcXFydDMtRUNPU1lTVEVNIiwidyI6W3siZm4iOiJlbnZmcXFlMWF5NGsxLUFQTCIsInMiOiIxNiIsImEiOiIwIiwicCI6IjEwLC0xMCJ9XX0.LD3eRQPAwGy179bqHu0mB5W71uyi2NsTZyjEDQI9sas/image;s=2048x1536;q=80,https://ireland.apollo.olxcdn.com/v1/files/eyJhbGciOiJIUzI1NiIsInR5cCI6IkpXVCJ9.eyJmbiI6IjRoZ2VzOHhubW5zbzEtRUNPU1lTVEVNIiwidyI6W3siZm4iOiJlbnZmcXFlMWF5NGsxLUFQTCIsInMiOiIxNiIsImEiOiIwIiwicCI6IjEwLC0xMCJ9XX0.144dBU8VBGNBimSY4M2m7b9-RahOZtNYFtz2wWG9HIw/image;s=2048x1536;q=80",,,,,
96671326500067,mieszkanie,3-pokojowe mieszkanie 75m2 Bez Prowizji,75.03,3,6,1054900,14060,ul. Naramowicka,Naramowice,,Naramowicka 172,52.45148,16.94834,,,,https://www.otodom.pl/pl/oferta/3-pokojowe-mieszkanie-75m2-bez-prowizji-ID4wWap,"https://ireland.apollo.olxcdn.com/v1/files/eyJhbGciOiJIUzI1NiIsInR5cCI6IkpXVCJ9.eyJmbiI6IjJ0bnVpZDQ4dDVpMi1FQ09TWVNURU0iLCJ3IjpbeyJmbiI6ImVudmZxcWUxYXk0azEtQVBMIiwicyI6IjE2IiwiYSI6IjAiLCJwIjoiMTAsLTEwIn1dfQ.UWJgj7SdUqTkopIVUT3SupsSGf2PWbPzMtU6X7OnJIs/image;s=2048x1536;q=80,https://ireland.apollo.olxcdn.com/v1/files/eyJhbGciOiJIUzI1NiIsInR5cCI6IkpXVCJ9.eyJmbiI6InhidjVveGdzcXFydDMtRUNPU1lTVEVNIiwidyI6W3siZm4iOiJlbnZmcXFlMWF5NGsxLUFQTCIsInMiOiIxNiIsImEiOiIwIiwicCI6IjEwLC0xMCJ9XX0.LD3eRQPAwGy179bqHu0mB5W71uyi2NsTZyjEDQI9sas/image;s=2048x1536;q=80,https://ireland.apollo.olxcdn.com/v1/files/eyJhbGciOiJIUzI1NiIsInR5cCI6IkpXVCJ9.eyJmbiI6IjRoZ2VzOHhubW5zbzEtRUNPU1lTVEVNIiwidyI6W3siZm4iOiJlbnZmcXFlMWF5NGsxLUFQTCIsInMiOiIxNiIsImEiOiIwIiwicCI6IjEwLC0xMCJ9XX0.144dBU8VBGNBimSY4M2m7b9-RahOZtNYFtz2wWG9HIw/image;s=2048x1536;q=80",,,,,
68472903,mieszkanie,4-pokojowe z widokiem na park! Centrum miasta!,81.29,4,1,1056558,12997,Dolna Wilda,Wilda,Poznań,,52.38368,16.92147,,,,https://www.otodom.pl/pl/oferta/4-pokojowe-z-widokiem-na-park-centrum-miasta-ID4DiWF,"https://ireland.apollo.olxcdn.com/v1/files/eyJhbGciOiJIUzI1NiIsInR5cCI6IkpXVCJ9.eyJmbiI6Im01aGxmZTU5OTVzMS1FQ09TWVNURU0iLCJ3IjpbeyJmbiI6ImVudmZxcWUxYXk0azEtQVBMIiwicyI6IjE2IiwiYSI6IjAiLCJwIjoiMTAsLTEwIn1dfQ.SCJTWrjclkMcma1WbTW_DJjbDSl4s7CqqiNi4WrJlmY/image;s=2048x1536;q=80,https://ireland.apollo.olxcdn.com/v1/files/eyJhbGciOiJIUzI1NiIsInR5cCI6IkpXVCJ9.eyJmbiI6ImVub3lhOWhyMzl1YTItRUNPU1lTVEVNIiwidyI6W3siZm4iOiJlbnZmcXFlMWF5NGsxLUFQTCIsInMiOiIxNiIsImEiOiIwIiwicCI6IjEwLC0xMCJ9XX0.thfR-vTpKXRyWCJ1oLgloUEHVqS3v-4u5zeG1wDiXwk/image;s=2048x1536;q=80,https://ireland.apollo.olxcdn.com/v1/files/eyJhbGciOiJIUzI1NiIsInR5cCI6IkpXVCJ9.eyJmbiI6IjJhcHlrZmo3NnNjNTEtRUNPU1lTVEVNIiwidyI6W3siZm4iOiJlbnZmcXFlMWF5NGsxLUFQTCIsInMiOiIxNiIsImEiOiIwIiwicCI6IjEwLC0xMCJ9XX0.rz5IBp3awAGWn6cGNkJ-9YbW6feMMvTmg04P7B7P40M/image;s=2048x1536;q=80",,,,,
68102799,mieszkanie,4 pokoje z dwoma tarasami na Wildzie | Gotowe do odbioru | 0% prowizji,81.28,4,1,1056558.72,12999,ul. Górna Wilda,Wilda,Poznań,,52.389793,16.924329,,,,https://www.otodom.pl/pl/oferta/4-pokoje-z-dwoma-tarasami-na-wildzie-gotowe-do-odbioru-0-prowizji-ID4BKEf,"https://ireland.apollo.olxcdn.com/v1/files/eyJhbGciOiJIUzI1NiIsInR5cCI6IkpXVCJ9.eyJmbiI6Ijlpa2lwZXYyN3A3ajMtQVBMIiwidyI6W3siZm4iOiJlbnZmcXFlMWF5NGsxLUFQTCIsInMiOiIxNiIsImEiOiIwIiwicCI6IjEwLC0xMCJ9XX0.Dfvr-qlomYVkqaX8FUP_Bv2BoXYttDwIg67GN8XD4-U/image;s=2048x1536;q=80,https://ireland.apollo.olxcdn.com/v1/files/eyJhbGciOiJIUzI1NiIsInR5cCI6IkpXVCJ9.eyJmbiI6ImNnZDZnMTRldHhobDEtQVBMIiwidyI6W3siZm4iOiJlbnZmcXFlMWF5NGsxLUFQTCIsInMiOiIxNiIsImEiOiIwIiwicCI6IjEwLC0xMCJ9XX0.ozYqhybmI8HX12aj1X0qbJ-qmlq0NDFI2aGYMIYidaA/image;s=2048x1536;q=80,https://ireland.apollo.olxcdn.com/v1/files/eyJhbGciOiJIUzI1NiIsInR5cCI6IkpXVCJ9.eyJmbiI6IjFrdjl3eHlmY2lpajEtQVBMIiwidyI6W3siZm4iOiJlbnZmcXFlMWF5NGsxLUFQTCIsInMiOiIxNiIsImEiOiIwIiwicCI6IjEwLC0xMCJ9XX0.p5laMU7crbeNB2Jc_si7IuY3ZlvvGiiT0Yyc14JFBvU/image;s=2048x1536;q=80",,,,,
65020654,mieszkanie,Wilda Story |ustawne| mieszkanie B2.M.0.6 GOTOWE DO ODBIORU,79,4,0,1058600,13400,ul. 28 czerwca 1956 r. nr 156,Wilda,Poznań,Wilda Story - Mieszkania gotowe do odbioru - oszczędź do 75 700 zł,52.38893,16.9174,,,,https://www.otodom.pl/pl/oferta/wilda-story-ustawne-mieszkanie-b2-m-0-6-gotowe-do-odbioru-ID4oOQe,"https://ireland.apollo.olxcdn.com/v1/files/eyJhbGciOiJIUzI1NiIsInR5cCI6IkpXVCJ9.eyJmbiI6IjEwMDlmMm44c2lvdS1BUEwiLCJ3IjpbeyJmbiI6ImVudmZxcWUxYXk0azEtQVBMIiwicyI6IjE2IiwiYSI6IjAiLCJwIjoiMTAsLTEwIn1dfQ.rB8EUMkkbgT2s1eZ02BuAPhNwYv2d5c-F5h85diviE4/image;s=2048x1536;q=80,https://ireland.apollo.olxcdn.com/v1/files/eyJhbGciOiJIUzI1NiIsInR5cCI6IkpXVCJ9.eyJmbiI6Im5vNWFsNjB5bDI0ZTEtQVBMIiwidyI6W3siZm4iOiJlbnZmcXFlMWF5NGsxLUFQTCIsInMiOiIxNiIsImEiOiIwIiwicCI6IjEwLC0xMCJ9XX0.1OizBcd3ypZ-WTNj2sNb5njvksYLjwmDr3tG6oUA_Lo/image;s=2048x1536;q=80,https://ireland.apollo.olxcdn.com/v1/files/eyJhbGciOiJIUzI1NiIsInR5cCI6IkpXVCJ9.eyJmbiI6Im13OXZ5YmFrY3ExYS1BUEwiLCJ3IjpbeyJmbiI6ImVudmZxcWUxYXk0azEtQVBMIiwicyI6IjE2IiwiYSI6IjAiLCJwIjoiMTAsLTEwIn1dfQ._JlYAMmNlheO1oUg0qjG6v69tH5xkmU7FUgXlbr2jJw/image;s=2048x1536;q=80",,,,,
68441797,dom,Dom 118 m² i ogród 500 m² | 10 min do r. Śródka,118,4,,1059000,8975,ul. Janikowska,Janikowo,Poznań,,52.43351,17.02282,,,,https://www.otodom.pl/pl/oferta/dom-118-m-i-ogrod-500-m-10-min-do-r-srodka-ID4DaPX,"https://ireland.apollo.olxcdn.com/v1/files/eyJhbGciOiJIUzI1NiIsInR5cCI6IkpXVCJ9.eyJmbiI6InBncnd6dnJqbmJpeDItRUNPU1lTVEVNIiwidyI6W3siZm4iOiJlbnZmcXFlMWF5NGsxLUFQTCIsInMiOiIxNiIsImEiOiIwIiwicCI6IjEwLC0xMCJ9XX0.llny48Tc21Sg1vQo64rGRwRdaPCYbqTq8xfZevfKkOg/image;s=2048x1536;q=80,https://ireland.apollo.olxcdn.com/v1/files/eyJhbGciOiJIUzI1NiIsInR5cCI6IkpXVCJ9.eyJmbiI6Imw0eWoweTc4Nnh3YzItRUNPU1lTVEVNIiwidyI6W3siZm4iOiJlbnZmcXFlMWF5NGsxLUFQTCIsInMiOiIxNiIsImEiOiIwIiwicCI6IjEwLC0xMCJ9XX0.vaNHw8mgbVWSA1k41HqPZ1RLZmiSH75YBbUrWm1bguQ/image;s=2048x1536;q=80,https://ireland.apollo.olxcdn.com/v1/files/eyJhbGciOiJIUzI1NiIsInR5cCI6IkpXVCJ9.eyJmbiI6Ims3djFmZ3B1d3g2Yi1FQ09TWVNURU0iLCJ3IjpbeyJmbiI6ImVudmZxcWUxYXk0azEtQVBMIiwicyI6IjE2IiwiYSI6IjAiLCJwIjoiMTAsLTEwIn1dfQ.TsEQ0UTpBSLohK-7e83LrLcvwtqyrAzO-1lgjO_dUEg/image;s=2048x1536;q=80",,,,,
68413903,mieszkanie,4 pokoje I Narożne I Duży salon I 2 balkony I Oddzielna kuchnia I,100.9,2,1,1062000,10525,ul. Klemensa Janickiego,Jeżyce,Poznań,,52.413479,16.902793,,,,https://www.otodom.pl/pl/oferta/4-pokoje-i-narozne-i-duzy-salon-i-2-balkony-i-oddzielna-kuchnia-i-ID4D3A3,"https://ireland.apollo.olxcdn.com/v1/files/eyJhbGciOiJIUzI1NiIsInR5cCI6IkpXVCJ9.eyJmbiI6ImNyb3F0bm1paGp6NTItQVBMIiwidyI6W3siZm4iOiJlbnZmcXFlMWF5NGsxLUFQTCIsInMiOiIxNiIsImEiOiIwIiwicCI6IjEwLC0xMCJ9XX0.nhIU9MA3D11BignCFloodNmSBDQ7CYrdlE60w72omew/image;s=2048x1536;q=80,https://ireland.apollo.olxcdn.com/v1/files/eyJhbGciOiJIUzI1NiIsInR5cCI6IkpXVCJ9.eyJmbiI6Imh3cmlqYmt1ejR2LUFQTCIsInciOlt7ImZuIjoiZW52ZnFxZTFheTRrMS1BUEwiLCJzIjoiMTYiLCJhIjoiMCIsInAiOiIxMCwtMTAifV19.FSqWhEb8m-i_96teT_wAUNsdZTIGS-sYuc1u9v2hPs4/image;s=2048x1536;q=80,https://ireland.apollo.olxcdn.com/v1/files/eyJhbGciOiJIUzI1NiIsInR5cCI6IkpXVCJ9.eyJmbiI6IjF0Zm1xdWhia2h3MS1BUEwiLCJ3IjpbeyJmbiI6ImVudmZxcWUxYXk0azEtQVBMIiwicyI6IjE2IiwiYSI6IjAiLCJwIjoiMTAsLTEwIn1dfQ.s7GJAM4NMpI-nR55F_DIxp9ktHshWvlMAw2WX1-cjzo/image;s=2048x1536;q=80",,,,,
68073282,mieszkanie,3-pokojowe mieszkanie 72m2 + balkon,72.81,3,3,1062661,14595,Górna Wilda 69,Wilda,Poznań,Dolna Górna Wilda,52.39769,16.92545,,,,https://www.otodom.pl/pl/oferta/3-pokojowe-mieszkanie-72m2-balkon-ID4BCYa,"https://ireland.apollo.olxcdn.com/v1/files/eyJhbGciOiJIUzI1NiIsInR5cCI6IkpXVCJ9.eyJmbiI6Inhmb2c2Y3NlcGtuNTEtRUNPU1lTVEVNIiwidyI6W3siZm4iOiJlbnZmcXFlMWF5NGsxLUFQTCIsInMiOiIxNiIsImEiOiIwIiwicCI6IjEwLC0xMCJ9XX0.Uz2s3QNmK4L4nVYYTiTkhHlhRbBau4b1Zg6HygHfX0I/image;s=2048x1536;q=80,https://ireland.apollo.olxcdn.com/v1/files/eyJhbGciOiJIUzI1NiIsInR5cCI6IkpXVCJ9.eyJmbiI6InZicGthdzM0b2Z3aTEtRUNPU1lTVEVNIiwidyI6W3siZm4iOiJlbnZmcXFlMWF5NGsxLUFQTCIsInMiOiIxNiIsImEiOiIwIiwicCI6IjEwLC0xMCJ9XX0.6Pd8bgRtAUFHXULFMGC0BGZT3G9VqB2dE6k47M6du9o/image;s=2048x1536;q=80,https://ireland.apollo.olxcdn.com/v1/files/eyJhbGciOiJIUzI1NiIsInR5cCI6IkpXVCJ9.eyJmbiI6IjUwNjFkY2VoaDJ2ZS1FQ09TWVNURU0iLCJ3IjpbeyJmbiI6ImVudmZxcWUxYXk0azEtQVBMIiwicyI6IjE2IiwiYSI6IjAiLCJwIjoiMTAsLTEwIn1dfQ.ySQVbn9gllsLXlDTCfl-krZg8EUprGtOrqqWMWTRgkc/image;s=2048x1536;q=80",,,,,
96807328200067,mieszkanie,3-pokojowe mieszkanie 72m2 + balkon,72.81,3,3,1062661,14595,Górna Wilda 69,Wilda,Poznań,Dolna Górna Wilda,52.39769,16.92545,,,,https://www.otodom.pl/pl/oferta/3-pokojowe-mieszkanie-72m2-balkon-ID4BCYa,"https://ireland.apollo.olxcdn.com/v1/files/eyJhbGciOiJIUzI1NiIsInR5cCI6IkpXVCJ9.eyJmbiI6Inhmb2c2Y3NlcGtuNTEtRUNPU1lTVEVNIiwidyI6W3siZm4iOiJlbnZmcXFlMWF5NGsxLUFQTCIsInMiOiIxNiIsImEiOiIwIiwicCI6IjEwLC0xMCJ9XX0.Uz2s3QNmK4L4nVYYTiTkhHlhRbBau4b1Zg6HygHfX0I/image;s=2048x1536;q=80,https://ireland.apollo.olxcdn.com/v1/files/eyJhbGciOiJIUzI1NiIsInR5cCI6IkpXVCJ9.eyJmbiI6InZicGthdzM0b2Z3aTEtRUNPU1lTVEVNIiwidyI6W3siZm4iOiJlbnZmcXFlMWF5NGsxLUFQTCIsInMiOiIxNiIsImEiOiIwIiwicCI6IjEwLC0xMCJ9XX0.6Pd8bgRtAUFHXULFMGC0BGZT3G9VqB2dE6k47M6du9o/image;s=2048x1536;q=80,https://ireland.apollo.olxcdn.com/v1/files/eyJhbGciOiJIUzI1NiIsInR5cCI6IkpXVCJ9.eyJmbiI6IjUwNjFkY2VoaDJ2ZS1FQ09TWVNURU0iLCJ3IjpbeyJmbiI6ImVudmZxcWUxYXk0azEtQVBMIiwicyI6IjE2IiwiYSI6IjAiLCJwIjoiMTAsLTEwIn1dfQ.ySQVbn9gllsLXlDTCfl-krZg8EUprGtOrqqWMWTRgkc/image;s=2048x1536;q=80",,,,,
66762342,dom,Luboń | 126 m² | 4 sypialnie | rekuperacja i klima,126,5,,1070000,8492,ul. Kalinowa,Luboń,Luboń,,52.33781,16.87672,,,,https://www.otodom.pl/pl/oferta/lubon-126-m-4-sypialnie-rekuperacja-i-klima-ID4v7WY,"https://ireland.apollo.olxcdn.com/v1/files/eyJhbGciOiJIUzI1NiIsInR5cCI6IkpXVCJ9.eyJmbiI6IjVleWl5aHVmbmUxbTItQVBMIiwidyI6W3siZm4iOiJlbnZmcXFlMWF5NGsxLUFQTCIsInMiOiIxNiIsImEiOiIwIiwicCI6IjEwLC0xMCJ9XX0.boKJ0DZyd_NgsqZ643TLLw57W3gt_780TabFteYVI2U/image;s=2048x1536;q=80,https://ireland.apollo.olxcdn.com/v1/files/eyJhbGciOiJIUzI1NiIsInR5cCI6IkpXVCJ9.eyJmbiI6InR0N2dxZW9vODk3ajMtQVBMIiwidyI6W3siZm4iOiJlbnZmcXFlMWF5NGsxLUFQTCIsInMiOiIxNiIsImEiOiIwIiwicCI6IjEwLC0xMCJ9XX0.tJ9XcRfSetvZ06hHTj5oWmQezgvLh3oOe3uMP_VlnBA/image;s=2048x1536;q=80,https://ireland.apollo.olxcdn.com/v1/files/eyJhbGciOiJIUzI1NiIsInR5cCI6IkpXVCJ9.eyJmbiI6ImhwbG52NGxlaW9ubDEtQVBMIiwidyI6W3siZm4iOiJlbnZmcXFlMWF5NGsxLUFQTCIsInMiOiIxNiIsImEiOiIwIiwicCI6IjEwLC0xMCJ9XX0.8mk4tb1AOAbBSOTgm4biVsX0AVzkSk4Npam8XTEK2_s/image;s=2048x1536;q=80",,,,,
96676234200067,dom,Luboń | 126 m² | 4 sypialnie | rekuperacja i klima,126,5,,1070000,8492,ul. Kalinowa,Luboń,Luboń,,52.33781,16.87672,,,,https://www.otodom.pl/pl/oferta/lubon-126-m-4-sypialnie-rekuperacja-i-klima-ID4v7WY,"https://ireland.apollo.olxcdn.com/v1/files/eyJhbGciOiJIUzI1NiIsInR5cCI6IkpXVCJ9.eyJmbiI6ImZkbGI4bDNrdDA3ZTEtQVBMIiwidyI6W3siZm4iOiJlbnZmcXFlMWF5NGsxLUFQTCIsInMiOiIxNiIsImEiOiIwIiwicCI6IjEwLC0xMCJ9XX0.uyoRI7cjWmwlxfHQL94pCd-ivehxVBKIe0mdPvDlom8/image;s=2048x1536;q=80,https://ireland.apollo.olxcdn.com/v1/files/eyJhbGciOiJIUzI1NiIsInR5cCI6IkpXVCJ9.eyJmbiI6InJyc3V4cm5jbXJnNzItQVBMIiwidyI6W3siZm4iOiJlbnZmcXFlMWF5NGsxLUFQTCIsInMiOiIxNiIsImEiOiIwIiwicCI6IjEwLC0xMCJ9XX0.Hz-5kAIZp5IzmpiZNdW30cA7I5Ybaq2XS0VethbYXcc/image;s=2048x1536;q=80,https://ireland.apollo.olxcdn.com/v1/files/eyJhbGciOiJIUzI1NiIsInR5cCI6IkpXVCJ9.eyJmbiI6InV3aXB0MTluZ3hzMTEtQVBMIiwidyI6W3siZm4iOiJlbnZmcXFlMWF5NGsxLUFQTCIsInMiOiIxNiIsImEiOiIwIiwicCI6IjEwLC0xMCJ9XX0.Rkzi8Zkm9yBpKILYUC0JUZq4cLjp8QFV4ZuA5n-z-hc/image;s=2048x1536;q=80",,,,,
68454681,dom,Dom jednorodzinny parterowy z otwartym salonem !,125,4,,1070000,8560,Chmielna,Siekierki Wielkie,Siekierki Wielkie,,52.3807,17.16348,,,,https://www.otodom.pl/pl/oferta/dom-jednorodzinny-parterowy-z-otwartym-salonem-ID4DebL,"https://ireland.apollo.olxcdn.com/v1/files/eyJhbGciOiJIUzI1NiIsInR5cCI6IkpXVCJ9.eyJmbiI6ImhudnU4N2ZwZmp2ZjEtQVBMIiwidyI6W3siZm4iOiJlbnZmcXFlMWF5NGsxLUFQTCIsInMiOiIxNiIsImEiOiIwIiwicCI6IjEwLC0xMCJ9XX0.i3W-hV_GCAFiCViXyJeC_GLXgcp9f1ag0Ue_OmnkW08/image;s=2048x1536;q=80,https://ireland.apollo.olxcdn.com/v1/files/eyJhbGciOiJIUzI1NiIsInR5cCI6IkpXVCJ9.eyJmbiI6InY4ZHljdWZnYWR3ODItQVBMIiwidyI6W3siZm4iOiJlbnZmcXFlMWF5NGsxLUFQTCIsInMiOiIxNiIsImEiOiIwIiwicCI6IjEwLC0xMCJ9XX0.RdtIbB6fNuENlm7EWCTrobKCi2yihKWpeh4KLfFlax8/image;s=2048x1536;q=80,https://ireland.apollo.olxcdn.com/v1/files/eyJhbGciOiJIUzI1NiIsInR5cCI6IkpXVCJ9.eyJmbiI6Im51cHBycjVwd2U5NzMtQVBMIiwidyI6W3siZm4iOiJlbnZmcXFlMWF5NGsxLUFQTCIsInMiOiIxNiIsImEiOiIwIiwicCI6IjEwLC0xMCJ9XX0.6WY0l839PHXli1dMI3vFcUO_a_5q54rrETWtVJmPr4g/image;s=2048x1536;q=80",,,,,
68402944,dom,"Komfortowe domy, podłogówka, garaż, brak PCC",136.65,4,,1079000,7896,,Sady,Sady,,52.45353,16.72225,,,,https://www.otodom.pl/pl/oferta/komfortowe-domy-podlogowka-garaz-brak-pcc-ID4D0Ji,"https://ireland.apollo.olxcdn.com/v1/files/eyJhbGciOiJIUzI1NiIsInR5cCI6IkpXVCJ9.eyJmbiI6InI5ZjRmajFnbGs2ajItRUNPU1lTVEVNIiwidyI6W3siZm4iOiJlbnZmcXFlMWF5NGsxLUFQTCIsInMiOiIxNiIsImEiOiIwIiwicCI6IjEwLC0xMCJ9XX0.AplFQDqwzKE8OiZfAT7-xwp5xYqOzCHP96aEePFujkY/image;s=2048x1536;q=80,https://ireland.apollo.olxcdn.com/v1/files/eyJhbGciOiJIUzI1NiIsInR5cCI6IkpXVCJ9.eyJmbiI6IjJ5eTd2MWNoZ28weDItRUNPU1lTVEVNIiwidyI6W3siZm4iOiJlbnZmcXFlMWF5NGsxLUFQTCIsInMiOiIxNiIsImEiOiIwIiwicCI6IjEwLC0xMCJ9XX0.ftWiKfqY-lutVJQZm3IS4dgBqsQEwqi46dbe6xYko_k/image;s=2048x1536;q=80,https://ireland.apollo.olxcdn.com/v1/files/eyJhbGciOiJIUzI1NiIsInR5cCI6IkpXVCJ9.eyJmbiI6IjlkeTBzNHBsZ205ajEtRUNPU1lTVEVNIiwidyI6W3siZm4iOiJlbnZmcXFlMWF5NGsxLUFQTCIsInMiOiIxNiIsImEiOiIwIiwicCI6IjEwLC0xMCJ9XX0.xPoTlOlsqmIlwyUGrZquPWyA2qE6Fv-9PAyvVpFl7Dk/image;s=2048x1536;q=80",,,,,
65020675,mieszkanie,Wilda Story | okazja! | mieszkanie B2.M.1.6,79.66,3,1,1083376,13600,ul. 28 czerwca 1956 r. nr 156,Wilda,Poznań,Wilda Story - Mieszkania gotowe do odbioru - oszczędź do 75 700 zł,52.38893,16.9174,,,,https://www.otodom.pl/pl/oferta/wilda-story-okazja-mieszkanie-b2-m-1-6-ID4oOQz,"https://ireland.apollo.olxcdn.com/v1/files/eyJhbGciOiJIUzI1NiIsInR5cCI6IkpXVCJ9.eyJmbiI6InFlOTE3ODZwYnBzNDEtQVBMIiwidyI6W3siZm4iOiJlbnZmcXFlMWF5NGsxLUFQTCIsInMiOiIxNiIsImEiOiIwIiwicCI6IjEwLC0xMCJ9XX0.gNzj9Orgw7O8w61666agLf5qceEW7e2V0pleJ9u6QUY/image;s=2048x1536;q=80,https://ireland.apollo.olxcdn.com/v1/files/eyJhbGciOiJIUzI1NiIsInR5cCI6IkpXVCJ9.eyJmbiI6InF4aWgzZWR4eGk3MzMtQVBMIiwidyI6W3siZm4iOiJlbnZmcXFlMWF5NGsxLUFQTCIsInMiOiIxNiIsImEiOiIwIiwicCI6IjEwLC0xMCJ9XX0.hduW4ChgH1ihDZkA-sB-HQg3Nx1CFSuuZyQanUM6hcs/image;s=2048x1536;q=80,https://ireland.apollo.olxcdn.com/v1/files/eyJhbGciOiJIUzI1NiIsInR5cCI6IkpXVCJ9.eyJmbiI6IjI4cWhwOXExem0yYy1BUEwiLCJ3IjpbeyJmbiI6ImVudmZxcWUxYXk0azEtQVBMIiwicyI6IjE2IiwiYSI6IjAiLCJwIjoiMTAsLTEwIn1dfQ.UNKxVSLNtoctumA7ShWmo8CNl_N63b_a19KjIgqtQCc/image;s=2048x1536;q=80",,,,,
66650035,mieszkanie,Osiedle Goplana | mieszkanie 3-pok. | G2/85,71.76,3,6,1083576,15100,ul. św. Wawrzyńca,Jeżyce,Poznań,"Goplana, etapy F i G",52.415748,16.903088,,,,https://www.otodom.pl/pl/oferta/osiedle-goplana-mieszkanie-3-pok-g2-85-ID4wEIz,"https://ireland.apollo.olxcdn.com/v1/files/eyJhbGciOiJIUzI1NiIsInR5cCI6IkpXVCJ9.eyJmbiI6IjNwbDh2NXRwMWRoZDItRUNPU1lTVEVNIiwidyI6W3siZm4iOiJlbnZmcXFlMWF5NGsxLUFQTCIsInMiOiIxNiIsImEiOiIwIiwicCI6IjEwLC0xMCJ9XX0.MRptloWNng-qlPj_ocXzYAPATaNqLx5phU2DzBjyxbo/image;s=2048x1536;q=80,https://ireland.apollo.olxcdn.com/v1/files/eyJhbGciOiJIUzI1NiIsInR5cCI6IkpXVCJ9.eyJmbiI6ImhhYWJ4ZGgzNG1tYzMtQVBMIiwidyI6W3siZm4iOiJlbnZmcXFlMWF5NGsxLUFQTCIsInMiOiIxNiIsImEiOiIwIiwicCI6IjEwLC0xMCJ9XX0.xxT-TQQIsqPhmKsZjCi00tEIFJ6nR7G08790PzkLMZk/image;s=2048x1536;q=80,https://ireland.apollo.olxcdn.com/v1/files/eyJhbGciOiJIUzI1NiIsInR5cCI6IkpXVCJ9.eyJmbiI6IjdhenhyYW0xbmY0NzItQVBMIiwidyI6W3siZm4iOiJlbnZmcXFlMWF5NGsxLUFQTCIsInMiOiIxNiIsImEiOiIwIiwicCI6IjEwLC0xMCJ9XX0.t9cb3b_k5WDteEW7ATtMlo_-02eJvJxgg2iig5TqLzA/image;s=2048x1536;q=80",,,,,
64236627,mieszkanie,Przestronne mieszkanie w kameralnej inwestycji,75.09,3,3,1088805,14500,ul. Ziębicka 30,Junikowo,Poznań,,52.38265,16.84567,,,,https://www.otodom.pl/pl/oferta/przestronne-mieszkanie-w-kameralnej-inwestycji-ID4lvSD,"https://ireland.apollo.olxcdn.com/v1/files/eyJhbGciOiJIUzI1NiIsInR5cCI6IkpXVCJ9.eyJmbiI6IjJ6ZG1qcHVraWpjMS1BUEwiLCJ3IjpbeyJmbiI6ImVudmZxcWUxYXk0azEtQVBMIiwicyI6IjE2IiwiYSI6IjAiLCJwIjoiMTAsLTEwIn1dfQ.Kwoa7fb-CvuVDsLAxDNEgrx9uMQ7aPbMHK3GdgQkoe8/image;s=2048x1536;q=80,https://ireland.apollo.olxcdn.com/v1/files/eyJhbGciOiJIUzI1NiIsInR5cCI6IkpXVCJ9.eyJmbiI6Inh5N3d2MzU5a201ZzItQVBMIiwidyI6W3siZm4iOiJlbnZmcXFlMWF5NGsxLUFQTCIsInMiOiIxNiIsImEiOiIwIiwicCI6IjEwLC0xMCJ9XX0.PgKGCwJpdsrJT_RnUpfnorKL-J8sxGbGWJiH16Sk_9A/image;s=2048x1536;q=80,https://ireland.apollo.olxcdn.com/v1/files/eyJhbGciOiJIUzI1NiIsInR5cCI6IkpXVCJ9.eyJmbiI6IjZ6YXV5cmE5OTF0ZzMtQVBMIiwidyI6W3siZm4iOiJlbnZmcXFlMWF5NGsxLUFQTCIsInMiOiIxNiIsImEiOiIwIiwicCI6IjEwLC0xMCJ9XX0.wNevcxpfTxt5wrHkmqSJ5JOfc3I6fbpEbLrH93OD_UQ/image;s=2048x1536;q=80",,,,,
67675486,mieszkanie,Mieszkanie z balkonem na Grunwaldzie,75.09,3,0,1088805,14500,,Grunwald,Poznań,,52.405248,16.900019,,,,https://www.otodom.pl/pl/oferta/mieszkanie-z-balkonem-na-grunwaldzie-ID4zXu6,"https://ireland.apollo.olxcdn.com/v1/files/eyJhbGciOiJIUzI1NiIsInR5cCI6IkpXVCJ9.eyJmbiI6ImI4cWZtMHh5bnp2djEtRUNPU1lTVEVNIiwidyI6W3siZm4iOiJlbnZmcXFlMWF5NGsxLUFQTCIsInMiOiIxNiIsImEiOiIwIiwicCI6IjEwLC0xMCJ9XX0.BFn1-KQnSySpSUhB8yVDDkEhBrq5LGcKui9vKVomwhU/image;s=2048x1536;q=80,https://ireland.apollo.olxcdn.com/v1/files/eyJhbGciOiJIUzI1NiIsInR5cCI6IkpXVCJ9.eyJmbiI6IjIwb2dyZndsYmhtZTEtRUNPU1lTVEVNIiwidyI6W3siZm4iOiJlbnZmcXFlMWF5NGsxLUFQTCIsInMiOiIxNiIsImEiOiIwIiwicCI6IjEwLC0xMCJ9XX0.l0z75L9gENi9ThTiNR3QTb31ALHcO3EY11VrX_g_Tcc/image;s=2048x1536;q=80,https://ireland.apollo.olxcdn.com/v1/files/eyJhbGciOiJIUzI1NiIsInR5cCI6IkpXVCJ9.eyJmbiI6IjYza29mZ3VlbjFvcjItRUNPU1lTVEVNIiwidyI6W3siZm4iOiJlbnZmcXFlMWF5NGsxLUFQTCIsInMiOiIxNiIsImEiOiIwIiwicCI6IjEwLC0xMCJ9XX0.XCV9F-Yv-wlP7qvakEi9cNcdHlbHMEoRuCJoqZMchdY/image;s=2048x1536;q=80",,,,,
68457359,dom,✅Dąbrowa/Na Granicy Ze Skórzewem/ Działka 783 m2✅,105.97,5,,1089000,10276,Solna,Skórzewo,Dąbrowa,,52.39566,16.76119,,,,https://www.otodom.pl/pl/oferta/dabrowa-na-granicy-ze-skorzewem-dzialka-783-m2-ID4DeSX,"https://ireland.apollo.olxcdn.com/v1/files/eyJhbGciOiJIUzI1NiIsInR5cCI6IkpXVCJ9.eyJmbiI6IjlnazFqdnpieHhjNTMtRUNPU1lTVEVNIiwidyI6W3siZm4iOiJlbnZmcXFlMWF5NGsxLUFQTCIsInMiOiIxNiIsImEiOiIwIiwicCI6IjEwLC0xMCJ9XX0.Eo2soDUJkIgcf34c43QpU2wvOMNqzanoT_QiT7Ypm0Q/image;s=2048x1536;q=80,https://ireland.apollo.olxcdn.com/v1/files/eyJhbGciOiJIUzI1NiIsInR5cCI6IkpXVCJ9.eyJmbiI6IjU1dzhyNjJodXJkdC1FQ09TWVNURU0iLCJ3IjpbeyJmbiI6ImVudmZxcWUxYXk0azEtQVBMIiwicyI6IjE2IiwiYSI6IjAiLCJwIjoiMTAsLTEwIn1dfQ.mugi6TsOaBsbgvFexaDZCNZt5a3kIeIgkI9qEyOuTn4/image;s=2048x1536;q=80,https://ireland.apollo.olxcdn.com/v1/files/eyJhbGciOiJIUzI1NiIsInR5cCI6IkpXVCJ9.eyJmbiI6IjI5dnJyMzl5MW5laTItRUNPU1lTVEVNIiwidyI6W3siZm4iOiJlbnZmcXFlMWF5NGsxLUFQTCIsInMiOiIxNiIsImEiOiIwIiwicCI6IjEwLC0xMCJ9XX0.EpDjK6LsNjvfhT55PrJAdSNwfZueFM2ZsjjJLbfEHBE/image;s=2048x1536;q=80",,,,,
68475475,dom,"Przestronny dom w stanie deweloperskim, atrakcyjna lokalizacja",115.5,5,,1090000,9437,Leśna,Wysogotowo,,,52.41221,16.77932,,,,https://www.otodom.pl/pl/oferta/przestronny-dom-w-stanie-deweloperskim-atrakcyjna-lokalizacja-ID4DjB9,"https://ireland.apollo.olxcdn.com/v1/files/eyJhbGciOiJIUzI1NiIsInR5cCI6IkpXVCJ9.eyJmbiI6Im01eGZ4dXJzbXFjNC1BUEwiLCJ3IjpbeyJmbiI6ImVudmZxcWUxYXk0azEtQVBMIiwicyI6IjE2IiwiYSI6IjAiLCJwIjoiMTAsLTEwIn1dfQ.PThpRmqlBdeI9c3TGsVPhY3-77gt41k1AMM9YpOjWaQ/image;s=2048x1536;q=80,https://ireland.apollo.olxcdn.com/v1/files/eyJhbGciOiJIUzI1NiIsInR5cCI6IkpXVCJ9.eyJmbiI6ImdvY2tsNHBucTZqMTEtQVBMIiwidyI6W3siZm4iOiJlbnZmcXFlMWF5NGsxLUFQTCIsInMiOiIxNiIsImEiOiIwIiwicCI6IjEwLC0xMCJ9XX0.rRnI-DsyUmS5biZCEYIHoCyMquDwbJ4hEPdhWqkXcv0/image;s=2048x1536;q=80,https://ireland.apollo.olxcdn.com/v1/files/eyJhbGciOiJIUzI1NiIsInR5cCI6IkpXVCJ9.eyJmbiI6Im1teXB6Y2ViNjA5cC1BUEwiLCJ3IjpbeyJmbiI6ImVudmZxcWUxYXk0azEtQVBMIiwicyI6IjE2IiwiYSI6IjAiLCJwIjoiMTAsLTEwIn1dfQ.rtCxPbOmB8bkWBZVYIBhCOOFBh4vvA57LjPrsuiCO9I/image;s=2048x1536;q=80",,,,,
68078116,mieszkanie,Apartament 4 pokojowy z dwoma łazienkami,93.41,4,4,1092900,11700,Lechicka,Piątkowo,Poznań,,52.443389,16.918298,,,,https://www.otodom.pl/pl/oferta/apartament-4-pokojowy-z-dwoma-lazienkami-ID4BEe8,"https://ireland.apollo.olxcdn.com/v1/files/eyJhbGciOiJIUzI1NiIsInR5cCI6IkpXVCJ9.eyJmbiI6ImZ0YXJmMTkxdHlybzItQVBMIiwidyI6W3siZm4iOiJlbnZmcXFlMWF5NGsxLUFQTCIsInMiOiIxNiIsImEiOiIwIiwicCI6IjEwLC0xMCJ9XX0.y_YhcA-pKegZ0S1CWTYmBB4D4eCzo64x9O-GRHa-zPc/image;s=2048x1536;q=80,https://ireland.apollo.olxcdn.com/v1/files/eyJhbGciOiJIUzI1NiIsInR5cCI6IkpXVCJ9.eyJmbiI6InZ6bm9iYWwxaDJyMTItQVBMIiwidyI6W3siZm4iOiJlbnZmcXFlMWF5NGsxLUFQTCIsInMiOiIxNiIsImEiOiIwIiwicCI6IjEwLC0xMCJ9XX0.u-u9KH6sjV3SW7KCWGL4O_jzBl3bD5n7BGBBUQteg6k/image;s=2048x1536;q=80,https://ireland.apollo.olxcdn.com/v1/files/eyJhbGciOiJIUzI1NiIsInR5cCI6IkpXVCJ9.eyJmbiI6IjBnOTMxNmFvNzQ4NC1BUEwiLCJ3IjpbeyJmbiI6ImVudmZxcWUxYXk0azEtQVBMIiwicyI6IjE2IiwiYSI6IjAiLCJwIjoiMTAsLTEwIn1dfQ.5ZmKqzI35yPhjqsrqJT8mgn9OY2WOQLu_jZ9lqK119U/image;s=2048x1536;q=80",,,,,
67560242,mieszkanie,3-pokojowe mieszkanie 72m2 + balkon,72.19,3,1,1093500,15148,ul. Niedziałkowskiego,Wilda,Poznań,Niedziałkowskiego Park,52.3987,16.91978,,,,https://www.otodom.pl/pl/oferta/3-pokojowe-mieszkanie-72m2-balkon-ID4ztwk,"https://ireland.apollo.olxcdn.com/v1/files/eyJhbGciOiJIUzI1NiIsInR5cCI6IkpXVCJ9.eyJmbiI6Im12YzMwYnd1NzVlay1FQ09TWVNURU0iLCJ3IjpbeyJmbiI6ImVudmZxcWUxYXk0azEtQVBMIiwicyI6IjE2IiwiYSI6IjAiLCJwIjoiMTAsLTEwIn1dfQ.4ee_NUgY307YrCMx9y7HZevM4H8IJTPRqoX2SLB91Ko/image;s=2048x1536;q=80,https://ireland.apollo.olxcdn.com/v1/files/eyJhbGciOiJIUzI1NiIsInR5cCI6IkpXVCJ9.eyJmbiI6ImpqajI3cjZrOGVndDMtRUNPU1lTVEVNIiwidyI6W3siZm4iOiJlbnZmcXFlMWF5NGsxLUFQTCIsInMiOiIxNiIsImEiOiIwIiwicCI6IjEwLC0xMCJ9XX0.bFwWm0c4sFaMghaTxPUzo8VjSL-jtvLqP9gXuAYZsLc/image;s=2048x1536;q=80,https://ireland.apollo.olxcdn.com/v1/files/eyJhbGciOiJIUzI1NiIsInR5cCI6IkpXVCJ9.eyJmbiI6IjF2c3hqbjN5aDMyNzItRUNPU1lTVEVNIiwidyI6W3siZm4iOiJlbnZmcXFlMWF5NGsxLUFQTCIsInMiOiIxNiIsImEiOiIwIiwicCI6IjEwLC0xMCJ9XX0.CIZa92olNCuWLKtGBrN_ukNY7tXFj7PAzfHTrSkWaQM/image;s=2048x1536;q=80",,,,,
68465561,mieszkanie,→Możliwe 5 pokoi lub 3 osobne mieszkania!→Południowo-zachodnie!→PCC 0%,110,5,5,1095000,9955,,Winogrady,Poznań,,52.434865,16.938353,,,,https://www.otodom.pl/pl/oferta/mozliwe-5-pokoi-lub-3-osobne-mieszkania-poludniowo-zachodnie-pcc-0-ID4Dh1f,"https://ireland.apollo.olxcdn.com/v1/files/eyJhbGciOiJIUzI1NiIsInR5cCI6IkpXVCJ9.eyJmbiI6IjZnMXo2N3NzcHdiZjItQVBMIiwidyI6W3siZm4iOiJlbnZmcXFlMWF5NGsxLUFQTCIsInMiOiIxNiIsImEiOiIwIiwicCI6IjEwLC0xMCJ9XX0.Y8TRh8_Ae_wpBMS2udrfKW-lupEL8AchGMvzKAKg3fY/image;s=2048x1536;q=80,https://ireland.apollo.olxcdn.com/v1/files/eyJhbGciOiJIUzI1NiIsInR5cCI6IkpXVCJ9.eyJmbiI6IjY3aWUwOXQ1MDE2OC1BUEwiLCJ3IjpbeyJmbiI6ImVudmZxcWUxYXk0azEtQVBMIiwicyI6IjE2IiwiYSI6IjAiLCJwIjoiMTAsLTEwIn1dfQ.CyGM9mrJCv7lVDPU-ry1obePGzD5xaUWoqlcRrJ4l8I/image;s=2048x1536;q=80,https://ireland.apollo.olxcdn.com/v1/files/eyJhbGciOiJIUzI1NiIsInR5cCI6IkpXVCJ9.eyJmbiI6InNrMWltMG5haGZkYzItQVBMIiwidyI6W3siZm4iOiJlbnZmcXFlMWF5NGsxLUFQTCIsInMiOiIxNiIsImEiOiIwIiwicCI6IjEwLC0xMCJ9XX0.x7fYJVngzLi07BiEFW1SuMgTAhUnkO6r_26eZNHm8TA/image;s=2048x1536;q=80",,,,,
68421421,mieszkanie,Apartament 110 m2  LUB 3 osobne mieszkania - GOTOWE - Tylko 9990 zł/m2,110,5,5,1099000,9991,ul. Naramowicka,Winogrady,Poznań,,52.43554,16.9474,,,,https://www.otodom.pl/pl/oferta/apartament-110-m2-lub-3-osobne-mieszkania-gotowe-tylko-9990-zl-m2-ID4D5xj,"https://ireland.apollo.olxcdn.com/v1/files/eyJhbGciOiJIUzI1NiIsInR5cCI6IkpXVCJ9.eyJmbiI6IndnNGhxazgzMzMybTEtQVBMIiwidyI6W3siZm4iOiJlbnZmcXFlMWF5NGsxLUFQTCIsInMiOiIxNiIsImEiOiIwIiwicCI6IjEwLC0xMCJ9XX0.vVYlae9Fi1V7KaNUsoecL_iBxDfy4tCmwpEcPZ6xL8A/image;s=2048x1536;q=80,https://ireland.apollo.olxcdn.com/v1/files/eyJhbGciOiJIUzI1NiIsInR5cCI6IkpXVCJ9.eyJmbiI6InFsMTRuNjg1NmV0OTItQVBMIiwidyI6W3siZm4iOiJlbnZmcXFlMWF5NGsxLUFQTCIsInMiOiIxNiIsImEiOiIwIiwicCI6IjEwLC0xMCJ9XX0.b4QKAMMC56T8oWAwr_d5CuvAHjfE322XXUBW-ZN3HFw/image;s=2048x1536;q=80,https://ireland.apollo.olxcdn.com/v1/files/eyJhbGciOiJIUzI1NiIsInR5cCI6IkpXVCJ9.eyJmbiI6Imc5ampzdGsxYXU3NTMtQVBMIiwidyI6W3siZm4iOiJlbnZmcXFlMWF5NGsxLUFQTCIsInMiOiIxNiIsImEiOiIwIiwicCI6IjEwLC0xMCJ9XX0.UMVbeV1rb67bme5G_5OFNQYdE_tGWOP4z6gsCHE2KRs/image;s=2048x1536;q=80",,,,,
67687603,mieszkanie,"Dwupoziomowe mieszkanie z ogromnym tarasem, prawie 90 (100m2 opis)!",89.05,4,4,1099000,12341,,Naramowice,Poznań,,52.44813,16.95934,,,,https://www.otodom.pl/pl/oferta/dwupoziomowe-mieszkanie-z-ogromnym-tarasem-prawie-90-100m2-opis-ID4A0Dx,"https://ireland.apollo.olxcdn.com/v1/files/eyJhbGciOiJIUzI1NiIsInR5cCI6IkpXVCJ9.eyJmbiI6IjEwZXZnaHg2ZndibTMtQVBMIiwidyI6W3siZm4iOiJlbnZmcXFlMWF5NGsxLUFQTCIsInMiOiIxNiIsImEiOiIwIiwicCI6IjEwLC0xMCJ9XX0.SOLQpWP6KoSD79V42bYwi__XRw1l1I7TzmbDaSC9hD8/image;s=2048x1536;q=80,https://ireland.apollo.olxcdn.com/v1/files/eyJhbGciOiJIUzI1NiIsInR5cCI6IkpXVCJ9.eyJmbiI6InBuOW01OGl2eW84Yi1BUEwiLCJ3IjpbeyJmbiI6ImVudmZxcWUxYXk0azEtQVBMIiwicyI6IjE2IiwiYSI6IjAiLCJwIjoiMTAsLTEwIn1dfQ.O4zWLw_Ad2PkIeAtMaEN88-WhiJBVBDTxMz0kpg6nOw/image;s=2048x1536;q=80,https://ireland.apollo.olxcdn.com/v1/files/eyJhbGciOiJIUzI1NiIsInR5cCI6IkpXVCJ9.eyJmbiI6IjV4ZWN6dXI2a2g3aDMtQVBMIiwidyI6W3siZm4iOiJlbnZmcXFlMWF5NGsxLUFQTCIsInMiOiIxNiIsImEiOiIwIiwicCI6IjEwLC0xMCJ9XX0.zIyFXzmYlP74UH7nWCx85J_F5zovKxhJgJzbroaQzFk/image;s=2048x1536;q=80",,,,,
68488500,dom,"Dom w zabudowie bliźniaczej, stan developerski",127.3,4,,1099000,8633,Sianowska,Krzyżowniki,Poznań,,52.4349,16.81177,,,,https://www.otodom.pl/pl/oferta/dom-w-zabudowie-blizniaczej-stan-developerski-ID4DmZe,"https://ireland.apollo.olxcdn.com/v1/files/eyJhbGciOiJIUzI1NiIsInR5cCI6IkpXVCJ9.eyJmbiI6ImJhdWh5ZXhiaGp6dDEtRUNPU1lTVEVNIiwidyI6W3siZm4iOiJlbnZmcXFlMWF5NGsxLUFQTCIsInMiOiIxNiIsImEiOiIwIiwicCI6IjEwLC0xMCJ9XX0.B_8Sa69VbKV_ElfqK4mi_4zj1puWlAj6mQKmtYdS644/image;s=2048x1536;q=80,https://ireland.apollo.olxcdn.com/v1/files/eyJhbGciOiJIUzI1NiIsInR5cCI6IkpXVCJ9.eyJmbiI6Im1wdHNna3k5MWZwZy1FQ09TWVNURU0iLCJ3IjpbeyJmbiI6ImVudmZxcWUxYXk0azEtQVBMIiwicyI6IjE2IiwiYSI6IjAiLCJwIjoiMTAsLTEwIn1dfQ.jTotRKD5Hl30TRvT23KYlFg0kUmud9aMyyzAA8g_qqg/image;s=2048x1536;q=80,https://ireland.apollo.olxcdn.com/v1/files/eyJhbGciOiJIUzI1NiIsInR5cCI6IkpXVCJ9.eyJmbiI6InR5YnQ1MmQwaWY4eTEtRUNPU1lTVEVNIiwidyI6W3siZm4iOiJlbnZmcXFlMWF5NGsxLUFQTCIsInMiOiIxNiIsImEiOiIwIiwicCI6IjEwLC0xMCJ9XX0.P0-T7vOLRZhn0GfWUfRgFY3r6bpQxLiRPQVj0zEst6g/image;s=2048x1536;q=80",,,,,
68459240,dom,Dom 120m + dz. 450m/4 sypialnie/ogród/Bez Pcc,120.22,5,,1099000,9142,Niezłomnych,Żabikowo,Luboń,,52.353257,16.864653,,,,https://www.otodom.pl/pl/oferta/dom-120m-dz-450m-4-sypialnie-ogrod-bez-pcc-ID4Dfni,"https://ireland.apollo.olxcdn.com/v1/files/eyJhbGciOiJIUzI1NiIsInR5cCI6IkpXVCJ9.eyJmbiI6Ijc0cnMzbGN4ejJoejEtRUNPU1lTVEVNIiwidyI6W3siZm4iOiJlbnZmcXFlMWF5NGsxLUFQTCIsInMiOiIxNiIsImEiOiIwIiwicCI6IjEwLC0xMCJ9XX0.xKFlls1ZnBO7R3ncVsG1OBwC5wlCIdKMv1wkQ60wSv8/image;s=2048x1536;q=80,https://ireland.apollo.olxcdn.com/v1/files/eyJhbGciOiJIUzI1NiIsInR5cCI6IkpXVCJ9.eyJmbiI6Ing3aHI5OXlscWQzMi1FQ09TWVNURU0iLCJ3IjpbeyJmbiI6ImVudmZxcWUxYXk0azEtQVBMIiwicyI6IjE2IiwiYSI6IjAiLCJwIjoiMTAsLTEwIn1dfQ.KHIvqatNew_J5mtkEbXTTCi0y5qP3F-BuLqNJOttnHQ/image;s=2048x1536;q=80,https://ireland.apollo.olxcdn.com/v1/files/eyJhbGciOiJIUzI1NiIsInR5cCI6IkpXVCJ9.eyJmbiI6IjlocWY2a3k2ZmN5LUVDT1NZU1RFTSIsInciOlt7ImZuIjoiZW52ZnFxZTFheTRrMS1BUEwiLCJzIjoiMTYiLCJhIjoiMCIsInAiOiIxMCwtMTAifV19.kotQJ8tWMzZ4eFnsuNFyb7X1KfESGxQuW0oFmvC5WwA/image;s=2048x1536;q=80",,,,,
96848850000067,dom,"Dom w zabudowie bliźniaczej, stan developerski",127.3,4,,1099000,8633,Sianowska,Krzyżowniki,Poznań,,52.4349,16.81177,,,,https://www.otodom.pl/pl/oferta/dom-w-zabudowie-blizniaczej-stan-developerski-ID4DmZe,"https://ireland.apollo.olxcdn.com/v1/files/eyJhbGciOiJIUzI1NiIsInR5cCI6IkpXVCJ9.eyJmbiI6ImJhdWh5ZXhiaGp6dDEtRUNPU1lTVEVNIiwidyI6W3siZm4iOiJlbnZmcXFlMWF5NGsxLUFQTCIsInMiOiIxNiIsImEiOiIwIiwicCI6IjEwLC0xMCJ9XX0.B_8Sa69VbKV_ElfqK4mi_4zj1puWlAj6mQKmtYdS644/image;s=2048x1536;q=80,https://ireland.apollo.olxcdn.com/v1/files/eyJhbGciOiJIUzI1NiIsInR5cCI6IkpXVCJ9.eyJmbiI6Im1wdHNna3k5MWZwZy1FQ09TWVNURU0iLCJ3IjpbeyJmbiI6ImVudmZxcWUxYXk0azEtQVBMIiwicyI6IjE2IiwiYSI6IjAiLCJwIjoiMTAsLTEwIn1dfQ.jTotRKD5Hl30TRvT23KYlFg0kUmud9aMyyzAA8g_qqg/image;s=2048x1536;q=80,https://ireland.apollo.olxcdn.com/v1/files/eyJhbGciOiJIUzI1NiIsInR5cCI6IkpXVCJ9.eyJmbiI6InR5YnQ1MmQwaWY4eTEtRUNPU1lTVEVNIiwidyI6W3siZm4iOiJlbnZmcXFlMWF5NGsxLUFQTCIsInMiOiIxNiIsImEiOiIwIiwicCI6IjEwLC0xMCJ9XX0.P0-T7vOLRZhn0GfWUfRgFY3r6bpQxLiRPQVj0zEst6g/image;s=2048x1536;q=80",,,,,
64962689,dom,Ostatnia połówka bliźniaka z garażem i rekuperacją w spokojnej okolicy,132,5,,1099000,8326,ul. Dworcowa,Golęczewo,Golęczewo,,52.53577,16.81593,,,,https://www.otodom.pl/pl/oferta/ostatnia-polowka-blizniaka-z-garazem-i-rekuperacja-w-spokojnej-okolicy-ID4ozLj,"https://ireland.apollo.olxcdn.com/v1/files/eyJhbGciOiJIUzI1NiIsInR5cCI6IkpXVCJ9.eyJmbiI6Imhna2dhcHNhYWNrci1BUEwiLCJ3IjpbeyJmbiI6ImVudmZxcWUxYXk0azEtQVBMIiwicyI6IjE2IiwiYSI6IjAiLCJwIjoiMTAsLTEwIn1dfQ.FeqiDxBtGqjr85gjQ36sv5mC-28ZOD3X0tVMmJE6B9I/image;s=2048x1536;q=80,https://ireland.apollo.olxcdn.com/v1/files/eyJhbGciOiJIUzI1NiIsInR5cCI6IkpXVCJ9.eyJmbiI6Imdhb2h0amZ5eGU2bzEtQVBMIiwidyI6W3siZm4iOiJlbnZmcXFlMWF5NGsxLUFQTCIsInMiOiIxNiIsImEiOiIwIiwicCI6IjEwLC0xMCJ9XX0.LYw67S0kuFDV2snPahwOM1Jjh8rEN5TSf0vVwUcvwQA/image;s=2048x1536;q=80,https://ireland.apollo.olxcdn.com/v1/files/eyJhbGciOiJIUzI1NiIsInR5cCI6IkpXVCJ9.eyJmbiI6ImRqb2dlMHI2dTA3ai1BUEwiLCJ3IjpbeyJmbiI6ImVudmZxcWUxYXk0azEtQVBMIiwicyI6IjE2IiwiYSI6IjAiLCJwIjoiMTAsLTEwIn1dfQ.2pERqpT_tZRn9Qsg5mMnuBQ2yizypuRgPiFqPJfFkJQ/image;s=2048x1536;q=80",,,,,
68361128,dom,"Przedsprzedaż Piaskowe Wille 
ul. Nad Wirynką Standard PREMIUM",119.6,4,,1099000,9189,Nad Wirynką,Komorniki,Komorniki,,52.334,16.81222,,,,https://www.otodom.pl/pl/oferta/przedsprzedaz-piaskowe-wille-ul-nad-wirynka-standard-premium-ID4CPQQ,"https://ireland.apollo.olxcdn.com/v1/files/eyJhbGciOiJIUzI1NiIsInR5cCI6IkpXVCJ9.eyJmbiI6Img1OXhyMmd3ZXN2NTMtQVBMIiwidyI6W3siZm4iOiJlbnZmcXFlMWF5NGsxLUFQTCIsInMiOiIxNiIsImEiOiIwIiwicCI6IjEwLC0xMCJ9XX0.4s53aEpL8u9lkzcAKU0dyx6fyusHjSnGAm99ZvkRKF0/image;s=2048x1536;q=80,https://ireland.apollo.olxcdn.com/v1/files/eyJhbGciOiJIUzI1NiIsInR5cCI6IkpXVCJ9.eyJmbiI6ImF0YnlubWhrcWF1MS1BUEwiLCJ3IjpbeyJmbiI6ImVudmZxcWUxYXk0azEtQVBMIiwicyI6IjE2IiwiYSI6IjAiLCJwIjoiMTAsLTEwIn1dfQ.bNpsk0tYKfE2RKM3CA949R7Rkw3x58NjPOs3puyTRiQ/image;s=2048x1536;q=80,https://ireland.apollo.olxcdn.com/v1/files/eyJhbGciOiJIUzI1NiIsInR5cCI6IkpXVCJ9.eyJmbiI6InRxaGYzdjZsY3VsYTItQVBMIiwidyI6W3siZm4iOiJlbnZmcXFlMWF5NGsxLUFQTCIsInMiOiIxNiIsImEiOiIwIiwicCI6IjEwLC0xMCJ9XX0.QRs9rBiOb_c1YZevv1lPV_Wae-AqjuWaY-AfhQFY2Y8/image;s=2048x1536;q=80",,,,,
68293524,dom,Kliny - cztery lokale na zamkniętym osiedlu z garażami i parkingiem,119,5,,1099000,9235,ul. Trakt,Kliny,Kliny,,52.48654,17.05761,,,,https://www.otodom.pl/pl/oferta/kliny-cztery-lokale-na-zamknietym-osiedlu-z-garazami-i-parkingiem-ID4Cygs,"https://ireland.apollo.olxcdn.com/v1/files/eyJhbGciOiJIUzI1NiIsInR5cCI6IkpXVCJ9.eyJmbiI6Im1lNHRsMm9rNGIxei1BUEwiLCJ3IjpbeyJmbiI6ImVudmZxcWUxYXk0azEtQVBMIiwicyI6IjE2IiwiYSI6IjAiLCJwIjoiMTAsLTEwIn1dfQ.dgvJaUPWr5j3z8fLE01tQVQ8tYyLWqVcnSvt9--x7CA/image;s=2048x1536;q=80,https://ireland.apollo.olxcdn.com/v1/files/eyJhbGciOiJIUzI1NiIsInR5cCI6IkpXVCJ9.eyJmbiI6InpqeG5xdHQ1dmd2YTItQVBMIiwidyI6W3siZm4iOiJlbnZmcXFlMWF5NGsxLUFQTCIsInMiOiIxNiIsImEiOiIwIiwicCI6IjEwLC0xMCJ9XX0.H3xguttJk5tf0s7dUpErNPGSmd-xmr0vqyZDv-SHJ6E/image;s=2048x1536;q=80,https://ireland.apollo.olxcdn.com/v1/files/eyJhbGciOiJIUzI1NiIsInR5cCI6IkpXVCJ9.eyJmbiI6IjMxd3dhemd3N3VmMTMtQVBMIiwidyI6W3siZm4iOiJlbnZmcXFlMWF5NGsxLUFQTCIsInMiOiIxNiIsImEiOiIwIiwicCI6IjEwLC0xMCJ9XX0.CFW8098BGGVi3yV-hkTQMYg1R5OtfETqCAjlqxlKvq0/image;s=2048x1536;q=80",,,,,
66616532,dom,Luksusowy Bliźniak - Ogromne Okna Duży Ogród,131,5,,1099000,8389,,Dachowa,Dachowa,,52.302893,17.073376,,,,https://www.otodom.pl/pl/oferta/luksusowy-blizniak-ogromne-okna-duzy-ogrod-ID4wv0c,"https://ireland.apollo.olxcdn.com/v1/files/eyJhbGciOiJIUzI1NiIsInR5cCI6IkpXVCJ9.eyJmbiI6IjFremVueHVobmk5ZjItQVBMIiwidyI6W3siZm4iOiJlbnZmcXFlMWF5NGsxLUFQTCIsInMiOiIxNiIsImEiOiIwIiwicCI6IjEwLC0xMCJ9XX0.02_2T8sRBrnzoLVjnPr2WdIR_gfanQpzPNbogZDZKIw/image;s=2048x1536;q=80,https://ireland.apollo.olxcdn.com/v1/files/eyJhbGciOiJIUzI1NiIsInR5cCI6IkpXVCJ9.eyJmbiI6Im5yNjd5cXd5a2Juai1BUEwiLCJ3IjpbeyJmbiI6ImVudmZxcWUxYXk0azEtQVBMIiwicyI6IjE2IiwiYSI6IjAiLCJwIjoiMTAsLTEwIn1dfQ.Ysekrit2oXlW667DVcCJUfCoKM6ClnmIojL9A6AG7BM/image;s=2048x1536;q=80,https://ireland.apollo.olxcdn.com/v1/files/eyJhbGciOiJIUzI1NiIsInR5cCI6IkpXVCJ9.eyJmbiI6Im9jN3VxaHdrbW40YTEtQVBMIiwidyI6W3siZm4iOiJlbnZmcXFlMWF5NGsxLUFQTCIsInMiOiIxNiIsImEiOiIwIiwicCI6IjEwLC0xMCJ9XX0.6mbO6zSaaNM7gcBEkktu4Xm3bST8nu7tGfcbN71znfI/image;s=2048x1536;q=80",,,,,
68206113,dom,NOWE-GOTOWE DOMY W POZNAŃ–RADOJEWO,109,6,,1100000,10092,,Morasko-Radojewo,Poznań,,52.47639,16.906877,,,,https://www.otodom.pl/pl/oferta/nowe-gotowe-domy-w-poznanradojewo-ID4CbvB,"https://ireland.apollo.olxcdn.com/v1/files/eyJhbGciOiJIUzI1NiIsInR5cCI6IkpXVCJ9.eyJmbiI6Ijh3anowMHA5czIwczItQVBMIiwidyI6W3siZm4iOiJlbnZmcXFlMWF5NGsxLUFQTCIsInMiOiIxNiIsImEiOiIwIiwicCI6IjEwLC0xMCJ9XX0.EiHv7IDl_QYJSMBrlKWnI9B2HoUx3gh_nhtHvQkygE0/image;s=2048x1536;q=80,https://ireland.apollo.olxcdn.com/v1/files/eyJhbGciOiJIUzI1NiIsInR5cCI6IkpXVCJ9.eyJmbiI6Ijl4anIxOHF5bjQ4Ni1BUEwiLCJ3IjpbeyJmbiI6ImVudmZxcWUxYXk0azEtQVBMIiwicyI6IjE2IiwiYSI6IjAiLCJwIjoiMTAsLTEwIn1dfQ.wD5-fmnuLSFwq7k7vDVMrEUlVG6Uy19IFTj5I4bcpcI/image;s=2048x1536;q=80,https://ireland.apollo.olxcdn.com/v1/files/eyJhbGciOiJIUzI1NiIsInR5cCI6IkpXVCJ9.eyJmbiI6ImNubjNzaTRicGdpczItQVBMIiwidyI6W3siZm4iOiJlbnZmcXFlMWF5NGsxLUFQTCIsInMiOiIxNiIsImEiOiIwIiwicCI6IjEwLC0xMCJ9XX0.mHiFlmg-lP4XwOJ1YgMvWs-yb-IduLrlgeCgjXIDeVI/image;s=2048x1536;q=80",,,,,
67868297,dom,Wille Bukowska Młodnik inwestycja na poznańskiej Ławicy przy lesie,73.35,4,,1100000,14997,Pośród dzrew,Ławica,Ławica,,52.40675,16.8187,,,,https://www.otodom.pl/pl/oferta/wille-bukowska-mlodnik-inwestycja-na-poznanskiej-lawicy-przy-lesie-ID4ALDX,"https://ireland.apollo.olxcdn.com/v1/files/eyJhbGciOiJIUzI1NiIsInR5cCI6IkpXVCJ9.eyJmbiI6IjYyN3JtNnBldHB1di1BUEwiLCJ3IjpbeyJmbiI6ImVudmZxcWUxYXk0azEtQVBMIiwicyI6IjE2IiwiYSI6IjAiLCJwIjoiMTAsLTEwIn1dfQ.laaTr0c-rxV-Mkr988nCUzQlQPHM6EEsVGordDq8JNI/image;s=2048x1536;q=80,https://ireland.apollo.olxcdn.com/v1/files/eyJhbGciOiJIUzI1NiIsInR5cCI6IkpXVCJ9.eyJmbiI6IjBhcHAzODVrNmQwMDMtQVBMIiwidyI6W3siZm4iOiJlbnZmcXFlMWF5NGsxLUFQTCIsInMiOiIxNiIsImEiOiIwIiwicCI6IjEwLC0xMCJ9XX0.8LKVJ3F2yXUHNDaKuBVfH5iD9xLNIGwjcatxTdtlocA/image;s=2048x1536;q=80,https://ireland.apollo.olxcdn.com/v1/files/eyJhbGciOiJIUzI1NiIsInR5cCI6IkpXVCJ9.eyJmbiI6ImNmM3pvcHZobDAxcC1BUEwiLCJ3IjpbeyJmbiI6ImVudmZxcWUxYXk0azEtQVBMIiwicyI6IjE2IiwiYSI6IjAiLCJwIjoiMTAsLTEwIn1dfQ.cb7t9k3yVHA-OEOfPtI-GI3rdnRRd7en_Hy_xMtzIl8/image;s=2048x1536;q=80",,,,,
96820611300067,dom,NOWE-GOTOWE DOMY W POZNAŃ–RADOJEWO,109,6,,1100000,10092,,Morasko-Radojewo,Poznań,,52.47639,16.906877,,,,https://www.otodom.pl/pl/oferta/nowe-gotowe-domy-w-poznanradojewo-ID4CbvB,"https://ireland.apollo.olxcdn.com/v1/files/eyJhbGciOiJIUzI1NiIsInR5cCI6IkpXVCJ9.eyJmbiI6Ijh3anowMHA5czIwczItQVBMIiwidyI6W3siZm4iOiJlbnZmcXFlMWF5NGsxLUFQTCIsInMiOiIxNiIsImEiOiIwIiwicCI6IjEwLC0xMCJ9XX0.EiHv7IDl_QYJSMBrlKWnI9B2HoUx3gh_nhtHvQkygE0/image;s=2048x1536;q=80,https://ireland.apollo.olxcdn.com/v1/files/eyJhbGciOiJIUzI1NiIsInR5cCI6IkpXVCJ9.eyJmbiI6Ijl4anIxOHF5bjQ4Ni1BUEwiLCJ3IjpbeyJmbiI6ImVudmZxcWUxYXk0azEtQVBMIiwicyI6IjE2IiwiYSI6IjAiLCJwIjoiMTAsLTEwIn1dfQ.wD5-fmnuLSFwq7k7vDVMrEUlVG6Uy19IFTj5I4bcpcI/image;s=2048x1536;q=80,https://ireland.apollo.olxcdn.com/v1/files/eyJhbGciOiJIUzI1NiIsInR5cCI6IkpXVCJ9.eyJmbiI6ImNubjNzaTRicGdpczItQVBMIiwidyI6W3siZm4iOiJlbnZmcXFlMWF5NGsxLUFQTCIsInMiOiIxNiIsImEiOiIwIiwicCI6IjEwLC0xMCJ9XX0.mHiFlmg-lP4XwOJ1YgMvWs-yb-IduLrlgeCgjXIDeVI/image;s=2048x1536;q=80",,,,,
65020683,mieszkanie,Wilda Story | TOP! | mieszkanie gotowe do odbioru B2.M.2.6,80.69,3,2,1101419,13650,ul. 28 czerwca 1956 r. nr 156,Wilda,Poznań,Wilda Story - Mieszkania gotowe do odbioru - oszczędź do 75 700 zł,52.38893,16.9174,,,,https://www.otodom.pl/pl/oferta/wilda-story-top-mieszkanie-gotowe-do-odbioru-b2-m-2-6-ID4oOQH,"https://ireland.apollo.olxcdn.com/v1/files/eyJhbGciOiJIUzI1NiIsInR5cCI6IkpXVCJ9.eyJmbiI6IjFuYmVzMWxkbGMzaTEtQVBMIiwidyI6W3siZm4iOiJlbnZmcXFlMWF5NGsxLUFQTCIsInMiOiIxNiIsImEiOiIwIiwicCI6IjEwLC0xMCJ9XX0.zwA_YtKF1gqHYmHDcffoICyk6_Kgf-BMXZKZ7VnLp4U/image;s=2048x1536;q=80,https://ireland.apollo.olxcdn.com/v1/files/eyJhbGciOiJIUzI1NiIsInR5cCI6IkpXVCJ9.eyJmbiI6Img3aHJxZXB5MXNnODEtQVBMIiwidyI6W3siZm4iOiJlbnZmcXFlMWF5NGsxLUFQTCIsInMiOiIxNiIsImEiOiIwIiwicCI6IjEwLC0xMCJ9XX0.ipNCgZ1xuJw94sH-he4wQ4DP2vM7KGTTnUu21Ns3Oo4/image;s=2048x1536;q=80,https://ireland.apollo.olxcdn.com/v1/files/eyJhbGciOiJIUzI1NiIsInR5cCI6IkpXVCJ9.eyJmbiI6IjY4eGZ1aDhrZnk5Yi1BUEwiLCJ3IjpbeyJmbiI6ImVudmZxcWUxYXk0azEtQVBMIiwicyI6IjE2IiwiYSI6IjAiLCJwIjoiMTAsLTEwIn1dfQ.ku5aQSg7iFlzPfy3yY8sDF0TT4pu3hv-cGGO8sw6HcE/image;s=2048x1536;q=80",,,,,
67400706,dom,Dom 110 m2 na nowoczesnym osiedlu,109.25,4,,1110000,10160,ul. Nowa,Wiry,Wiry,,52.32196,16.86666,,,,https://www.otodom.pl/pl/oferta/dom-110-m2-na-nowoczesnym-osiedlu-ID4yO0a,"https://ireland.apollo.olxcdn.com/v1/files/eyJhbGciOiJIUzI1NiIsInR5cCI6IkpXVCJ9.eyJmbiI6InlleDNlcmt5eXJrcy1BUEwiLCJ3IjpbeyJmbiI6ImVudmZxcWUxYXk0azEtQVBMIiwicyI6IjE2IiwiYSI6IjAiLCJwIjoiMTAsLTEwIn1dfQ.r50OXOO0nbOWFFE5Ni6erIFgdgJ_UnTLZAAvbT1lcKU/image;s=2048x1536;q=80,https://ireland.apollo.olxcdn.com/v1/files/eyJhbGciOiJIUzI1NiIsInR5cCI6IkpXVCJ9.eyJmbiI6Imxnb25nOXo4anZlcDMtQVBMIiwidyI6W3siZm4iOiJlbnZmcXFlMWF5NGsxLUFQTCIsInMiOiIxNiIsImEiOiIwIiwicCI6IjEwLC0xMCJ9XX0.nlABn8U01uxIN7WzQUU6mCAcKNG8EvaeTbVFz2FbUpU/image;s=2048x1536;q=80,https://ireland.apollo.olxcdn.com/v1/files/eyJhbGciOiJIUzI1NiIsInR5cCI6IkpXVCJ9.eyJmbiI6InFjcGQ4MTB0bXB2YzMtQVBMIiwidyI6W3siZm4iOiJlbnZmcXFlMWF5NGsxLUFQTCIsInMiOiIxNiIsImEiOiIwIiwicCI6IjEwLC0xMCJ9XX0.4R4765_uCkpIHmo1CZ8bfGxwkD4CkOakNPFPUVjgxqg/image;s=2048x1536;q=80",,,,,
66650136,mieszkanie,Osiedle Goplana | mieszkanie 3-pok. | G2/45,71.76,3,7,1112280,15500,ul. św. Wawrzyńca,Jeżyce,Poznań,"Goplana, etapy F i G",52.415748,16.903088,,,,https://www.otodom.pl/pl/oferta/osiedle-goplana-mieszkanie-3-pok-g2-45-ID4wEKc,"https://ireland.apollo.olxcdn.com/v1/files/eyJhbGciOiJIUzI1NiIsInR5cCI6IkpXVCJ9.eyJmbiI6IjN4d3AxamNreXFtMDMtRUNPU1lTVEVNIiwidyI6W3siZm4iOiJlbnZmcXFlMWF5NGsxLUFQTCIsInMiOiIxNiIsImEiOiIwIiwicCI6IjEwLC0xMCJ9XX0.x0ZWHgS8CbgUA4qR4xTEBjg6G18BscVtrmw8ZSMr2GA/image;s=2048x1536;q=80,https://ireland.apollo.olxcdn.com/v1/files/eyJhbGciOiJIUzI1NiIsInR5cCI6IkpXVCJ9.eyJmbiI6ImhhYWJ4ZGgzNG1tYzMtQVBMIiwidyI6W3siZm4iOiJlbnZmcXFlMWF5NGsxLUFQTCIsInMiOiIxNiIsImEiOiIwIiwicCI6IjEwLC0xMCJ9XX0.xxT-TQQIsqPhmKsZjCi00tEIFJ6nR7G08790PzkLMZk/image;s=2048x1536;q=80,https://ireland.apollo.olxcdn.com/v1/files/eyJhbGciOiJIUzI1NiIsInR5cCI6IkpXVCJ9.eyJmbiI6IjdhenhyYW0xbmY0NzItQVBMIiwidyI6W3siZm4iOiJlbnZmcXFlMWF5NGsxLUFQTCIsInMiOiIxNiIsImEiOiIwIiwicCI6IjEwLC0xMCJ9XX0.t9cb3b_k5WDteEW7ATtMlo_-02eJvJxgg2iig5TqLzA/image;s=2048x1536;q=80",,,,,
66650091,mieszkanie,Osiedle Goplana | mieszkanie 3-pok. | G2/91,71.76,3,7,1112280,15500,ul. św. Wawrzyńca,Jeżyce,Poznań,"Goplana, etapy F i G",52.415748,16.903088,,,,https://www.otodom.pl/pl/oferta/osiedle-goplana-mieszkanie-3-pok-g2-91-ID4wEJt,"https://ireland.apollo.olxcdn.com/v1/files/eyJhbGciOiJIUzI1NiIsInR5cCI6IkpXVCJ9.eyJmbiI6ImoxaWJmOHdmdXBjbDItRUNPU1lTVEVNIiwidyI6W3siZm4iOiJlbnZmcXFlMWF5NGsxLUFQTCIsInMiOiIxNiIsImEiOiIwIiwicCI6IjEwLC0xMCJ9XX0.7wUtzvzwadHYg9YTUKDtEqr5fysiQcfZN2IoTXJmOZA/image;s=2048x1536;q=80,https://ireland.apollo.olxcdn.com/v1/files/eyJhbGciOiJIUzI1NiIsInR5cCI6IkpXVCJ9.eyJmbiI6ImhhYWJ4ZGgzNG1tYzMtQVBMIiwidyI6W3siZm4iOiJlbnZmcXFlMWF5NGsxLUFQTCIsInMiOiIxNiIsImEiOiIwIiwicCI6IjEwLC0xMCJ9XX0.xxT-TQQIsqPhmKsZjCi00tEIFJ6nR7G08790PzkLMZk/image;s=2048x1536;q=80,https://ireland.apollo.olxcdn.com/v1/files/eyJhbGciOiJIUzI1NiIsInR5cCI6IkpXVCJ9.eyJmbiI6IjdhenhyYW0xbmY0NzItQVBMIiwidyI6W3siZm4iOiJlbnZmcXFlMWF5NGsxLUFQTCIsInMiOiIxNiIsImEiOiIwIiwicCI6IjEwLC0xMCJ9XX0.t9cb3b_k5WDteEW7ATtMlo_-02eJvJxgg2iig5TqLzA/image;s=2048x1536;q=80",,,,,
67469338,mieszkanie,4-pokojowe mieszkanie 84m2 + taras Bez Prowizji,84.66,4,2,1115466,13176,ul. Leśnych Skrzatów,Ławica,Poznań,Zacisze Marcelin,52.41035,16.84739,,,,https://www.otodom.pl/pl/oferta/4-pokojowe-mieszkanie-84m2-taras-bez-prowizji-ID4z5R8,"https://ireland.apollo.olxcdn.com/v1/files/eyJhbGciOiJIUzI1NiIsInR5cCI6IkpXVCJ9.eyJmbiI6ImVsaGcycHNlcGlxaDEtRUNPU1lTVEVNIiwidyI6W3siZm4iOiJlbnZmcXFlMWF5NGsxLUFQTCIsInMiOiIxNiIsImEiOiIwIiwicCI6IjEwLC0xMCJ9XX0.EZZ06ulNbg6x_igfi0N0J6cjvIj9TFoXj-KWQ9FRBmA/image;s=2048x1536;q=80,https://ireland.apollo.olxcdn.com/v1/files/eyJhbGciOiJIUzI1NiIsInR5cCI6IkpXVCJ9.eyJmbiI6InFheWM3ZnVubnB0MTMtRUNPU1lTVEVNIiwidyI6W3siZm4iOiJlbnZmcXFlMWF5NGsxLUFQTCIsInMiOiIxNiIsImEiOiIwIiwicCI6IjEwLC0xMCJ9XX0.bKu9GKxAMUVdkfL_MEd3Ytje84ziE3B80I8sb_J61ms/image;s=2048x1536;q=80,https://ireland.apollo.olxcdn.com/v1/files/eyJhbGciOiJIUzI1NiIsInR5cCI6IkpXVCJ9.eyJmbiI6ImFuN3cxcmFlNTZpZi1FQ09TWVNURU0iLCJ3IjpbeyJmbiI6ImVudmZxcWUxYXk0azEtQVBMIiwicyI6IjE2IiwiYSI6IjAiLCJwIjoiMTAsLTEwIn1dfQ.d17dzEahFs5Sc6Pc9M1M8VOnkWfp2AykVpVG-j-m1fE/image;s=2048x1536;q=80",,,,,
68430801,dom,"Dom 124m2 Promnice ul. Północna 170,  dz. 815m2",124,5,,1134000,9145,ul. Północna,Promnice,Promnice,,52.55682,16.96219,,,,https://www.otodom.pl/pl/oferta/dom-124m2-promnice-ul-polnocna-170-dz-815m2-ID4D7YB,"https://ireland.apollo.olxcdn.com/v1/files/eyJhbGciOiJIUzI1NiIsInR5cCI6IkpXVCJ9.eyJmbiI6IjQ5YjhjMXduaTVtbzItQVBMIiwidyI6W3siZm4iOiJlbnZmcXFlMWF5NGsxLUFQTCIsInMiOiIxNiIsImEiOiIwIiwicCI6IjEwLC0xMCJ9XX0.OwFCD7QrXtlLNJeVV7HLhhQd2HkI6ggpAJolf1y27O8/image;s=2048x1536;q=80,https://ireland.apollo.olxcdn.com/v1/files/eyJhbGciOiJIUzI1NiIsInR5cCI6IkpXVCJ9.eyJmbiI6ImluM2E4cm5rOWpkaDItQVBMIiwidyI6W3siZm4iOiJlbnZmcXFlMWF5NGsxLUFQTCIsInMiOiIxNiIsImEiOiIwIiwicCI6IjEwLC0xMCJ9XX0.K-aV_SrZJQ3C-W94VzwPmRrj16kCjshmNtFCBrcyS2g/image;s=2048x1536;q=80",,,,,
68073278,mieszkanie,3-pokojowe mieszkanie 72m2 + balkon Bez Prowizji,72.66,3,4,1136765,15645,Górna Wilda 69,Wilda,Poznań,Dolna Górna Wilda,52.39769,16.92545,,,,https://www.otodom.pl/pl/oferta/3-pokojowe-mieszkanie-72m2-balkon-bez-prowizji-ID4BCY6,"https://ireland.apollo.olxcdn.com/v1/files/eyJhbGciOiJIUzI1NiIsInR5cCI6IkpXVCJ9.eyJmbiI6ImkzaHBjMWJqbDJpcC1FQ09TWVNURU0iLCJ3IjpbeyJmbiI6ImVudmZxcWUxYXk0azEtQVBMIiwicyI6IjE2IiwiYSI6IjAiLCJwIjoiMTAsLTEwIn1dfQ.mR71gHG1bQK0NJJSvqs5VJQYn-I4DWGtLy8M27Udjl0/image;s=2048x1536;q=80,https://ireland.apollo.olxcdn.com/v1/files/eyJhbGciOiJIUzI1NiIsInR5cCI6IkpXVCJ9.eyJmbiI6InZicGthdzM0b2Z3aTEtRUNPU1lTVEVNIiwidyI6W3siZm4iOiJlbnZmcXFlMWF5NGsxLUFQTCIsInMiOiIxNiIsImEiOiIwIiwicCI6IjEwLC0xMCJ9XX0.6Pd8bgRtAUFHXULFMGC0BGZT3G9VqB2dE6k47M6du9o/image;s=2048x1536;q=80,https://ireland.apollo.olxcdn.com/v1/files/eyJhbGciOiJIUzI1NiIsInR5cCI6IkpXVCJ9.eyJmbiI6IjUwNjFkY2VoaDJ2ZS1FQ09TWVNURU0iLCJ3IjpbeyJmbiI6ImVudmZxcWUxYXk0azEtQVBMIiwicyI6IjE2IiwiYSI6IjAiLCJwIjoiMTAsLTEwIn1dfQ.ySQVbn9gllsLXlDTCfl-krZg8EUprGtOrqqWMWTRgkc/image;s=2048x1536;q=80",,,,,
68391541,mieszkanie,5 pokoi I Ogródek I Jeżyce I Brak PCC I 0% prowizji,95.36,5,0,1137000,11923,ul. Klemensa Janickiego,Jeżyce,Poznań,,52.413479,16.902793,,,,https://www.otodom.pl/pl/oferta/5-pokoi-i-ogrodek-i-jezyce-i-brak-pcc-i-0-prowizji-ID4CXLn,"https://ireland.apollo.olxcdn.com/v1/files/eyJhbGciOiJIUzI1NiIsInR5cCI6IkpXVCJ9.eyJmbiI6ImMzd2ZnMXJrMnhzNDMtQVBMIiwidyI6W3siZm4iOiJlbnZmcXFlMWF5NGsxLUFQTCIsInMiOiIxNiIsImEiOiIwIiwicCI6IjEwLC0xMCJ9XX0.X5iuRqLldBI5mdRfllG91l7Kfj7JYqIcYhr9QTS73Sg/image;s=2048x1536;q=80,https://ireland.apollo.olxcdn.com/v1/files/eyJhbGciOiJIUzI1NiIsInR5cCI6IkpXVCJ9.eyJmbiI6ImNsNThlbHpwZ2pvZzEtQVBMIiwidyI6W3siZm4iOiJlbnZmcXFlMWF5NGsxLUFQTCIsInMiOiIxNiIsImEiOiIwIiwicCI6IjEwLC0xMCJ9XX0.DWvSg8a-qXS0bQZcetsxWwDeCJC1s2y6ayL9uxpxYzE/image;s=2048x1536;q=80,https://ireland.apollo.olxcdn.com/v1/files/eyJhbGciOiJIUzI1NiIsInR5cCI6IkpXVCJ9.eyJmbiI6InJzc2U1a3hhcWNyMS1BUEwiLCJ3IjpbeyJmbiI6ImVudmZxcWUxYXk0azEtQVBMIiwicyI6IjE2IiwiYSI6IjAiLCJwIjoiMTAsLTEwIn1dfQ.fLIdOUzHrAok5Org5hHl6msZguWRpq0CpJdbQoEOVjM/image;s=2048x1536;q=80",,,,,
68390786,mieszkanie,5 pokoi | Ogród | Narożne | Południowy-wschód,96,5,0,1137823,11852,,Jeżyce,Poznań,,52.41706,16.89563,,,,https://www.otodom.pl/pl/oferta/5-pokoi-ogrod-narozne-poludniowy-wschod-ID4CXzc,"https://ireland.apollo.olxcdn.com/v1/files/eyJhbGciOiJIUzI1NiIsInR5cCI6IkpXVCJ9.eyJmbiI6Im1vZ3BxejVzN2VvbTEtRUNPU1lTVEVNIiwidyI6W3siZm4iOiJlbnZmcXFlMWF5NGsxLUFQTCIsInMiOiIxNiIsImEiOiIwIiwicCI6IjEwLC0xMCJ9XX0.swCAvzTWPoligTbLohI1z6zP_X3YqJJ3qlXkraZ5ODc/image;s=2048x1536;q=80,https://ireland.apollo.olxcdn.com/v1/files/eyJhbGciOiJIUzI1NiIsInR5cCI6IkpXVCJ9.eyJmbiI6ImEwY2RyY3dwdXZzMzEtRUNPU1lTVEVNIiwidyI6W3siZm4iOiJlbnZmcXFlMWF5NGsxLUFQTCIsInMiOiIxNiIsImEiOiIwIiwicCI6IjEwLC0xMCJ9XX0.mjVS3DgTi5iNeukwva41yAmwEJmpFN1efaYFPseZMWA/image;s=2048x1536;q=80,https://ireland.apollo.olxcdn.com/v1/files/eyJhbGciOiJIUzI1NiIsInR5cCI6IkpXVCJ9.eyJmbiI6InNzcDQ3aHJuZWMyMzMtRUNPU1lTVEVNIiwidyI6W3siZm4iOiJlbnZmcXFlMWF5NGsxLUFQTCIsInMiOiIxNiIsImEiOiIwIiwicCI6IjEwLC0xMCJ9XX0.nT1RiXDWi5AXW3nlham7GeUncn8KQUoIqpQI_Y8q2xk/image;s=2048x1536;q=80",,,,,
66650141,mieszkanie,Osiedle Goplana | mieszkanie 3-pok. | G2/51,71.76,3,8,1148160,16000,ul. św. Wawrzyńca,Jeżyce,Poznań,"Goplana, etapy F i G",52.415748,16.903088,,,,https://www.otodom.pl/pl/oferta/osiedle-goplana-mieszkanie-3-pok-g2-51-ID4wEKh,"https://ireland.apollo.olxcdn.com/v1/files/eyJhbGciOiJIUzI1NiIsInR5cCI6IkpXVCJ9.eyJmbiI6InlvcmVsYjE1dzY2YjEtRUNPU1lTVEVNIiwidyI6W3siZm4iOiJlbnZmcXFlMWF5NGsxLUFQTCIsInMiOiIxNiIsImEiOiIwIiwicCI6IjEwLC0xMCJ9XX0.v_vR-XRWFiev2UMRllmgW115gDBvYJlJe7oyRNbE218/image;s=2048x1536;q=80,https://ireland.apollo.olxcdn.com/v1/files/eyJhbGciOiJIUzI1NiIsInR5cCI6IkpXVCJ9.eyJmbiI6ImhhYWJ4ZGgzNG1tYzMtQVBMIiwidyI6W3siZm4iOiJlbnZmcXFlMWF5NGsxLUFQTCIsInMiOiIxNiIsImEiOiIwIiwicCI6IjEwLC0xMCJ9XX0.xxT-TQQIsqPhmKsZjCi00tEIFJ6nR7G08790PzkLMZk/image;s=2048x1536;q=80,https://ireland.apollo.olxcdn.com/v1/files/eyJhbGciOiJIUzI1NiIsInR5cCI6IkpXVCJ9.eyJmbiI6IjdhenhyYW0xbmY0NzItQVBMIiwidyI6W3siZm4iOiJlbnZmcXFlMWF5NGsxLUFQTCIsInMiOiIxNiIsImEiOiIwIiwicCI6IjEwLC0xMCJ9XX0.t9cb3b_k5WDteEW7ATtMlo_-02eJvJxgg2iig5TqLzA/image;s=2048x1536;q=80",,,,,
67894290,dom,"4pok, kompaktowy bliźniak z pompą ciepła Plewiska",102.4,4,,1149000,11221,Grunwaldzka,Plewiska,,,52.37088,16.81576,,,,https://www.otodom.pl/pl/oferta/4pok-kompaktowy-blizniak-z-pompa-ciepla-plewiska-ID4ASpc,"https://ireland.apollo.olxcdn.com/v1/files/eyJhbGciOiJIUzI1NiIsInR5cCI6IkpXVCJ9.eyJmbiI6IjVhbnk4bmZ5eGxuaC1BUEwiLCJ3IjpbeyJmbiI6ImVudmZxcWUxYXk0azEtQVBMIiwicyI6IjE2IiwiYSI6IjAiLCJwIjoiMTAsLTEwIn1dfQ.RIEr2egyZXFqnUCP5UB4DUTyWsR57ighaAdYg6xjmoU/image;s=2048x1536;q=80,https://ireland.apollo.olxcdn.com/v1/files/eyJhbGciOiJIUzI1NiIsInR5cCI6IkpXVCJ9.eyJmbiI6ImNldmd6M3huNm81NjItQVBMIiwidyI6W3siZm4iOiJlbnZmcXFlMWF5NGsxLUFQTCIsInMiOiIxNiIsImEiOiIwIiwicCI6IjEwLC0xMCJ9XX0.JxVfmGMKKsbd9fhB2BAi0UDSlikwwAdxqEvIEit-Mcw/image;s=2048x1536;q=80,https://ireland.apollo.olxcdn.com/v1/files/eyJhbGciOiJIUzI1NiIsInR5cCI6IkpXVCJ9.eyJmbiI6IjZmcHJ1MXd6ZzRvNjEtQVBMIiwidyI6W3siZm4iOiJlbnZmcXFlMWF5NGsxLUFQTCIsInMiOiIxNiIsImEiOiIwIiwicCI6IjEwLC0xMCJ9XX0.za74Hi-8yxeM0oIAUxEpHwd2UvWnEbuuLEKKYa7-0zk/image;s=2048x1536;q=80",,,,,
68465532,mieszkanie,3 stronne | Doświetlone -duże okna | tylko 9800 zł/m2 | Zobacz na żywo,116.37,4,3,1149780,9880,,Winogrady,Poznań,,52.434865,16.938353,,,,https://www.otodom.pl/pl/oferta/3-stronne-doswietlone-duze-okna-tylko-9800-zl-m2-zobacz-na-zywo-ID4Dh0M,"https://ireland.apollo.olxcdn.com/v1/files/eyJhbGciOiJIUzI1NiIsInR5cCI6IkpXVCJ9.eyJmbiI6IjhxbzRocGJ1OHdtaTItQVBMIiwidyI6W3siZm4iOiJlbnZmcXFlMWF5NGsxLUFQTCIsInMiOiIxNiIsImEiOiIwIiwicCI6IjEwLC0xMCJ9XX0.5PCUxd4Xk10Ruwom-bpdPRO8V_fyvocqmHLK6z2F65c/image;s=2048x1536;q=80,https://ireland.apollo.olxcdn.com/v1/files/eyJhbGciOiJIUzI1NiIsInR5cCI6IkpXVCJ9.eyJmbiI6InZiY3c1d3Q5NGtueTItQVBMIiwidyI6W3siZm4iOiJlbnZmcXFlMWF5NGsxLUFQTCIsInMiOiIxNiIsImEiOiIwIiwicCI6IjEwLC0xMCJ9XX0.yNda4BzXPD6zlBribq14ti9juPoKT4vqVUnnOoNEvM0/image;s=2048x1536;q=80,https://ireland.apollo.olxcdn.com/v1/files/eyJhbGciOiJIUzI1NiIsInR5cCI6IkpXVCJ9.eyJmbiI6IndjZHd2cGZwdHdqZDEtQVBMIiwidyI6W3siZm4iOiJlbnZmcXFlMWF5NGsxLUFQTCIsInMiOiIxNiIsImEiOiIwIiwicCI6IjEwLC0xMCJ9XX0.0R1axFcojvZvgoT7e7Z0j3-DIPZrY4Q8dJ5Up7bVe0M/image;s=2048x1536;q=80",,,,,
67968545,mieszkanie,4-pokojowe mieszkanie 82m2 + 2 balkony,82.18,4,1,1150520,14000,ul. Jeleniogórska,Junikowo,,Leśny Marcelin,52.39563,16.8425,,,,https://www.otodom.pl/pl/oferta/4-pokojowe-mieszkanie-82m2-2-balkony-ID4BbIR,"https://ireland.apollo.olxcdn.com/v1/files/eyJhbGciOiJIUzI1NiIsInR5cCI6IkpXVCJ9.eyJmbiI6Im8zeGJvdHVwZGpvOTItRUNPU1lTVEVNIiwidyI6W3siZm4iOiJlbnZmcXFlMWF5NGsxLUFQTCIsInMiOiIxNiIsImEiOiIwIiwicCI6IjEwLC0xMCJ9XX0.E5MUdp8XIJJfNtWqDdVfu1MsrRmaq39KWVlHiTDYYWg/image;s=2048x1536;q=80,https://ireland.apollo.olxcdn.com/v1/files/eyJhbGciOiJIUzI1NiIsInR5cCI6IkpXVCJ9.eyJmbiI6IjRwMmI0dml4a3h6aTEtRUNPU1lTVEVNIiwidyI6W3siZm4iOiJlbnZmcXFlMWF5NGsxLUFQTCIsInMiOiIxNiIsImEiOiIwIiwicCI6IjEwLC0xMCJ9XX0.NixgUSLBcdkJllENG_Gh2-j4yu6-1fH-HgXAOoS6Hsk/image;s=2048x1536;q=80,https://ireland.apollo.olxcdn.com/v1/files/eyJhbGciOiJIUzI1NiIsInR5cCI6IkpXVCJ9.eyJmbiI6Im5oMDVhZHhjeXFkeS1FQ09TWVNURU0iLCJ3IjpbeyJmbiI6ImVudmZxcWUxYXk0azEtQVBMIiwicyI6IjE2IiwiYSI6IjAiLCJwIjoiMTAsLTEwIn1dfQ._U7pY08KnUYrTVVQ2iDRXnJetpJlbijLltPate-Kg9I/image;s=2048x1536;q=80",,,,,
67790170,dom,Dom na sprzedaż w centrum Kórnika,133,5,,1155000,8684,ul. Adama Asnyka,Kórnik,Kórnik,,52.25257,17.08486,,,,https://www.otodom.pl/pl/oferta/dom-na-sprzedaz-w-centrum-kornika-ID4ArjQ,"https://ireland.apollo.olxcdn.com/v1/files/eyJhbGciOiJIUzI1NiIsInR5cCI6IkpXVCJ9.eyJmbiI6Ims0anR0YnJjZHpkMjItQVBMIiwidyI6W3siZm4iOiJlbnZmcXFlMWF5NGsxLUFQTCIsInMiOiIxNiIsImEiOiIwIiwicCI6IjEwLC0xMCJ9XX0.-8sObycTy9VQHZyndIkP0eK-LnGW5J4HpNukCv0WfEY/image;s=2048x1536;q=80,https://ireland.apollo.olxcdn.com/v1/files/eyJhbGciOiJIUzI1NiIsInR5cCI6IkpXVCJ9.eyJmbiI6ImJjbDA4YjhsZThwejEtQVBMIiwidyI6W3siZm4iOiJlbnZmcXFlMWF5NGsxLUFQTCIsInMiOiIxNiIsImEiOiIwIiwicCI6IjEwLC0xMCJ9XX0.z5LxDpE0bS87MCzPR6ekki52CjpHVl8qiOovZAyqZ4g/image;s=2048x1536;q=80,https://ireland.apollo.olxcdn.com/v1/files/eyJhbGciOiJIUzI1NiIsInR5cCI6IkpXVCJ9.eyJmbiI6Ijk1ZHl3OGp5a2Nwbi1BUEwiLCJ3IjpbeyJmbiI6ImVudmZxcWUxYXk0azEtQVBMIiwicyI6IjE2IiwiYSI6IjAiLCJwIjoiMTAsLTEwIn1dfQ.fdayt2Ou_28zEnUvD-PzP1W2S36hxM1Mz8XTLO26AwE/image;s=2048x1536;q=80",,,,,
67045465,dom,"Nowoczesne bliźniaki z garażem w Tarnowie Podgórnym, ul. Cicha",140,,,1157800,8270,ul. Cicha,Tarnowo Podgórne,Tarnowo Podgórne,,52.47362,16.65548,,,,https://www.otodom.pl/pl/oferta/nowoczesne-blizniaki-z-garazem-w-tarnowie-podgornym-ul-cicha-ID4xjAt,"https://ireland.apollo.olxcdn.com/v1/files/eyJhbGciOiJIUzI1NiIsInR5cCI6IkpXVCJ9.eyJmbiI6InplYmI4MXRzMGFzbDItQVBMIiwidyI6W3siZm4iOiJlbnZmcXFlMWF5NGsxLUFQTCIsInMiOiIxNiIsImEiOiIwIiwicCI6IjEwLC0xMCJ9XX0.3RRgBqdygJ-oZldKYlYfpEyIl3btQfONJi5BfU-4z3c/image;s=2048x1536;q=80,https://ireland.apollo.olxcdn.com/v1/files/eyJhbGciOiJIUzI1NiIsInR5cCI6IkpXVCJ9.eyJmbiI6InF6N3h6OXg1ZTFkMTMtQVBMIiwidyI6W3siZm4iOiJlbnZmcXFlMWF5NGsxLUFQTCIsInMiOiIxNiIsImEiOiIwIiwicCI6IjEwLC0xMCJ9XX0.YrirTMoW5P7HW8eDNbJowJGejrpjae_ITejeTbaewlw/image;s=2048x1536;q=80,https://ireland.apollo.olxcdn.com/v1/files/eyJhbGciOiJIUzI1NiIsInR5cCI6IkpXVCJ9.eyJmbiI6IjM2c3k4YXVrZ2JtdTItQVBMIiwidyI6W3siZm4iOiJlbnZmcXFlMWF5NGsxLUFQTCIsInMiOiIxNiIsImEiOiIwIiwicCI6IjEwLC0xMCJ9XX0.nTQfn4qZPQjz7F6LDzxam_U7Tw81zE_B5S-mPzDt-BQ/image;s=2048x1536;q=80",,,,,
68004070,mieszkanie,4-pokojowe mieszkanie 80m2 + 2 loggie Bez Prowizji,80.91,4,10+,1158163,14314,ul. Wagrowska,Starołęka Mała,Poznań,Panoramiqa 2,52.37622,16.95347,,,,https://www.otodom.pl/pl/oferta/4-pokojowe-mieszkanie-80m2-2-loggie-bez-prowizji-ID4BkXQ,"https://ireland.apollo.olxcdn.com/v1/files/eyJhbGciOiJIUzI1NiIsInR5cCI6IkpXVCJ9.eyJmbiI6ImJoMHdpOWk0aDZzYjEtRUNPU1lTVEVNIiwidyI6W3siZm4iOiJlbnZmcXFlMWF5NGsxLUFQTCIsInMiOiIxNiIsImEiOiIwIiwicCI6IjEwLC0xMCJ9XX0.mx9F8AdP8A-mpt7G58d67xz8KprxEqyhwKk_O1_rBI0/image;s=2048x1536;q=80,https://ireland.apollo.olxcdn.com/v1/files/eyJhbGciOiJIUzI1NiIsInR5cCI6IkpXVCJ9.eyJmbiI6Ijh0NXVrMXFhc3A0djItRUNPU1lTVEVNIiwidyI6W3siZm4iOiJlbnZmcXFlMWF5NGsxLUFQTCIsInMiOiIxNiIsImEiOiIwIiwicCI6IjEwLC0xMCJ9XX0.1Rb5kjB4p5vOI6M5TG2ymmvNSSy0jmIcN8NU-w0bqBY/image;s=2048x1536;q=80,https://ireland.apollo.olxcdn.com/v1/files/eyJhbGciOiJIUzI1NiIsInR5cCI6IkpXVCJ9.eyJmbiI6Inp4dTB0ZzZ2enkxZTItRUNPU1lTVEVNIiwidyI6W3siZm4iOiJlbnZmcXFlMWF5NGsxLUFQTCIsInMiOiIxNiIsImEiOiIwIiwicCI6IjEwLC0xMCJ9XX0.xWLexX5jBLalYg2jiFXyHsSy1-m4AgimgKH7jEpO2WQ/image;s=2048x1536;q=80",,,,,
67469290,mieszkanie,4-pokojowe mieszkanie 88m2 + ogródek Bez Prowizji,88.32,4,0,1159608,13130,ul. Leśnych Skrzatów,Ławica,Poznań,Zacisze Marcelin,52.41035,16.84739,,,,https://www.otodom.pl/pl/oferta/4-pokojowe-mieszkanie-88m2-ogrodek-bez-prowizji-ID4z5Qm,"https://ireland.apollo.olxcdn.com/v1/files/eyJhbGciOiJIUzI1NiIsInR5cCI6IkpXVCJ9.eyJmbiI6IjUxbWR1MjJiaW96aDMtRUNPU1lTVEVNIiwidyI6W3siZm4iOiJlbnZmcXFlMWF5NGsxLUFQTCIsInMiOiIxNiIsImEiOiIwIiwicCI6IjEwLC0xMCJ9XX0.GDydSLqObzjOE0sNSBAznwU3r4jUAmbfT3WTpRTShp4/image;s=2048x1536;q=80,https://ireland.apollo.olxcdn.com/v1/files/eyJhbGciOiJIUzI1NiIsInR5cCI6IkpXVCJ9.eyJmbiI6Ink3Ynl1c3ltcjVmejItRUNPU1lTVEVNIiwidyI6W3siZm4iOiJlbnZmcXFlMWF5NGsxLUFQTCIsInMiOiIxNiIsImEiOiIwIiwicCI6IjEwLC0xMCJ9XX0.M8bH6hgIDStuJomRqgG4NalzZ2qrXm6CDiHXJgiLFb8/image;s=2048x1536;q=80,https://ireland.apollo.olxcdn.com/v1/files/eyJhbGciOiJIUzI1NiIsInR5cCI6IkpXVCJ9.eyJmbiI6InZ1ZHN5eDJ6ZWVmajEtRUNPU1lTVEVNIiwidyI6W3siZm4iOiJlbnZmcXFlMWF5NGsxLUFQTCIsInMiOiIxNiIsImEiOiIwIiwicCI6IjEwLC0xMCJ9XX0.aRhBmbx_ezgskHmjzYXTEONFejLJAD8sgf4R5oR4gLI/image;s=2048x1536;q=80",,,,,
65602304,mieszkanie,Rodzinna Malta |4 pokoje | Duży taras | C19-KLUCZE GOTOWE DO ODBIORU,75.92,4,3,1160000,15279,ul. Bnińska,Komandoria,Poznań,Rodzinna Malta,52.41133,16.96798,,,,https://www.otodom.pl/pl/oferta/rodzinna-malta-4-pokoje-duzy-taras-c19-klucze-gotowe-do-odbioru-ID4rg9G,"https://ireland.apollo.olxcdn.com/v1/files/eyJhbGciOiJIUzI1NiIsInR5cCI6IkpXVCJ9.eyJmbiI6ImNjOTl4anI1d2VwNjMtQVBMIiwidyI6W3siZm4iOiJlbnZmcXFlMWF5NGsxLUFQTCIsInMiOiIxNiIsImEiOiIwIiwicCI6IjEwLC0xMCJ9XX0.q-BDX8qZzccIfuutAp5Q0tAp8fYloK0J6eHxr10b3FU/image;s=2048x1536;q=80,https://ireland.apollo.olxcdn.com/v1/files/eyJhbGciOiJIUzI1NiIsInR5cCI6IkpXVCJ9.eyJmbiI6IjJteDIwM2lleDljLUVDT1NZU1RFTSIsInciOlt7ImZuIjoiZW52ZnFxZTFheTRrMS1BUEwiLCJzIjoiMTYiLCJhIjoiMCIsInAiOiIxMCwtMTAifV19.B3PI5TLS7lwZzq6lMk8gIt24o_tQHg2Vpuef52lRRLg/image;s=2048x1536;q=80,https://ireland.apollo.olxcdn.com/v1/files/eyJhbGciOiJIUzI1NiIsInR5cCI6IkpXVCJ9.eyJmbiI6IjYzbGF3ZTR5MW51djMtRUNPU1lTVEVNIiwidyI6W3siZm4iOiJlbnZmcXFlMWF5NGsxLUFQTCIsInMiOiIxNiIsImEiOiIwIiwicCI6IjEwLC0xMCJ9XX0.hazEK8MYqvydp17uAkZiBVb_ehMc2uGQcxTa0oyZmoE/image;s=2048x1536;q=80",,,,,
67702871,mieszkanie,4-pokojowe mieszkanie 80m2 + taras Bez Pośredników,80.38,4,5,1162731,14465,ul. Smardzewska,Raszyn,Poznań,Grunwald Między Drzewami,52.3894,16.85827,,,,https://www.otodom.pl/pl/oferta/4-pokojowe-mieszkanie-80m2-taras-bez-posrednikow-ID4A4BN,"https://ireland.apollo.olxcdn.com/v1/files/eyJhbGciOiJIUzI1NiIsInR5cCI6IkpXVCJ9.eyJmbiI6ImowNmJrOTJvYnVxdTEtRUNPU1lTVEVNIiwidyI6W3siZm4iOiJlbnZmcXFlMWF5NGsxLUFQTCIsInMiOiIxNiIsImEiOiIwIiwicCI6IjEwLC0xMCJ9XX0.6TjIcFqCQZ2Z4uDxccxsq_h0d8d526Dv1f4YQCyF_FU/image;s=2048x1536;q=80,https://ireland.apollo.olxcdn.com/v1/files/eyJhbGciOiJIUzI1NiIsInR5cCI6IkpXVCJ9.eyJmbiI6Im8zd2YybWRraHN0OTItRUNPU1lTVEVNIiwidyI6W3siZm4iOiJlbnZmcXFlMWF5NGsxLUFQTCIsInMiOiIxNiIsImEiOiIwIiwicCI6IjEwLC0xMCJ9XX0.USzbxPaOaxn52I9SgRHgJnNmCvqe30t1OS_BUCjwAzI/image;s=2048x1536;q=80,https://ireland.apollo.olxcdn.com/v1/files/eyJhbGciOiJIUzI1NiIsInR5cCI6IkpXVCJ9.eyJmbiI6Im5qNGVmMWd2bDJsMzMtRUNPU1lTVEVNIiwidyI6W3siZm4iOiJlbnZmcXFlMWF5NGsxLUFQTCIsInMiOiIxNiIsImEiOiIwIiwicCI6IjEwLC0xMCJ9XX0.trivBJOXrCIxw_KuAC_9JgWmngXyJE5rYzDQBXMzIvw/image;s=2048x1536;q=80",,,,,
65471725,mieszkanie,"Perfumiarnia 2 | mieszkanie 71,41  m² | A.01.05",71.41,3,0,1167767,16353,ul. Śniadeckich,Łazarz,Poznań,Perfumiarnia 2,52.39955,16.90333,,,,https://www.otodom.pl/pl/oferta/perfumiarnia-2-mieszkanie-71-41-m-a-01-05-ID4qIbz,"https://ireland.apollo.olxcdn.com/v1/files/eyJhbGciOiJIUzI1NiIsInR5cCI6IkpXVCJ9.eyJmbiI6InM2eHpzbWx2M3Q3azEtRUNPU1lTVEVNIiwidyI6W3siZm4iOiJlbnZmcXFlMWF5NGsxLUFQTCIsInMiOiIxNiIsImEiOiIwIiwicCI6IjEwLC0xMCJ9XX0.gSffFCx8UElJj3qfSVygndAHHo3PTWlfCwo-4LDLBYw/image;s=2048x1536;q=80,https://ireland.apollo.olxcdn.com/v1/files/eyJhbGciOiJIUzI1NiIsInR5cCI6IkpXVCJ9.eyJmbiI6ImZzOHJpbmE5dW41ZzEtRUNPU1lTVEVNIiwidyI6W3siZm4iOiJlbnZmcXFlMWF5NGsxLUFQTCIsInMiOiIxNiIsImEiOiIwIiwicCI6IjEwLC0xMCJ9XX0.tTDffKW0VBuE9KyzG-s5VIAxkPDa8qP28xoE4w8cSWM/image;s=2048x1536;q=80,https://ireland.apollo.olxcdn.com/v1/files/eyJhbGciOiJIUzI1NiIsInR5cCI6IkpXVCJ9.eyJmbiI6ImFkeXNwOTloancwai1FQ09TWVNURU0iLCJ3IjpbeyJmbiI6ImVudmZxcWUxYXk0azEtQVBMIiwicyI6IjE2IiwiYSI6IjAiLCJwIjoiMTAsLTEwIn1dfQ.MeFDBKtGVXIh4k7P8TRhsk6pOdP4TT5WHD-tA7M7QbQ/image;s=2048x1536;q=80",,,,,
68477735,dom,✅ IV kwartał 2026 / Centrum/Garaż/Skórzewo ✅,125,5,,1169000,9352,,Skórzewo,,,52.39796,16.76767,,,,https://www.otodom.pl/pl/oferta/white-check-mark-iv-kwartal-2026-centrum-garaz-skorzewo-white-check-mark-ID4DkbB,"https://ireland.apollo.olxcdn.com/v1/files/eyJhbGciOiJIUzI1NiIsInR5cCI6IkpXVCJ9.eyJmbiI6Ind1eXBuYW1sNWNvdy1FQ09TWVNURU0iLCJ3IjpbeyJmbiI6ImVudmZxcWUxYXk0azEtQVBMIiwicyI6IjE2IiwiYSI6IjAiLCJwIjoiMTAsLTEwIn1dfQ.OHhXlnneMr8Wokbo-kSXakFa1UhH8zSTlmsIUYHK0RY/image;s=2048x1536;q=80,https://ireland.apollo.olxcdn.com/v1/files/eyJhbGciOiJIUzI1NiIsInR5cCI6IkpXVCJ9.eyJmbiI6ImtmNWgxY3g2d2FvcTItRUNPU1lTVEVNIiwidyI6W3siZm4iOiJlbnZmcXFlMWF5NGsxLUFQTCIsInMiOiIxNiIsImEiOiIwIiwicCI6IjEwLC0xMCJ9XX0.0FOIvtLypTsEF16-tRa40Ou5DP3TDplNTUAOYzDOn84/image;s=2048x1536;q=80,https://ireland.apollo.olxcdn.com/v1/files/eyJhbGciOiJIUzI1NiIsInR5cCI6IkpXVCJ9.eyJmbiI6Im9qZWtjaHc4MWZqNi1FQ09TWVNURU0iLCJ3IjpbeyJmbiI6ImVudmZxcWUxYXk0azEtQVBMIiwicyI6IjE2IiwiYSI6IjAiLCJwIjoiMTAsLTEwIn1dfQ.7TemvfxMEBMyeFIGHqqnGxIdSz1IZZdWJu8qeZa1c_c/image;s=2048x1536;q=80",,,,,
68448712,mieszkanie,5 pok. apartament z widokiem w gotowej inwestycji,94,5,5,1170000,12447,,Jeżyce,Poznań,,52.413479,16.902793,,,,https://www.otodom.pl/pl/oferta/5-pok-apartament-z-widokiem-w-gotowej-inwestycji-ID4DcDu,"https://ireland.apollo.olxcdn.com/v1/files/eyJhbGciOiJIUzI1NiIsInR5cCI6IkpXVCJ9.eyJmbiI6Ing5bGwxZTdjZDBpdy1FQ09TWVNURU0iLCJ3IjpbeyJmbiI6ImVudmZxcWUxYXk0azEtQVBMIiwicyI6IjE2IiwiYSI6IjAiLCJwIjoiMTAsLTEwIn1dfQ.-osOfNpOlROnbQ8De8Ed_DojtjvMFe1nCpifKSqNivY/image;s=2048x1536;q=80,https://ireland.apollo.olxcdn.com/v1/files/eyJhbGciOiJIUzI1NiIsInR5cCI6IkpXVCJ9.eyJmbiI6ImdrdzFwdWVxemY1aTItRUNPU1lTVEVNIiwidyI6W3siZm4iOiJlbnZmcXFlMWF5NGsxLUFQTCIsInMiOiIxNiIsImEiOiIwIiwicCI6IjEwLC0xMCJ9XX0.ZRiatwfDxx6ZKe557W2wynv6kP5HnxEl5j6-Pb_l-cc/image;s=2048x1536;q=80,https://ireland.apollo.olxcdn.com/v1/files/eyJhbGciOiJIUzI1NiIsInR5cCI6IkpXVCJ9.eyJmbiI6InV3Z3FzcDE3ZWtvdC1FQ09TWVNURU0iLCJ3IjpbeyJmbiI6ImVudmZxcWUxYXk0azEtQVBMIiwicyI6IjE2IiwiYSI6IjAiLCJwIjoiMTAsLTEwIn1dfQ.Q2txqzDmyaYDmwW8f_L0ya5rkyeJOohbPyYjL5J9d4E/image;s=2048x1536;q=80",,,,,
68421495,mieszkanie,Funkcjonalny apartament rodzinny z dwoma balkonami w gotowej inwestycj,94,4,5,1170000,12447,,Jeżyce,Poznań,,52.413479,16.902793,,,,https://www.otodom.pl/pl/oferta/funkcjonalny-apartament-rodzinny-z-dwoma-balkonami-w-gotowej-inwestycj-ID4D5yw,"https://ireland.apollo.olxcdn.com/v1/files/eyJhbGciOiJIUzI1NiIsInR5cCI6IkpXVCJ9.eyJmbiI6IjVvMXF5M2N0ZWtpdzItRUNPU1lTVEVNIiwidyI6W3siZm4iOiJlbnZmcXFlMWF5NGsxLUFQTCIsInMiOiIxNiIsImEiOiIwIiwicCI6IjEwLC0xMCJ9XX0.NLW2F1Q-q2N8KD9yLTXAoPNNfFGUdNarLyLSIA9XT_s/image;s=2048x1536;q=80,https://ireland.apollo.olxcdn.com/v1/files/eyJhbGciOiJIUzI1NiIsInR5cCI6IkpXVCJ9.eyJmbiI6ImJvajFmZTc4NHNhNzItRUNPU1lTVEVNIiwidyI6W3siZm4iOiJlbnZmcXFlMWF5NGsxLUFQTCIsInMiOiIxNiIsImEiOiIwIiwicCI6IjEwLC0xMCJ9XX0.avT4Zg6QWkAWGiye-rjWmp4WJk3BIq_Xem0ajRp63qw/image;s=2048x1536;q=80,https://ireland.apollo.olxcdn.com/v1/files/eyJhbGciOiJIUzI1NiIsInR5cCI6IkpXVCJ9.eyJmbiI6ImtlZ2w4ZnQ2OGRveTEtRUNPU1lTVEVNIiwidyI6W3siZm4iOiJlbnZmcXFlMWF5NGsxLUFQTCIsInMiOiIxNiIsImEiOiIwIiwicCI6IjEwLC0xMCJ9XX0.3amT5Cz4rXYBxDvUQqT__9FbH40bruVXsgJh31KKoMQ/image;s=2048x1536;q=80",,,,,
68425584,mieszkanie,ODDANE DO UŻYTKU - DWA BALKONY - JAKOŚĆ PREMIUM,94,4,4,1170750,12455,ul. św. Wawrzyńca,Jeżyce,Poznań,,52.413479,16.902793,,,,https://www.otodom.pl/pl/oferta/oddane-do-uzytku-dwa-balkony-jakosc-premium-ID4D6Cs,"https://ireland.apollo.olxcdn.com/v1/files/eyJhbGciOiJIUzI1NiIsInR5cCI6IkpXVCJ9.eyJmbiI6InZkbXp0Y3Rka203MjMtRUNPU1lTVEVNIiwidyI6W3siZm4iOiJlbnZmcXFlMWF5NGsxLUFQTCIsInMiOiIxNiIsImEiOiIwIiwicCI6IjEwLC0xMCJ9XX0.w4UBqTq11rka8fF6q_Y4QSx5OJl3-c1epCCHTHHdwKE/image;s=2048x1536;q=80,https://ireland.apollo.olxcdn.com/v1/files/eyJhbGciOiJIUzI1NiIsInR5cCI6IkpXVCJ9.eyJmbiI6InRhcTUyYmNtbzE5NTMtRUNPU1lTVEVNIiwidyI6W3siZm4iOiJlbnZmcXFlMWF5NGsxLUFQTCIsInMiOiIxNiIsImEiOiIwIiwicCI6IjEwLC0xMCJ9XX0.vOAr2Ii-VDfhEEmaM5HngcJh-SWrhTRX6jSk_KuV69U/image;s=2048x1536;q=80,https://ireland.apollo.olxcdn.com/v1/files/eyJhbGciOiJIUzI1NiIsInR5cCI6IkpXVCJ9.eyJmbiI6InZuc3hwcDVzdWJsci1FQ09TWVNURU0iLCJ3IjpbeyJmbiI6ImVudmZxcWUxYXk0azEtQVBMIiwicyI6IjE2IiwiYSI6IjAiLCJwIjoiMTAsLTEwIn1dfQ.pWCDyDOlnEY5sIR83qmU51HsU_h7fF6tb1SXaVt9bG8/image;s=2048x1536;q=80",,,,,
68395104,mieszkanie,4 pokoje | 2 balkony | 5 piętro | Gotowe do odbioru,94,4,5,1170750,12455,,Jeżyce,Poznań,,52.413479,16.902793,,,,https://www.otodom.pl/pl/oferta/4-pokoje-2-balkony-5-pietro-gotowe-do-odbioru-ID4CYGQ,"https://ireland.apollo.olxcdn.com/v1/files/eyJhbGciOiJIUzI1NiIsInR5cCI6IkpXVCJ9.eyJmbiI6ImEwY2RyY3dwdXZzMzEtRUNPU1lTVEVNIiwidyI6W3siZm4iOiJlbnZmcXFlMWF5NGsxLUFQTCIsInMiOiIxNiIsImEiOiIwIiwicCI6IjEwLC0xMCJ9XX0.mjVS3DgTi5iNeukwva41yAmwEJmpFN1efaYFPseZMWA/image;s=2048x1536;q=80,https://ireland.apollo.olxcdn.com/v1/files/eyJhbGciOiJIUzI1NiIsInR5cCI6IkpXVCJ9.eyJmbiI6InNzcDQ3aHJuZWMyMzMtRUNPU1lTVEVNIiwidyI6W3siZm4iOiJlbnZmcXFlMWF5NGsxLUFQTCIsInMiOiIxNiIsImEiOiIwIiwicCI6IjEwLC0xMCJ9XX0.nT1RiXDWi5AXW3nlham7GeUncn8KQUoIqpQI_Y8q2xk/image;s=2048x1536;q=80,https://ireland.apollo.olxcdn.com/v1/files/eyJhbGciOiJIUzI1NiIsInR5cCI6IkpXVCJ9.eyJmbiI6Im55cGsweHprNm9qYS1FQ09TWVNURU0iLCJ3IjpbeyJmbiI6ImVudmZxcWUxYXk0azEtQVBMIiwicyI6IjE2IiwiYSI6IjAiLCJwIjoiMTAsLTEwIn1dfQ.kjVY6s4nPo3fM5z2WpqbZiJOLs_QvSxtw-hxhZBRbNw/image;s=2048x1536;q=80",,,,,
67950788,mieszkanie,Przestronne 3-pokojowe mieszkanie na Wildzie | ul. Sikorskiego 40,72.21,3,5,1172718,16240,Sikorskiego 40,Wilda,Poznań,,52.390761,16.921188,,,,https://www.otodom.pl/pl/oferta/przestronne-3-pokojowe-mieszkanie-na-wildzie-ul-sikorskiego-40-ID4B76s,"https://ireland.apollo.olxcdn.com/v1/files/eyJhbGciOiJIUzI1NiIsInR5cCI6IkpXVCJ9.eyJmbiI6Im5uc2lwcGpwdjJ2YTEtQVBMIiwidyI6W3siZm4iOiJlbnZmcXFlMWF5NGsxLUFQTCIsInMiOiIxNiIsImEiOiIwIiwicCI6IjEwLC0xMCJ9XX0.w5x8096MzUSJ3lo9HpAGIMdNKlq8PJPGSOCTBwI6r2o/image;s=2048x1536;q=80,https://ireland.apollo.olxcdn.com/v1/files/eyJhbGciOiJIUzI1NiIsInR5cCI6IkpXVCJ9.eyJmbiI6InVkdXc0aHVzY3E4MDMtQVBMIiwidyI6W3siZm4iOiJlbnZmcXFlMWF5NGsxLUFQTCIsInMiOiIxNiIsImEiOiIwIiwicCI6IjEwLC0xMCJ9XX0.JeL4pFqRdZd_SuRCrGV-EiMcujShOAt-_kDdWPYFhYw/image;s=2048x1536;q=80,https://ireland.apollo.olxcdn.com/v1/files/eyJhbGciOiJIUzI1NiIsInR5cCI6IkpXVCJ9.eyJmbiI6InJyZTdma2NxbXJlZTMtQVBMIiwidyI6W3siZm4iOiJlbnZmcXFlMWF5NGsxLUFQTCIsInMiOiIxNiIsImEiOiIwIiwicCI6IjEwLC0xMCJ9XX0.gtxX8tpMtZgO5suVIxqznupMEUYCTPHrOO61Zww2HY4/image;s=2048x1536;q=80",,,,,
67183355,mieszkanie,4-pokojowe mieszkanie 81m2 + taras Bez Pośredników,81.09,4,5,1173002,14465,ul. Smardzewska,Raszyn,Poznań,Grunwald Między Drzewami,52.3894,16.85827,,,,https://www.otodom.pl/pl/oferta/4-pokojowe-mieszkanie-81m2-taras-bez-posrednikow-ID4xTsw,"https://ireland.apollo.olxcdn.com/v1/files/eyJhbGciOiJIUzI1NiIsInR5cCI6IkpXVCJ9.eyJmbiI6Im1mZHo2Mjhoamd3bzItRUNPU1lTVEVNIiwidyI6W3siZm4iOiJlbnZmcXFlMWF5NGsxLUFQTCIsInMiOiIxNiIsImEiOiIwIiwicCI6IjEwLC0xMCJ9XX0.ssIZs55dY_S9d4792MC5G7Ou9pyoi7tWIHTGvzseeYE/image;s=2048x1536;q=80,https://ireland.apollo.olxcdn.com/v1/files/eyJhbGciOiJIUzI1NiIsInR5cCI6IkpXVCJ9.eyJmbiI6InIxZTZkdGZqZDUzOC1FQ09TWVNURU0iLCJ3IjpbeyJmbiI6ImVudmZxcWUxYXk0azEtQVBMIiwicyI6IjE2IiwiYSI6IjAiLCJwIjoiMTAsLTEwIn1dfQ.LqXQP1hvr6auFrt7rOcOci4KYaBADhdRtbYNnKvOUDM/image;s=2048x1536;q=80,https://ireland.apollo.olxcdn.com/v1/files/eyJhbGciOiJIUzI1NiIsInR5cCI6IkpXVCJ9.eyJmbiI6InU4YTJzc2M1MzltNjMtRUNPU1lTVEVNIiwidyI6W3siZm4iOiJlbnZmcXFlMWF5NGsxLUFQTCIsInMiOiIxNiIsImEiOiIwIiwicCI6IjEwLC0xMCJ9XX0.njCM3g2z3YYnaTPHNMBkAaZARhjjh5lnafX_pTUvGuY/image;s=2048x1536;q=80",,,,,
66966080,mieszkanie,Unikatowy apartament | Prestiżowy adres,74.68,3,3,1179000,15787,Garbary,Stare Miasto,Poznań,,52.406608,16.937226,,,,https://www.otodom.pl/pl/oferta/unikatowy-apartament-prestizowy-adres-ID4vYV4,"https://ireland.apollo.olxcdn.com/v1/files/eyJhbGciOiJIUzI1NiIsInR5cCI6IkpXVCJ9.eyJmbiI6ImI1bnZhNXRxeTVybC1FQ09TWVNURU0iLCJ3IjpbeyJmbiI6ImVudmZxcWUxYXk0azEtQVBMIiwicyI6IjE2IiwiYSI6IjAiLCJwIjoiMTAsLTEwIn1dfQ.RbppJdWU2asDEQICn2dK4Eo2TWbjel2-_SafeQGdQOg/image;s=2048x1536;q=80,https://ireland.apollo.olxcdn.com/v1/files/eyJhbGciOiJIUzI1NiIsInR5cCI6IkpXVCJ9.eyJmbiI6ImM4eXg3dGQ3cHI0ZDMtRUNPU1lTVEVNIiwidyI6W3siZm4iOiJlbnZmcXFlMWF5NGsxLUFQTCIsInMiOiIxNiIsImEiOiIwIiwicCI6IjEwLC0xMCJ9XX0.a2rTvSGLJMuYv-xf2yq-h2qTxShvDHyuyeMdR6VKChA/image;s=2048x1536;q=80,https://ireland.apollo.olxcdn.com/v1/files/eyJhbGciOiJIUzI1NiIsInR5cCI6IkpXVCJ9.eyJmbiI6Iml2MTk1cTNuejBqbzEtRUNPU1lTVEVNIiwidyI6W3siZm4iOiJlbnZmcXFlMWF5NGsxLUFQTCIsInMiOiIxNiIsImEiOiIwIiwicCI6IjEwLC0xMCJ9XX0.IR1YzZnBkbEJhXWiLGLydWo9ASQKVWlN8qJbdYmmzk0/image;s=2048x1536;q=80",,,,,
68429601,mieszkanie,4-pokojowe mieszkanie 75m2 + balkon Bez Prowizji,75.71,4,5,1179422,15578,ul. Smardzewska,Raszyn,,Grunwald Między Drzewami,52.3894,16.85827,,,,https://www.otodom.pl/pl/oferta/4-pokojowe-mieszkanie-75m2-balkon-bez-prowizji-ID4D7Ff,"https://ireland.apollo.olxcdn.com/v1/files/eyJhbGciOiJIUzI1NiIsInR5cCI6IkpXVCJ9.eyJmbiI6IjBreTNzeWU5YjBheDItRUNPU1lTVEVNIiwidyI6W3siZm4iOiJlbnZmcXFlMWF5NGsxLUFQTCIsInMiOiIxNiIsImEiOiIwIiwicCI6IjEwLC0xMCJ9XX0.cv6dUlzMup_5uLxHjF7RKRZ67hce7TgRtiBu2j-lja0/image;s=2048x1536;q=80,https://ireland.apollo.olxcdn.com/v1/files/eyJhbGciOiJIUzI1NiIsInR5cCI6IkpXVCJ9.eyJmbiI6InFkZGs5ODFyeWNpeC1FQ09TWVNURU0iLCJ3IjpbeyJmbiI6ImVudmZxcWUxYXk0azEtQVBMIiwicyI6IjE2IiwiYSI6IjAiLCJwIjoiMTAsLTEwIn1dfQ.MyypbiSa9PM32OZmgS_W_e24Snj8V4fF3UX-LPoGfVo/image;s=2048x1536;q=80,https://ireland.apollo.olxcdn.com/v1/files/eyJhbGciOiJIUzI1NiIsInR5cCI6IkpXVCJ9.eyJmbiI6ImZkMHJwdXZ1eWNyNjItRUNPU1lTVEVNIiwidyI6W3siZm4iOiJlbnZmcXFlMWF5NGsxLUFQTCIsInMiOiIxNiIsImEiOiIwIiwicCI6IjEwLC0xMCJ9XX0.YK49r-IvhO4meJd2k-hEAgEFVaAevtbTgv5U42VIfTU/image;s=2048x1536;q=80",,,,,
67968578,mieszkanie,4-pokojowe mieszkanie 83m2 + balkon,83.42,4,3,1184564,14200,ul. Jeleniogórska,Junikowo,Poznań,Leśny Marcelin,52.39563,16.8425,,,,https://www.otodom.pl/pl/oferta/4-pokojowe-mieszkanie-83m2-balkon-ID4BbJo,"https://ireland.apollo.olxcdn.com/v1/files/eyJhbGciOiJIUzI1NiIsInR5cCI6IkpXVCJ9.eyJmbiI6Ijh0enk3aHNmenZwNjEtRUNPU1lTVEVNIiwidyI6W3siZm4iOiJlbnZmcXFlMWF5NGsxLUFQTCIsInMiOiIxNiIsImEiOiIwIiwicCI6IjEwLC0xMCJ9XX0.N-xzYHZCE76qpiiht1_fAJiRsEtkklIhFfxeg-orTL8/image;s=2048x1536;q=80,https://ireland.apollo.olxcdn.com/v1/files/eyJhbGciOiJIUzI1NiIsInR5cCI6IkpXVCJ9.eyJmbiI6InI4aHd0cWswdWhkYTMtRUNPU1lTVEVNIiwidyI6W3siZm4iOiJlbnZmcXFlMWF5NGsxLUFQTCIsInMiOiIxNiIsImEiOiIwIiwicCI6IjEwLC0xMCJ9XX0.2j7IbXIQLpXZ5W47KDQbHyoc65I6NZ-SIc2xO0SsJZM/image;s=2048x1536;q=80,https://ireland.apollo.olxcdn.com/v1/files/eyJhbGciOiJIUzI1NiIsInR5cCI6IkpXVCJ9.eyJmbiI6Im5oMDVhZHhjeXFkeS1FQ09TWVNURU0iLCJ3IjpbeyJmbiI6ImVudmZxcWUxYXk0azEtQVBMIiwicyI6IjE2IiwiYSI6IjAiLCJwIjoiMTAsLTEwIn1dfQ._U7pY08KnUYrTVVQ2iDRXnJetpJlbijLltPate-Kg9I/image;s=2048x1536;q=80",,,,,
67702877,mieszkanie,4-pokojowe mieszkanie 80m2 + taras Bezpośrednio,80.13,4,5,1185863,14799,ul. Smardzewska,Raszyn,Poznań,Grunwald Między Drzewami,52.3894,16.85827,,,,https://www.otodom.pl/pl/oferta/4-pokojowe-mieszkanie-80m2-taras-bezposrednio-ID4A4BT,"https://ireland.apollo.olxcdn.com/v1/files/eyJhbGciOiJIUzI1NiIsInR5cCI6IkpXVCJ9.eyJmbiI6InFkd2M4bHRxaXFrNS1FQ09TWVNURU0iLCJ3IjpbeyJmbiI6ImVudmZxcWUxYXk0azEtQVBMIiwicyI6IjE2IiwiYSI6IjAiLCJwIjoiMTAsLTEwIn1dfQ.D0Ii7YIvc0-nWzaBUuRTPhKIRanywZFw7KwkMfzklUk/image;s=2048x1536;q=80,https://ireland.apollo.olxcdn.com/v1/files/eyJhbGciOiJIUzI1NiIsInR5cCI6IkpXVCJ9.eyJmbiI6Ijdibjdtd2pkbm5xdzEtRUNPU1lTVEVNIiwidyI6W3siZm4iOiJlbnZmcXFlMWF5NGsxLUFQTCIsInMiOiIxNiIsImEiOiIwIiwicCI6IjEwLC0xMCJ9XX0.-RI1Qy21dgJU2Vyr9KpcIV69soXPd0_AHQ1_MpF5OKo/image;s=2048x1536;q=80,https://ireland.apollo.olxcdn.com/v1/files/eyJhbGciOiJIUzI1NiIsInR5cCI6IkpXVCJ9.eyJmbiI6InFkZGs5ODFyeWNpeC1FQ09TWVNURU0iLCJ3IjpbeyJmbiI6ImVudmZxcWUxYXk0azEtQVBMIiwicyI6IjE2IiwiYSI6IjAiLCJwIjoiMTAsLTEwIn1dfQ.MyypbiSa9PM32OZmgS_W_e24Snj8V4fF3UX-LPoGfVo/image;s=2048x1536;q=80",,,,,
96770287700067,mieszkanie,4-pokojowe mieszkanie 80m2 + taras Bezpośrednio,80.13,4,5,1185863,14799,ul. Smardzewska,Raszyn,Poznań,Grunwald Między Drzewami,52.3894,16.85827,,,,https://www.otodom.pl/pl/oferta/4-pokojowe-mieszkanie-80m2-taras-bezposrednio-ID4A4BT,"https://ireland.apollo.olxcdn.com/v1/files/eyJhbGciOiJIUzI1NiIsInR5cCI6IkpXVCJ9.eyJmbiI6InFkd2M4bHRxaXFrNS1FQ09TWVNURU0iLCJ3IjpbeyJmbiI6ImVudmZxcWUxYXk0azEtQVBMIiwicyI6IjE2IiwiYSI6IjAiLCJwIjoiMTAsLTEwIn1dfQ.D0Ii7YIvc0-nWzaBUuRTPhKIRanywZFw7KwkMfzklUk/image;s=2048x1536;q=80,https://ireland.apollo.olxcdn.com/v1/files/eyJhbGciOiJIUzI1NiIsInR5cCI6IkpXVCJ9.eyJmbiI6Ijdibjdtd2pkbm5xdzEtRUNPU1lTVEVNIiwidyI6W3siZm4iOiJlbnZmcXFlMWF5NGsxLUFQTCIsInMiOiIxNiIsImEiOiIwIiwicCI6IjEwLC0xMCJ9XX0.-RI1Qy21dgJU2Vyr9KpcIV69soXPd0_AHQ1_MpF5OKo/image;s=2048x1536;q=80,https://ireland.apollo.olxcdn.com/v1/files/eyJhbGciOiJIUzI1NiIsInR5cCI6IkpXVCJ9.eyJmbiI6InFkZGs5ODFyeWNpeC1FQ09TWVNURU0iLCJ3IjpbeyJmbiI6ImVudmZxcWUxYXk0azEtQVBMIiwicyI6IjE2IiwiYSI6IjAiLCJwIjoiMTAsLTEwIn1dfQ.MyypbiSa9PM32OZmgS_W_e24Snj8V4fF3UX-LPoGfVo/image;s=2048x1536;q=80",,,,,
68451471,dom,BEZPOŚREDNIO WŁAŚCICIEL | Inwestycja – NOWE SPLAWIE,111.54,6,,1189000,10660,szczepankowo 137,Szczepankowo,Poznań,,52.35556,17.03116,,,,https://www.otodom.pl/pl/oferta/bezposrednio-wlasciciel-inwestycja-nowe-splawie-ID4DdlZ,"https://ireland.apollo.olxcdn.com/v1/files/eyJhbGciOiJIUzI1NiIsInR5cCI6IkpXVCJ9.eyJmbiI6IjNzdWxpZ3p1bHE4aC1BUEwiLCJ3IjpbeyJmbiI6ImVudmZxcWUxYXk0azEtQVBMIiwicyI6IjE2IiwiYSI6IjAiLCJwIjoiMTAsLTEwIn1dfQ.OBeU7GCrZKVTeC_r4OTgqDJRByE2RDc5U1d7chWMSPw/image;s=2048x1536;q=80,https://ireland.apollo.olxcdn.com/v1/files/eyJhbGciOiJIUzI1NiIsInR5cCI6IkpXVCJ9.eyJmbiI6Imo5c3JndWJ4cmJxbzEtQVBMIiwidyI6W3siZm4iOiJlbnZmcXFlMWF5NGsxLUFQTCIsInMiOiIxNiIsImEiOiIwIiwicCI6IjEwLC0xMCJ9XX0.cb_plvp9BPVODnQ2qMF_vdQwfhlboWsOgN0oKQ4RAyE/image;s=2048x1536;q=80,https://ireland.apollo.olxcdn.com/v1/files/eyJhbGciOiJIUzI1NiIsInR5cCI6IkpXVCJ9.eyJmbiI6ImN3enU5b3piYm81OTEtQVBMIiwidyI6W3siZm4iOiJlbnZmcXFlMWF5NGsxLUFQTCIsInMiOiIxNiIsImEiOiIwIiwicCI6IjEwLC0xMCJ9XX0.ww5Y892h5Zn--AvS_LtWXZ9zvjX-nLBfhCOcrGwTH3k/image;s=2048x1536;q=80",,,,,
68415204,dom,"Energooszczędny dom z ogrodem | 111,54 | 6 pokoi",111.54,6,,1189000,10660,ul. Szczepankowo,Szczepankowo,Poznań,,52.35466,17.03017,,,,https://www.otodom.pl/pl/oferta/energooszczedny-dom-z-ogrodem-111-54-6-pokoi-ID4D3W2,"https://ireland.apollo.olxcdn.com/v1/files/eyJhbGciOiJIUzI1NiIsInR5cCI6IkpXVCJ9.eyJmbiI6ImFsNTI2MzE1Y3hiLUVDT1NZU1RFTSIsInciOlt7ImZuIjoiZW52ZnFxZTFheTRrMS1BUEwiLCJzIjoiMTYiLCJhIjoiMCIsInAiOiIxMCwtMTAifV19.aYU2SxkLORFqaEzTI9nWaNhzNPjuFeog-EmHwDs9Z8A/image;s=2048x1536;q=80,https://ireland.apollo.olxcdn.com/v1/files/eyJhbGciOiJIUzI1NiIsInR5cCI6IkpXVCJ9.eyJmbiI6ImoyYWdxeWt3dzRhcjMtRUNPU1lTVEVNIiwidyI6W3siZm4iOiJlbnZmcXFlMWF5NGsxLUFQTCIsInMiOiIxNiIsImEiOiIwIiwicCI6IjEwLC0xMCJ9XX0.j6ob7zOR43QLNPHMWMbArDPYFXaCXVHCwMeeAe74_vA/image;s=2048x1536;q=80,https://ireland.apollo.olxcdn.com/v1/files/eyJhbGciOiJIUzI1NiIsInR5cCI6IkpXVCJ9.eyJmbiI6InlocTM0dnRsbGNzZS1FQ09TWVNURU0iLCJ3IjpbeyJmbiI6ImVudmZxcWUxYXk0azEtQVBMIiwicyI6IjE2IiwiYSI6IjAiLCJwIjoiMTAsLTEwIn1dfQ.5dRAD-xHXR5MLB9uYt3dF8YCHXrB6z7kNtGM2d2e-IQ/image;s=2048x1536;q=80",,,,,
67800136,dom,Dom w Poznaniu – Szczepankowo | 111 m² | Działka 305 m²,111,6,,1189000,10712,,Szczepankowo,Poznań,,52.35975,17.01966,,,,https://www.otodom.pl/pl/oferta/dom-w-poznaniu-szczepankowo-111-m-dzialka-305-m-ID4AtUA,"https://ireland.apollo.olxcdn.com/v1/files/eyJhbGciOiJIUzI1NiIsInR5cCI6IkpXVCJ9.eyJmbiI6InM1YzB2azgza3ZxdTEtQVBMIiwidyI6W3siZm4iOiJlbnZmcXFlMWF5NGsxLUFQTCIsInMiOiIxNiIsImEiOiIwIiwicCI6IjEwLC0xMCJ9XX0.lDBN_JV886cG1-WDSgd4H08P2lyNNxr5yk_6T948fJc/image;s=2048x1536;q=80,https://ireland.apollo.olxcdn.com/v1/files/eyJhbGciOiJIUzI1NiIsInR5cCI6IkpXVCJ9.eyJmbiI6InkwNnRneGFzNGd0dC1BUEwiLCJ3IjpbeyJmbiI6ImVudmZxcWUxYXk0azEtQVBMIiwicyI6IjE2IiwiYSI6IjAiLCJwIjoiMTAsLTEwIn1dfQ.iV1-JMTCA3dqP-CKnZeoPh_K9gCL9NB_7ptydW7CEpU/image;s=2048x1536;q=80,https://ireland.apollo.olxcdn.com/v1/files/eyJhbGciOiJIUzI1NiIsInR5cCI6IkpXVCJ9.eyJmbiI6IjM1ZjE0MTZtcjEzZi1BUEwiLCJ3IjpbeyJmbiI6ImVudmZxcWUxYXk0azEtQVBMIiwicyI6IjE2IiwiYSI6IjAiLCJwIjoiMTAsLTEwIn1dfQ.A3VlLIkbw8N6YZxrOFgQ--C4dJgzlGUSfKJsPyChy7Y/image;s=2048x1536;q=80",,,,,
68482388,dom,Działka z budową nowoczesnego domu w stanie deweloperskim Sierosław,110,5,,1190000,10818,Agatowa,Sierosław,Sierosław,,52.411664,16.678482,,,,https://www.otodom.pl/pl/oferta/dzialka-z-budowa-nowoczesnego-domu-w-stanie-deweloperskim-sieroslaw-ID4DloE,"https://ireland.apollo.olxcdn.com/v1/files/eyJhbGciOiJIUzI1NiIsInR5cCI6IkpXVCJ9.eyJmbiI6InEyODhnMTJ6bnUzcDEtQVBMIiwidyI6W3siZm4iOiJlbnZmcXFlMWF5NGsxLUFQTCIsInMiOiIxNiIsImEiOiIwIiwicCI6IjEwLC0xMCJ9XX0.fyRvw5Aa9tmhjvAgY4R1LpaDYX45u8IMRNVkHQLbAmE/image;s=2048x1536;q=80,https://ireland.apollo.olxcdn.com/v1/files/eyJhbGciOiJIUzI1NiIsInR5cCI6IkpXVCJ9.eyJmbiI6IjdhOHg4bDBpaGg1MDMtQVBMIiwidyI6W3siZm4iOiJlbnZmcXFlMWF5NGsxLUFQTCIsInMiOiIxNiIsImEiOiIwIiwicCI6IjEwLC0xMCJ9XX0.dmzQ9yXiHP8Ex2Rp-j7KqaRQnvpYficKnMJImsx9nfU/image;s=2048x1536;q=80,https://ireland.apollo.olxcdn.com/v1/files/eyJhbGciOiJIUzI1NiIsInR5cCI6IkpXVCJ9.eyJmbiI6ImgxdWV0N3R6ZTNwOC1BUEwiLCJ3IjpbeyJmbiI6ImVudmZxcWUxYXk0azEtQVBMIiwicyI6IjE2IiwiYSI6IjAiLCJwIjoiMTAsLTEwIn1dfQ.iyCeTPerG0TgHb_FtIcurcSK3z1-SURJbxK4PB5sC9o/image;s=2048x1536;q=80",,,,,
68334329,dom,"Nowoczesny dom parterowy 137,61 m² | duża działka ok. 750 m² | garaż |",137.61,4,,1190000,8648,ul. Rokietnicka,Tarnowo Podgórne,Tarnowo Podgórne,,52.46967,16.68573,,,,https://www.otodom.pl/pl/oferta/nowoczesny-dom-parterowy-137-61-m-duza-dzialka-ok-750-m-garaz-ID4CISB,"https://ireland.apollo.olxcdn.com/v1/files/eyJhbGciOiJIUzI1NiIsInR5cCI6IkpXVCJ9.eyJmbiI6Imd6c2pua2RiZHRtZS1BUEwiLCJ3IjpbeyJmbiI6ImVudmZxcWUxYXk0azEtQVBMIiwicyI6IjE2IiwiYSI6IjAiLCJwIjoiMTAsLTEwIn1dfQ.jTbbvKUjkudQHF4PbwIlzzBn_AuDGQ45K2xKU2kQ2v0/image;s=2048x1536;q=80,https://ireland.apollo.olxcdn.com/v1/files/eyJhbGciOiJIUzI1NiIsInR5cCI6IkpXVCJ9.eyJmbiI6InduZ292MHB4OWoxaTItQVBMIiwidyI6W3siZm4iOiJlbnZmcXFlMWF5NGsxLUFQTCIsInMiOiIxNiIsImEiOiIwIiwicCI6IjEwLC0xMCJ9XX0.lWF1YmnosbZGsOooBk3VO8uOOyIXn7E6lE4YRNwxlOY/image;s=2048x1536;q=80,https://ireland.apollo.olxcdn.com/v1/files/eyJhbGciOiJIUzI1NiIsInR5cCI6IkpXVCJ9.eyJmbiI6IjJhazhiNHdsOHJobDItQVBMIiwidyI6W3siZm4iOiJlbnZmcXFlMWF5NGsxLUFQTCIsInMiOiIxNiIsImEiOiIwIiwicCI6IjEwLC0xMCJ9XX0.vPauqAgLgmVZwba1cdVmI6szWk-IuYvJNrY1QK6Ov8Q/image;s=2048x1536;q=80",,,,,
68379354,mieszkanie,★ prestiżowe 4 pokoje z balkonami ★ 3 piętro ★ jeżyce ★,100.9,4,3,1191946,11813,Jana Henryka Dąbrowskiego,Jeżyce,Poznań,,52.41534,16.9003,,,,https://www.otodom.pl/pl/oferta/prestizowe-4-pokoje-z-balkonami-3-pietro-jezyce-ID4CUAO,"https://ireland.apollo.olxcdn.com/v1/files/eyJhbGciOiJIUzI1NiIsInR5cCI6IkpXVCJ9.eyJmbiI6Im9zNXBhZzY4YjFsaDItRUNPU1lTVEVNIiwidyI6W3siZm4iOiJlbnZmcXFlMWF5NGsxLUFQTCIsInMiOiIxNiIsImEiOiIwIiwicCI6IjEwLC0xMCJ9XX0.KUR-PVKnL1fQNtDzW7wqMu7hrF2SWKDPC5hNby50_oI/image;s=2048x1536;q=80,https://ireland.apollo.olxcdn.com/v1/files/eyJhbGciOiJIUzI1NiIsInR5cCI6IkpXVCJ9.eyJmbiI6IndrcjJ0ZzYzcmVoNDEtRUNPU1lTVEVNIiwidyI6W3siZm4iOiJlbnZmcXFlMWF5NGsxLUFQTCIsInMiOiIxNiIsImEiOiIwIiwicCI6IjEwLC0xMCJ9XX0._8N7Ri8HGIV44hVdXHlBud_HYcQTdHBJjI3MDxjl3_4/image;s=2048x1536;q=80,https://ireland.apollo.olxcdn.com/v1/files/eyJhbGciOiJIUzI1NiIsInR5cCI6IkpXVCJ9.eyJmbiI6IndpZWM5cmN3cGtuajEtRUNPU1lTVEVNIiwidyI6W3siZm4iOiJlbnZmcXFlMWF5NGsxLUFQTCIsInMiOiIxNiIsImEiOiIwIiwicCI6IjEwLC0xMCJ9XX0.MLD6U8dBWzj6OGzZGj5UeJzZvk6hZpZh6Q1t6nnopb0/image;s=2048x1536;q=80",,,,,
67196376,mieszkanie,2-pokojowe mieszkanie 71m2 Bez Prowizji,71.88,2,1,1193200,16600,Romana Szymańskiego,Centrum,Poznań,Rezydencja San Petrus,52.40506,16.92931,,,,https://www.otodom.pl/pl/oferta/2-pokojowe-mieszkanie-71m2-bez-prowizji-ID4xVQv,"https://ireland.apollo.olxcdn.com/v1/files/eyJhbGciOiJIUzI1NiIsInR5cCI6IkpXVCJ9.eyJmbiI6IjZldGtrZDIzdmMxZTEtRUNPU1lTVEVNIiwidyI6W3siZm4iOiJlbnZmcXFlMWF5NGsxLUFQTCIsInMiOiIxNiIsImEiOiIwIiwicCI6IjEwLC0xMCJ9XX0.o15E3eRSYT6XMkVcDQcR8tFfO-eK4SRI9hQw-J9qDAk/image;s=2048x1536;q=80,https://ireland.apollo.olxcdn.com/v1/files/eyJhbGciOiJIUzI1NiIsInR5cCI6IkpXVCJ9.eyJmbiI6InN3ZWN3N3U2Z3NpcjMtRUNPU1lTVEVNIiwidyI6W3siZm4iOiJlbnZmcXFlMWF5NGsxLUFQTCIsInMiOiIxNiIsImEiOiIwIiwicCI6IjEwLC0xMCJ9XX0.pRZcj0iWcQNVI5FNlJDnHPOQcT9E9vPsF2JA6elHj1Q/image;s=2048x1536;q=80,https://ireland.apollo.olxcdn.com/v1/files/eyJhbGciOiJIUzI1NiIsInR5cCI6IkpXVCJ9.eyJmbiI6ImNpYmNlcWlmODRqNTItRUNPU1lTVEVNIiwidyI6W3siZm4iOiJlbnZmcXFlMWF5NGsxLUFQTCIsInMiOiIxNiIsImEiOiIwIiwicCI6IjEwLC0xMCJ9XX0.mDni2fo5MbGfeALD2P8JiRi-QrYfsOG9auhW89l_EfQ/image;s=2048x1536;q=80",,,,,
68472324,mieszkanie,"4 POKOJE 71,96 m² | 3 PIĘTRO | 0% PROWIZJI | BEZ PCC | WILDA",71.96,4,3,1194507.22,16600,,Wilda,Poznań,,52.398539,16.919867,,,,https://www.otodom.pl/pl/oferta/4-pokoje-71-96-m-3-pietro-0-prowizji-bez-pcc-wilda-ID4DiMk,"https://ireland.apollo.olxcdn.com/v1/files/eyJhbGciOiJIUzI1NiIsInR5cCI6IkpXVCJ9.eyJmbiI6Imw2bGo4bXRoYjJodTItQVBMIiwidyI6W3siZm4iOiJlbnZmcXFlMWF5NGsxLUFQTCIsInMiOiIxNiIsImEiOiIwIiwicCI6IjEwLC0xMCJ9XX0._JXuFgodeP6XSP-XO_3pRUQjAu9_LGh1EmHj4sTnlUg/image;s=2048x1536;q=80,https://ireland.apollo.olxcdn.com/v1/files/eyJhbGciOiJIUzI1NiIsInR5cCI6IkpXVCJ9.eyJmbiI6IjF5dThtZzVqdDN6aDMtQVBMIiwidyI6W3siZm4iOiJlbnZmcXFlMWF5NGsxLUFQTCIsInMiOiIxNiIsImEiOiIwIiwicCI6IjEwLC0xMCJ9XX0.qUuLGvJW9Im1B_r6XB7cU2q6ergkUohQEPQqTOXas-s/image;s=2048x1536;q=80,https://ireland.apollo.olxcdn.com/v1/files/eyJhbGciOiJIUzI1NiIsInR5cCI6IkpXVCJ9.eyJmbiI6IjliYmlybXR2cXpudC1BUEwiLCJ3IjpbeyJmbiI6ImVudmZxcWUxYXk0azEtQVBMIiwicyI6IjE2IiwiYSI6IjAiLCJwIjoiMTAsLTEwIn1dfQ.WbQS4wWU5oykoZBuUD3I9k-LH8CtzoKQPwt9FgJJODk/image;s=2048x1536;q=80",,,,,
68429602,mieszkanie,4-pokojowe mieszkanie 75m2 + 2 balkony,75.71,4,5,1198483,15830,ul. Smardzewska,Raszyn,Poznań,Grunwald Między Drzewami,52.3894,16.85827,,,,https://www.otodom.pl/pl/oferta/4-pokojowe-mieszkanie-75m2-2-balkony-ID4D7Fg,"https://ireland.apollo.olxcdn.com/v1/files/eyJhbGciOiJIUzI1NiIsInR5cCI6IkpXVCJ9.eyJmbiI6Inh1eHRnemF0NTd2bC1FQ09TWVNURU0iLCJ3IjpbeyJmbiI6ImVudmZxcWUxYXk0azEtQVBMIiwicyI6IjE2IiwiYSI6IjAiLCJwIjoiMTAsLTEwIn1dfQ.iKwioGur4bth7W7NHBiriPiboQ2t5lXjwFhYvqi_DjQ/image;s=2048x1536;q=80,https://ireland.apollo.olxcdn.com/v1/files/eyJhbGciOiJIUzI1NiIsInR5cCI6IkpXVCJ9.eyJmbiI6InFkZGs5ODFyeWNpeC1FQ09TWVNURU0iLCJ3IjpbeyJmbiI6ImVudmZxcWUxYXk0azEtQVBMIiwicyI6IjE2IiwiYSI6IjAiLCJwIjoiMTAsLTEwIn1dfQ.MyypbiSa9PM32OZmgS_W_e24Snj8V4fF3UX-LPoGfVo/image;s=2048x1536;q=80,https://ireland.apollo.olxcdn.com/v1/files/eyJhbGciOiJIUzI1NiIsInR5cCI6IkpXVCJ9.eyJmbiI6ImZkMHJwdXZ1eWNyNjItRUNPU1lTVEVNIiwidyI6W3siZm4iOiJlbnZmcXFlMWF5NGsxLUFQTCIsInMiOiIxNiIsImEiOiIwIiwicCI6IjEwLC0xMCJ9XX0.YK49r-IvhO4meJd2k-hEAgEFVaAevtbTgv5U42VIfTU/image;s=2048x1536;q=80",,,,,
66965180,mieszkanie,Wyjątkowy standard w nowym budownictwie,74.39,3,4,1199000,16118,Garbary,Centrum,Poznań,,52.40877,16.93849,,,,https://www.otodom.pl/pl/oferta/wyjatkowy-standard-w-nowym-budownictwie-ID4vYHy,"https://ireland.apollo.olxcdn.com/v1/files/eyJhbGciOiJIUzI1NiIsInR5cCI6IkpXVCJ9.eyJmbiI6ImZzM3IyMHZmYnhleTEtRUNPU1lTVEVNIiwidyI6W3siZm4iOiJlbnZmcXFlMWF5NGsxLUFQTCIsInMiOiIxNiIsImEiOiIwIiwicCI6IjEwLC0xMCJ9XX0.THY_udRu2aENBwBKBO-xNEefBz3m4kja9YSVZdQ-jUM/image;s=2048x1536;q=80,https://ireland.apollo.olxcdn.com/v1/files/eyJhbGciOiJIUzI1NiIsInR5cCI6IkpXVCJ9.eyJmbiI6ImJsM3djYnhpYjZ1cS1FQ09TWVNURU0iLCJ3IjpbeyJmbiI6ImVudmZxcWUxYXk0azEtQVBMIiwicyI6IjE2IiwiYSI6IjAiLCJwIjoiMTAsLTEwIn1dfQ.vgT1OxXqyLHy99cnVTZ2B7sQRmPGsN-PF8aiXbDJ8bU/image;s=2048x1536;q=80,https://ireland.apollo.olxcdn.com/v1/files/eyJhbGciOiJIUzI1NiIsInR5cCI6IkpXVCJ9.eyJmbiI6InBlN3Fseng1OWNrazMtRUNPU1lTVEVNIiwidyI6W3siZm4iOiJlbnZmcXFlMWF5NGsxLUFQTCIsInMiOiIxNiIsImEiOiIwIiwicCI6IjEwLC0xMCJ9XX0.a_1UZXKN5J_w9tTqsszS8VjMpEIm6xsxjNOq5qMJ0Zg/image;s=2048x1536;q=80",,,,,
68482411,dom,"NOWY DOM z GARAŻEM w otoczeniu drzew / SMOCHY, Lok. 6A",114,5,,1199000,10518,ul. Kościerzyńska,Smochowice,Poznań,,52.43653,16.81566,,,,https://www.otodom.pl/pl/oferta/nowy-dom-z-garazem-w-otoczeniu-drzew-smochy-lok-6a-ID4Dlp1,"https://ireland.apollo.olxcdn.com/v1/files/eyJhbGciOiJIUzI1NiIsInR5cCI6IkpXVCJ9.eyJmbiI6IjN6NjNiZjY0anQwZzItQVBMIiwidyI6W3siZm4iOiJlbnZmcXFlMWF5NGsxLUFQTCIsInMiOiIxNiIsImEiOiIwIiwicCI6IjEwLC0xMCJ9XX0.zn4R-N5m0uGYbAZ9j3UTuejGT7vz9s5BGDK3xTKclyA/image;s=2048x1536;q=80,https://ireland.apollo.olxcdn.com/v1/files/eyJhbGciOiJIUzI1NiIsInR5cCI6IkpXVCJ9.eyJmbiI6InA4NnUzZGNhbXo5NDEtQVBMIiwidyI6W3siZm4iOiJlbnZmcXFlMWF5NGsxLUFQTCIsInMiOiIxNiIsImEiOiIwIiwicCI6IjEwLC0xMCJ9XX0.AfSsert5pe546MDEfAhqGsfF_wG2vhGMMaZzsWBw3fs/image;s=2048x1536;q=80,https://ireland.apollo.olxcdn.com/v1/files/eyJhbGciOiJIUzI1NiIsInR5cCI6IkpXVCJ9.eyJmbiI6ImRxeDUycjJ1YzM0bi1BUEwiLCJ3IjpbeyJmbiI6ImVudmZxcWUxYXk0azEtQVBMIiwicyI6IjE2IiwiYSI6IjAiLCJwIjoiMTAsLTEwIn1dfQ.35GQSp9lc7YUI4DnLfB4gZzd2PnAbmyM-TmifWSvSdE/image;s=2048x1536;q=80",,,,,
68003243,dom,"Chyby, Sady - zachodnia strona Poznania",139.5,4,,1199000,8595,,Dębina,Sady,,52.452385,16.731501,,,,https://www.otodom.pl/pl/oferta/chyby-sady-zachodnia-strona-poznania-ID4BkKw,"https://ireland.apollo.olxcdn.com/v1/files/eyJhbGciOiJIUzI1NiIsInR5cCI6IkpXVCJ9.eyJmbiI6Inh3OG4yY2docGUzeDEtQVBMIiwidyI6W3siZm4iOiJlbnZmcXFlMWF5NGsxLUFQTCIsInMiOiIxNiIsImEiOiIwIiwicCI6IjEwLC0xMCJ9XX0.9A1mBJI_G_48JY6axWd7iUHEeaUas55qVWV5pAiqbz0/image;s=2048x1536;q=80,https://ireland.apollo.olxcdn.com/v1/files/eyJhbGciOiJIUzI1NiIsInR5cCI6IkpXVCJ9.eyJmbiI6IndxMGg3cmpkazNtdDMtQVBMIiwidyI6W3siZm4iOiJlbnZmcXFlMWF5NGsxLUFQTCIsInMiOiIxNiIsImEiOiIwIiwicCI6IjEwLC0xMCJ9XX0.Agku_W4Dem7oA_zlrlza4ZB1nRiK47-F1ZNnOvZpEJI/image;s=2048x1536;q=80,https://ireland.apollo.olxcdn.com/v1/files/eyJhbGciOiJIUzI1NiIsInR5cCI6IkpXVCJ9.eyJmbiI6InZiZG0xc3FlNjI5dy1BUEwiLCJ3IjpbeyJmbiI6ImVudmZxcWUxYXk0azEtQVBMIiwicyI6IjE2IiwiYSI6IjAiLCJwIjoiMTAsLTEwIn1dfQ.M-NTzOnDNvAPMhm6ZaDqXZL57U0gGtIvLVv2Tt5xkPU/image;s=2048x1536;q=80",,,,,
68201478,dom,Nowy energooszczędny  dom ! ! Rekuperacja i pompa ciepła ! !,119,6,,1199000,10076,Limonkowa,Naramowice,Poznań,,52.45695,16.94658,,,,https://www.otodom.pl/pl/oferta/nowy-energooszczedny-dom-rekuperacja-i-pompa-ciepla-ID4CajQ,"https://ireland.apollo.olxcdn.com/v1/files/eyJhbGciOiJIUzI1NiIsInR5cCI6IkpXVCJ9.eyJmbiI6Imtjb3ZqODdkdTF4ajItQVBMIiwidyI6W3siZm4iOiJlbnZmcXFlMWF5NGsxLUFQTCIsInMiOiIxNiIsImEiOiIwIiwicCI6IjEwLC0xMCJ9XX0.c4YNYJctx25jy99TH192NITFLnYukmrfOWM-vvq1pZo/image;s=2048x1536;q=80,https://ireland.apollo.olxcdn.com/v1/files/eyJhbGciOiJIUzI1NiIsInR5cCI6IkpXVCJ9.eyJmbiI6Im5pMjR1end3cXN2azEtQVBMIiwidyI6W3siZm4iOiJlbnZmcXFlMWF5NGsxLUFQTCIsInMiOiIxNiIsImEiOiIwIiwicCI6IjEwLC0xMCJ9XX0.WycfsOveg98ByJGTiHjmMerhN8IcVp1LeXFGsb0bhfw/image;s=2048x1536;q=80,https://ireland.apollo.olxcdn.com/v1/files/eyJhbGciOiJIUzI1NiIsInR5cCI6IkpXVCJ9.eyJmbiI6ImFlOGRnMnVjcDN5NTEtQVBMIiwidyI6W3siZm4iOiJlbnZmcXFlMWF5NGsxLUFQTCIsInMiOiIxNiIsImEiOiIwIiwicCI6IjEwLC0xMCJ9XX0.jWJ3ZJoJZmY-3wjApxUqERA0v8RRuL4oA4QIhze5kCE/image;s=2048x1536;q=80",,,,,
68170829,dom,Bezpośrednio nowy bliźniak - zachód Poznania,139.5,4,,1199000,8595,ul. Lotosowa,Sady,Sady,KWIATOWE TARASY  DOMY W ZABUDOWIE BLIŹNIACZEJ,52.45285,16.73113,,,,https://www.otodom.pl/pl/oferta/bezposrednio-nowy-blizniak-zachod-poznania-ID4C2lw,"https://ireland.apollo.olxcdn.com/v1/files/eyJhbGciOiJIUzI1NiIsInR5cCI6IkpXVCJ9.eyJmbiI6InpqdzZ0eW4yaDNncTEtQVBMIiwidyI6W3siZm4iOiJlbnZmcXFlMWF5NGsxLUFQTCIsInMiOiIxNiIsImEiOiIwIiwicCI6IjEwLC0xMCJ9XX0.3miSDH1wl0SqZYh7Gv2hmv2Ou78YF55MCbevBOdF5ME/image;s=2048x1536;q=80,https://ireland.apollo.olxcdn.com/v1/files/eyJhbGciOiJIUzI1NiIsInR5cCI6IkpXVCJ9.eyJmbiI6Im12ZTk4MXdjdG13djMtQVBMIiwidyI6W3siZm4iOiJlbnZmcXFlMWF5NGsxLUFQTCIsInMiOiIxNiIsImEiOiIwIiwicCI6IjEwLC0xMCJ9XX0.LmBF2I_EY4Mwe1LKCKWBEcC8vy6u2UUCJwn9TQ8kHjk/image;s=2048x1536;q=80,https://ireland.apollo.olxcdn.com/v1/files/eyJhbGciOiJIUzI1NiIsInR5cCI6IkpXVCJ9.eyJmbiI6Inpqdzh2azQ2ZjNlajMtQVBMIiwidyI6W3siZm4iOiJlbnZmcXFlMWF5NGsxLUFQTCIsInMiOiIxNiIsImEiOiIwIiwicCI6IjEwLC0xMCJ9XX0.DNKj_RLkpnsXQ1SPmRGxtMnvz_qCRcFRNSG4165pI0w/image;s=2048x1536;q=80",,,,,
68090461,dom,Bezpośrednio nowy bliźniak - zachód Poznania,139.5,4,,1199000,8595,ul. Lotosowa,Sady,,KWIATOWE TARASY  DOMY W ZABUDOWIE BLIŹNIACZEJ,52.45285,16.73113,,,,https://www.otodom.pl/pl/oferta/bezposrednio-nowy-blizniak-zachod-poznania-ID4BHrf,"https://ireland.apollo.olxcdn.com/v1/files/eyJhbGciOiJIUzI1NiIsInR5cCI6IkpXVCJ9.eyJmbiI6Im12ZTk4MXdjdG13djMtQVBMIiwidyI6W3siZm4iOiJlbnZmcXFlMWF5NGsxLUFQTCIsInMiOiIxNiIsImEiOiIwIiwicCI6IjEwLC0xMCJ9XX0.LmBF2I_EY4Mwe1LKCKWBEcC8vy6u2UUCJwn9TQ8kHjk/image;s=2048x1536;q=80,https://ireland.apollo.olxcdn.com/v1/files/eyJhbGciOiJIUzI1NiIsInR5cCI6IkpXVCJ9.eyJmbiI6Inpqdzh2azQ2ZjNlajMtQVBMIiwidyI6W3siZm4iOiJlbnZmcXFlMWF5NGsxLUFQTCIsInMiOiIxNiIsImEiOiIwIiwicCI6IjEwLC0xMCJ9XX0.DNKj_RLkpnsXQ1SPmRGxtMnvz_qCRcFRNSG4165pI0w/image;s=2048x1536;q=80,https://ireland.apollo.olxcdn.com/v1/files/eyJhbGciOiJIUzI1NiIsInR5cCI6IkpXVCJ9.eyJmbiI6ImV2bWRxNnplN2JpdTEtQVBMIiwidyI6W3siZm4iOiJlbnZmcXFlMWF5NGsxLUFQTCIsInMiOiIxNiIsImEiOiIwIiwicCI6IjEwLC0xMCJ9XX0.z_gB3oVgAg_8ORZM_GWnAPLPHvsSLgGuwh214_TMdO0/image;s=2048x1536;q=80",,,,,
68307992,dom,Nowoczesny dom 103 m² | Wykończony pod klucz | Gotowy do zamieszkania,103,6,,1199000,11641,ul. Spichrzowa,Rokietnica,Rokietnica,,52.50739,16.75659,,,,https://www.otodom.pl/pl/oferta/nowoczesny-dom-103-m-wykonczony-pod-klucz-gotowy-do-zamieszkania-ID4CC1O,"https://ireland.apollo.olxcdn.com/v1/files/eyJhbGciOiJIUzI1NiIsInR5cCI6IkpXVCJ9.eyJmbiI6IjZ2bnM1b294Z2trai1BUEwiLCJ3IjpbeyJmbiI6ImVudmZxcWUxYXk0azEtQVBMIiwicyI6IjE2IiwiYSI6IjAiLCJwIjoiMTAsLTEwIn1dfQ.Pqx3-fwAu7rZO6YDJIIMpak1rjVtJfu0aOGMJ0kFO-8/image;s=2048x1536;q=80,https://ireland.apollo.olxcdn.com/v1/files/eyJhbGciOiJIUzI1NiIsInR5cCI6IkpXVCJ9.eyJmbiI6InE5bjVvdXFqMzVrejEtQVBMIiwidyI6W3siZm4iOiJlbnZmcXFlMWF5NGsxLUFQTCIsInMiOiIxNiIsImEiOiIwIiwicCI6IjEwLC0xMCJ9XX0.f1losD8n6AE7s9i4UBogGkZGbPX_nDmdPMpvsJMJf9k/image;s=2048x1536;q=80,https://ireland.apollo.olxcdn.com/v1/files/eyJhbGciOiJIUzI1NiIsInR5cCI6IkpXVCJ9.eyJmbiI6ImhneXJ2ODZsaDZsZC1BUEwiLCJ3IjpbeyJmbiI6ImVudmZxcWUxYXk0azEtQVBMIiwicyI6IjE2IiwiYSI6IjAiLCJwIjoiMTAsLTEwIn1dfQ.Rnd-rAbY7GTZ1B4z-hJ894NB3JlcQvNEGj8vPEWfAzA/image;s=2048x1536;q=80",,,,,
68102876,mieszkanie,"Nowoczesny, 4-pokojowy apartament ze Smart Home | 0% Prowizji",85.72,4,4,1199222.8,13990,ul. Szyperska,Żegrze,Poznań,,52.373811,16.975021,,,,https://www.otodom.pl/pl/oferta/nowoczesny-4-pokojowy-apartament-ze-smart-home-0-prowizji-ID4BKFu,"https://ireland.apollo.olxcdn.com/v1/files/eyJhbGciOiJIUzI1NiIsInR5cCI6IkpXVCJ9.eyJmbiI6Inp4YTJiNWsxcXRqMS1BUEwiLCJ3IjpbeyJmbiI6ImVudmZxcWUxYXk0azEtQVBMIiwicyI6IjE2IiwiYSI6IjAiLCJwIjoiMTAsLTEwIn1dfQ.NBmcNT71yaGQd8AkboVWYHNpxHXlO7hAia__SkPBrZY/image;s=2048x1536;q=80,https://ireland.apollo.olxcdn.com/v1/files/eyJhbGciOiJIUzI1NiIsInR5cCI6IkpXVCJ9.eyJmbiI6Im80YWNreHgzbGFjMjMtQVBMIiwidyI6W3siZm4iOiJlbnZmcXFlMWF5NGsxLUFQTCIsInMiOiIxNiIsImEiOiIwIiwicCI6IjEwLC0xMCJ9XX0.sa4XY6Y46MaAgokpIsgbFmNKYWJ4QLFLk4AyBgXJtn0/image;s=2048x1536;q=80,https://ireland.apollo.olxcdn.com/v1/files/eyJhbGciOiJIUzI1NiIsInR5cCI6IkpXVCJ9.eyJmbiI6ImxuN2Qwa3RybHZoOC1BUEwiLCJ3IjpbeyJmbiI6ImVudmZxcWUxYXk0azEtQVBMIiwicyI6IjE2IiwiYSI6IjAiLCJwIjoiMTAsLTEwIn1dfQ.libDvmHWSfObRVnFvb5DWtchh8KZGS5Ykd3Jf5s9RUY/image;s=2048x1536;q=80",,,,,
68480153,mieszkanie,Przestronny 4-pokojowy apartament na ostatnim piętrze z dwoma dużym...,87.33,4,3,1200000,13741,Maków Polnych 10,Umultowo,,,52.46382,16.94503,,,,https://www.otodom.pl/pl/oferta/przestronny-4-pokojowy-apartament-na-ostatnim-pietrze-z-dwoma-duzym-ID4DkOB,"https://ireland.apollo.olxcdn.com/v1/files/eyJhbGciOiJIUzI1NiIsInR5cCI6IkpXVCJ9.eyJmbiI6IjZrOHpsaWtidzlzOC1FQ09TWVNURU0iLCJ3IjpbeyJmbiI6ImVudmZxcWUxYXk0azEtQVBMIiwicyI6IjE2IiwiYSI6IjAiLCJwIjoiMTAsLTEwIn1dfQ.KZ9XHoua_6rXmBq_4lc-65sR4p4EdlKZGW5dXi4ct9U/image;s=2048x1536;q=80,https://ireland.apollo.olxcdn.com/v1/files/eyJhbGciOiJIUzI1NiIsInR5cCI6IkpXVCJ9.eyJmbiI6InYwdjh1YmR6dzRnODItRUNPU1lTVEVNIiwidyI6W3siZm4iOiJlbnZmcXFlMWF5NGsxLUFQTCIsInMiOiIxNiIsImEiOiIwIiwicCI6IjEwLC0xMCJ9XX0.qC1t10XAEyAT94LU8H-oect5WCjq1lC4civbzhWWb4c/image;s=2048x1536;q=80,https://ireland.apollo.olxcdn.com/v1/files/eyJhbGciOiJIUzI1NiIsInR5cCI6IkpXVCJ9.eyJmbiI6InVxczB3c2lhcm0xMTMtRUNPU1lTVEVNIiwidyI6W3siZm4iOiJlbnZmcXFlMWF5NGsxLUFQTCIsInMiOiIxNiIsImEiOiIwIiwicCI6IjEwLC0xMCJ9XX0.M0I-9pM_ALVPBIFX0bVOhwCYmp91mPRLguYINY7s4pE/image;s=2048x1536;q=80",,,,,
66391409,mieszkanie,4-pokojowe mieszkanie 87m2 + taras Bez Pośredników,87.33,4,3,1200000,13741,Maków Polnych,Umultowo,Poznań,Fuelda,52.46367,16.94614,,,,https://www.otodom.pl/pl/oferta/4-pokojowe-mieszkanie-87m2-taras-bez-posrednikow-ID4uzrb,"https://ireland.apollo.olxcdn.com/v1/files/eyJhbGciOiJIUzI1NiIsInR5cCI6IkpXVCJ9.eyJmbiI6ImlpdXhyN3p5YnI2MDItRUNPU1lTVEVNIiwidyI6W3siZm4iOiJlbnZmcXFlMWF5NGsxLUFQTCIsInMiOiIxNiIsImEiOiIwIiwicCI6IjEwLC0xMCJ9XX0.NAS4DiWSZpQbS2GBS6DpQQxYU9B-SjJUHs6R5KJ5mRY/image;s=2048x1536;q=80,https://ireland.apollo.olxcdn.com/v1/files/eyJhbGciOiJIUzI1NiIsInR5cCI6IkpXVCJ9.eyJmbiI6Ink5dW12bmM4a2RldC1FQ09TWVNURU0iLCJ3IjpbeyJmbiI6ImVudmZxcWUxYXk0azEtQVBMIiwicyI6IjE2IiwiYSI6IjAiLCJwIjoiMTAsLTEwIn1dfQ.zLGlGaF2wfyF_xuQuvXWfByLxrMZ4lPJB2KbjKUnpKs/image;s=2048x1536;q=80,https://ireland.apollo.olxcdn.com/v1/files/eyJhbGciOiJIUzI1NiIsInR5cCI6IkpXVCJ9.eyJmbiI6InJ6eWM1d3BycmZodDEtRUNPU1lTVEVNIiwidyI6W3siZm4iOiJlbnZmcXFlMWF5NGsxLUFQTCIsInMiOiIxNiIsImEiOiIwIiwicCI6IjEwLC0xMCJ9XX0.1w5fufh2h7m0EJFlce2mtoCS_ZZ8GKcva-TXu-vDIuU/image;s=2048x1536;q=80",,,,,
67842215,mieszkanie,APARTAMENT | kameralne willowe osiedle |4-pokojowe |2x balkon 11m2,87.33,4,3,1200000,13741,,Wilczy Młyn,Naramowice,,52.44728,16.94977,,,,https://www.otodom.pl/pl/oferta/apartament-kameralne-willowe-osiedle-4-pokojowe-2x-balkon-11m2-ID4AERh,"https://ireland.apollo.olxcdn.com/v1/files/eyJhbGciOiJIUzI1NiIsInR5cCI6IkpXVCJ9.eyJmbiI6InFxOXU1dWltMmJoZC1BUEwiLCJ3IjpbeyJmbiI6ImVudmZxcWUxYXk0azEtQVBMIiwicyI6IjE2IiwiYSI6IjAiLCJwIjoiMTAsLTEwIn1dfQ.PKJPHJQHqZADJU15uS5XIqaU7PtWJiPn0Qr3Jfl1u5M/image;s=2048x1536;q=80,https://ireland.apollo.olxcdn.com/v1/files/eyJhbGciOiJIUzI1NiIsInR5cCI6IkpXVCJ9.eyJmbiI6InBhdTl4bjR1ZjVseDItQVBMIiwidyI6W3siZm4iOiJlbnZmcXFlMWF5NGsxLUFQTCIsInMiOiIxNiIsImEiOiIwIiwicCI6IjEwLC0xMCJ9XX0.uHCQV1zRomZl7EQlhw1B0QyMRT0lqRBFO7MyrYMZl7Q/image;s=2048x1536;q=80,https://ireland.apollo.olxcdn.com/v1/files/eyJhbGciOiJIUzI1NiIsInR5cCI6IkpXVCJ9.eyJmbiI6ImtmcWl5dTFrMDluZDItQVBMIiwidyI6W3siZm4iOiJlbnZmcXFlMWF5NGsxLUFQTCIsInMiOiIxNiIsImEiOiIwIiwicCI6IjEwLC0xMCJ9XX0.t8Or5XaU-3pu9FymXYsC8dRVaCqSaM1mdeK4QWvlCbc/image;s=2048x1536;q=80",,,,,
67842234,mieszkanie,APARTAMENT | kameralne willowe osiedle |4-pokojowe |2x balkon 11m2,87.33,4,3,1200000,13741,,Morasko,Naramowice,,52.44728,16.94977,,,,https://www.otodom.pl/pl/oferta/apartament-kameralne-willowe-osiedle-4-pokojowe-2x-balkon-11m2-ID4AERA,"https://ireland.apollo.olxcdn.com/v1/files/eyJhbGciOiJIUzI1NiIsInR5cCI6IkpXVCJ9.eyJmbiI6IjgxYzR4Y2h5ZWplcTMtQVBMIiwidyI6W3siZm4iOiJlbnZmcXFlMWF5NGsxLUFQTCIsInMiOiIxNiIsImEiOiIwIiwicCI6IjEwLC0xMCJ9XX0.SmzHFoLADNMvLJs2WOSJ5hUa6k63tYL0uILCgGqUM1g/image;s=2048x1536;q=80,https://ireland.apollo.olxcdn.com/v1/files/eyJhbGciOiJIUzI1NiIsInR5cCI6IkpXVCJ9.eyJmbiI6IjR0MmwzdHJiZHlvci1BUEwiLCJ3IjpbeyJmbiI6ImVudmZxcWUxYXk0azEtQVBMIiwicyI6IjE2IiwiYSI6IjAiLCJwIjoiMTAsLTEwIn1dfQ.bB0M_6jvjm8HeDZHoeayoBRsO3ujApI4EEs6lhq9yUs/image;s=2048x1536;q=80,https://ireland.apollo.olxcdn.com/v1/files/eyJhbGciOiJIUzI1NiIsInR5cCI6IkpXVCJ9.eyJmbiI6IjdpcmIzNnBrcGw3YTEtQVBMIiwidyI6W3siZm4iOiJlbnZmcXFlMWF5NGsxLUFQTCIsInMiOiIxNiIsImEiOiIwIiwicCI6IjEwLC0xMCJ9XX0.3W22lPbyk_R20nVfs-mNekVQ6ngPw-Pta4TuHI0_-Mg/image;s=2048x1536;q=80",,,,,
67842205,mieszkanie,APARTAMENT | kameralne willowe osiedle |4-pokojowe |2x balkon 11m2,87.33,4,3,1200000,13741,,Różany Potok,Naramowice,,52.44728,16.94977,,,,https://www.otodom.pl/pl/oferta/apartament-kameralne-willowe-osiedle-4-pokojowe-2x-balkon-11m2-ID4AER7,"https://ireland.apollo.olxcdn.com/v1/files/eyJhbGciOiJIUzI1NiIsInR5cCI6IkpXVCJ9.eyJmbiI6Iml1b3BzaDB4cW53NDEtQVBMIiwidyI6W3siZm4iOiJlbnZmcXFlMWF5NGsxLUFQTCIsInMiOiIxNiIsImEiOiIwIiwicCI6IjEwLC0xMCJ9XX0.SfAKFTPcKzUk-IjWE5GDNaGrVYb1WJweTo3LbaHE6kw/image;s=2048x1536;q=80,https://ireland.apollo.olxcdn.com/v1/files/eyJhbGciOiJIUzI1NiIsInR5cCI6IkpXVCJ9.eyJmbiI6ImJxdGNpYXFrc2JiczMtQVBMIiwidyI6W3siZm4iOiJlbnZmcXFlMWF5NGsxLUFQTCIsInMiOiIxNiIsImEiOiIwIiwicCI6IjEwLC0xMCJ9XX0.sQm2avHEGVyluYkDswKPy02Xccr2L1GWq3N5cN4ExwQ/image;s=2048x1536;q=80,https://ireland.apollo.olxcdn.com/v1/files/eyJhbGciOiJIUzI1NiIsInR5cCI6IkpXVCJ9.eyJmbiI6IjN0Z2J5amwwcWthcC1BUEwiLCJ3IjpbeyJmbiI6ImVudmZxcWUxYXk0azEtQVBMIiwicyI6IjE2IiwiYSI6IjAiLCJwIjoiMTAsLTEwIn1dfQ.wpDSIxp1DWJ8kQ_SSY0qNrD9xR-CDtu22tA_RudyUZs/image;s=2048x1536;q=80",,,,,
67842185,mieszkanie,APARTAMENT | kameralne willowe osiedle |4-pokojowe |2x balkon 11m2,87.33,4,3,1200000,13741,,Piątkowo,Naramowice,,52.44728,16.94977,,,,https://www.otodom.pl/pl/oferta/apartament-kameralne-willowe-osiedle-4-pokojowe-2x-balkon-11m2-ID4AEQN,"https://ireland.apollo.olxcdn.com/v1/files/eyJhbGciOiJIUzI1NiIsInR5cCI6IkpXVCJ9.eyJmbiI6ImY3cDBqbTZkdDhvdDMtQVBMIiwidyI6W3siZm4iOiJlbnZmcXFlMWF5NGsxLUFQTCIsInMiOiIxNiIsImEiOiIwIiwicCI6IjEwLC0xMCJ9XX0.oxRdo6tXLQZb66Os3j6tzACDzpYwodHFFSGchqS9ZnA/image;s=2048x1536;q=80,https://ireland.apollo.olxcdn.com/v1/files/eyJhbGciOiJIUzI1NiIsInR5cCI6IkpXVCJ9.eyJmbiI6InQ4dm9uMHdubmgzMi1BUEwiLCJ3IjpbeyJmbiI6ImVudmZxcWUxYXk0azEtQVBMIiwicyI6IjE2IiwiYSI6IjAiLCJwIjoiMTAsLTEwIn1dfQ.dNJfD3ZiVlvq5v4Zdm1jMUfmrPV8-wV_WFbQf5ezKjU/image;s=2048x1536;q=80,https://ireland.apollo.olxcdn.com/v1/files/eyJhbGciOiJIUzI1NiIsInR5cCI6IkpXVCJ9.eyJmbiI6IjY3MmVqMXZhMGFiMTEtQVBMIiwidyI6W3siZm4iOiJlbnZmcXFlMWF5NGsxLUFQTCIsInMiOiIxNiIsImEiOiIwIiwicCI6IjEwLC0xMCJ9XX0.bxYadKn1ODrLlLUypp5Dw97v8YzrfUgBONa2bc_wOPg/image;s=2048x1536;q=80",,,,,
67729585,mieszkanie,APARTAMENT | kameralne willowe osiedle |4-pokojowe |2x balkon 11m2,87.33,4,3,1200000,13741,,Naramowice,Naramowice,,52.44728,16.94977,,,,https://www.otodom.pl/pl/oferta/apartament-kameralne-willowe-osiedle-4-pokojowe-2x-balkon-11m2-ID4AbyF,"https://ireland.apollo.olxcdn.com/v1/files/eyJhbGciOiJIUzI1NiIsInR5cCI6IkpXVCJ9.eyJmbiI6InYzenI1NzRrZ2gycTItQVBMIiwidyI6W3siZm4iOiJlbnZmcXFlMWF5NGsxLUFQTCIsInMiOiIxNiIsImEiOiIwIiwicCI6IjEwLC0xMCJ9XX0.9ouJdXAkJijBjwPkfMs9CWnUA71H20mAh_LDaGdBR64/image;s=2048x1536;q=80,https://ireland.apollo.olxcdn.com/v1/files/eyJhbGciOiJIUzI1NiIsInR5cCI6IkpXVCJ9.eyJmbiI6IjJtcDNiNm5mZ2Q5MTEtQVBMIiwidyI6W3siZm4iOiJlbnZmcXFlMWF5NGsxLUFQTCIsInMiOiIxNiIsImEiOiIwIiwicCI6IjEwLC0xMCJ9XX0.oxvIP9FvYPEqkPR5tVdlgZT0y74XtbYDLnLM0HINzN8/image;s=2048x1536;q=80,https://ireland.apollo.olxcdn.com/v1/files/eyJhbGciOiJIUzI1NiIsInR5cCI6IkpXVCJ9.eyJmbiI6Ijk3YzZ1YnFhbDZkdDItQVBMIiwidyI6W3siZm4iOiJlbnZmcXFlMWF5NGsxLUFQTCIsInMiOiIxNiIsImEiOiIwIiwicCI6IjEwLC0xMCJ9XX0.f0DjQmGAKEjMXikibXvC2-ZLgcS-cJmtIWRmAiYgBB4/image;s=2048x1536;q=80",,,,,
67842192,mieszkanie,APARTAMENT | kameralne willowe osiedle |4-pokojowe |2x balkon 11m2,87.33,4,3,1200000,13741,,Stare Miasto,Naramowice,,52.44728,16.94977,,,,https://www.otodom.pl/pl/oferta/apartament-kameralne-willowe-osiedle-4-pokojowe-2x-balkon-11m2-ID4AEQU,"https://ireland.apollo.olxcdn.com/v1/files/eyJhbGciOiJIUzI1NiIsInR5cCI6IkpXVCJ9.eyJmbiI6InVvcGJ4eXZtb2d5ajMtQVBMIiwidyI6W3siZm4iOiJlbnZmcXFlMWF5NGsxLUFQTCIsInMiOiIxNiIsImEiOiIwIiwicCI6IjEwLC0xMCJ9XX0.TRwbDboL9dXIjnsk2zokdCeu0RXt65Y0PRwx6KkyFAk/image;s=2048x1536;q=80,https://ireland.apollo.olxcdn.com/v1/files/eyJhbGciOiJIUzI1NiIsInR5cCI6IkpXVCJ9.eyJmbiI6InYyenNremJ0dDFzdS1BUEwiLCJ3IjpbeyJmbiI6ImVudmZxcWUxYXk0azEtQVBMIiwicyI6IjE2IiwiYSI6IjAiLCJwIjoiMTAsLTEwIn1dfQ.Yw7kGNqwUH9e75p8o0b7gNEjSjMrK2snnQXtdEPs2Jc/image;s=2048x1536;q=80,https://ireland.apollo.olxcdn.com/v1/files/eyJhbGciOiJIUzI1NiIsInR5cCI6IkpXVCJ9.eyJmbiI6ImdmdmNpamUybjZ6Mi1BUEwiLCJ3IjpbeyJmbiI6ImVudmZxcWUxYXk0azEtQVBMIiwicyI6IjE2IiwiYSI6IjAiLCJwIjoiMTAsLTEwIn1dfQ.5lhVCRNd8FAXAlzpB6oYr7DFrKOSKtDdEyNzBux-HJ4/image;s=2048x1536;q=80",,,,,
68474397,dom,Kameralne osiedle domów z ogrodami w zielonej części Puszczykówka !,118,4,,1200000,10169,ul. Juliusza Słowackiego,Puszczykowo,,,52.27465,16.86653,,,,https://www.otodom.pl/pl/oferta/kameralne-osiedle-domow-z-ogrodami-w-zielonej-czesci-puszczykowka-ID4DjjL,"https://ireland.apollo.olxcdn.com/v1/files/eyJhbGciOiJIUzI1NiIsInR5cCI6IkpXVCJ9.eyJmbiI6Imo0dWR0cXZobm1nYTMtQVBMIiwidyI6W3siZm4iOiJlbnZmcXFlMWF5NGsxLUFQTCIsInMiOiIxNiIsImEiOiIwIiwicCI6IjEwLC0xMCJ9XX0.UBW1LnJhLxZ1UTSjU_R8KgECS6FASbg3mmmvMTf_9Oc/image;s=2048x1536;q=80,https://ireland.apollo.olxcdn.com/v1/files/eyJhbGciOiJIUzI1NiIsInR5cCI6IkpXVCJ9.eyJmbiI6ImxvMzJ6Y29obDNlbTMtQVBMIiwidyI6W3siZm4iOiJlbnZmcXFlMWF5NGsxLUFQTCIsInMiOiIxNiIsImEiOiIwIiwicCI6IjEwLC0xMCJ9XX0.moauOt9hN0Pj1_bMP9-EFodcuWlsFUj1-H3RQhxlDaE/image;s=2048x1536;q=80,https://ireland.apollo.olxcdn.com/v1/files/eyJhbGciOiJIUzI1NiIsInR5cCI6IkpXVCJ9.eyJmbiI6IjdzMDJ4OWQzZDU1OC1BUEwiLCJ3IjpbeyJmbiI6ImVudmZxcWUxYXk0azEtQVBMIiwicyI6IjE2IiwiYSI6IjAiLCJwIjoiMTAsLTEwIn1dfQ.O88vLj-n4NtSnVYm7Q-TCVQNj2weTaIdZfPsAOBALeM/image;s=2048x1536;q=80",,,,,
68417927,dom,Dom z garażem - podwyższony standard deweloperski,123,5,,1200000,9756,ul. Stefana Stefańskiego,Suchy Las,,,52.46817,16.86195,,,,https://www.otodom.pl/pl/oferta/dom-z-garazem-podwyzszony-standard-deweloperski-ID4D4CX,"https://ireland.apollo.olxcdn.com/v1/files/eyJhbGciOiJIUzI1NiIsInR5cCI6IkpXVCJ9.eyJmbiI6ImM1cm9obzU2YXNsMDEtQVBMIiwidyI6W3siZm4iOiJlbnZmcXFlMWF5NGsxLUFQTCIsInMiOiIxNiIsImEiOiIwIiwicCI6IjEwLC0xMCJ9XX0.om4oS6r2H6xwszp8Js4jYNlln_VffWL6AbebxMeYwgI/image;s=2048x1536;q=80,https://ireland.apollo.olxcdn.com/v1/files/eyJhbGciOiJIUzI1NiIsInR5cCI6IkpXVCJ9.eyJmbiI6IjRjM2JxcW1waWVxNzEtQVBMIiwidyI6W3siZm4iOiJlbnZmcXFlMWF5NGsxLUFQTCIsInMiOiIxNiIsImEiOiIwIiwicCI6IjEwLC0xMCJ9XX0.VJsxdqu_a4MhRm3Pr25L62rYe8hLrV1Lmmqjw7IOBiY/image;s=2048x1536;q=80,https://ireland.apollo.olxcdn.com/v1/files/eyJhbGciOiJIUzI1NiIsInR5cCI6IkpXVCJ9.eyJmbiI6InNrM2g2ZmczYTFnYjMtQVBMIiwidyI6W3siZm4iOiJlbnZmcXFlMWF5NGsxLUFQTCIsInMiOiIxNiIsImEiOiIwIiwicCI6IjEwLC0xMCJ9XX0.nTnTN2TfRMs28IACegAw9AJSCH21W3vOO6uOG5_FAPE/image;s=2048x1536;q=80",,,,,
