{
  "52.37413,16.95236": {
    "dr": 70
  },
  "52.44512,16.91291": {
    "dr": 70
  },
  "52.36733,16.90355": {
    "dr": 65
  },
  "52.38921,16.85909": {
    "dr": 65
  },
  "52.4457,16.9119": {
    "dr": 70
  },
  "52.39885,16.91957": {
    "dr": 70,
    "tr": 55
  },
  "52.40216,16.85464": {
    "dr": 65
  },
  "52.3993,16.92926": {
    "dr": 65
  },
  "52.3796,16.84101": {
    "dr": 55,
    "ko": 60
  },
  "52.44002,16.61879": {},
  "52.61476,17.09083": {},
  "52.207,17.02705": {},
  "52.36452,17.12451": {},
  "52.38865,17.07588": {},
  "52.35919,17.15173": {},
  "52.24811,17.08378": {},
  "52.36524,17.13404": {},
  "52.2096,17.03253": {},
  "52.18719,16.78833": {},
  "52.40255,16.68012": {},
  "52.29021,16.97017": {},
  "52.22435,17.08657": {},
  "52.40277,16.67953": {},
  "52.38786,17.11767": {},
  "52.52503,17.00192": {},
  "52.52504,17.00199": {},
  "52.38738,17.1256": {},
  "52.30762,17.00749": {},
  "52.3807,17.16348": {},
  "52.54238,16.94762": {},
  "52.435,17.06266": {},
  "52.40689,17.10572": {},
  "52.40098,17.22671": {},
  "52.35131,17.21442": {},
  "52.53219,16.75537": {},
  "52.43312,17.06097": {},
  "52.38817,17.12503": {},
  "52.33297,17.18778": {},
  "52.3984,17.16137": {},
  "52.41757,17.2116": {},
  "52.33382,17.17116": {},
  "52.29838,17.12645": {},
  "52.35657,16.57496": {},
  "52.37898,17.21259": {},
  "52.23439,17.03762": {},
  "52.31006,16.99694": {},
  "52.32039,16.92345": {},
  "52.2949,17.00743": {},
  "52.30974,16.99658": {},
  "52.38651,17.11615": {},
  "52.4353,17.06231": {},
  "52.3881,17.12485": {},
  "52.47435,17.27458": {},
  "52.27892,16.99781": {},
  "52.5427,16.97322": {},
  "52.435,17.06262": {},
  "52.5241,17.02602": {},
  "52.52526,17.00194": {},
  "52.43008,17.0735": {},
  "52.38691,17.11409": {},
  "52.41244,17.11721": {},
  "52.35477,16.51973": {},
  "52.29455,16.97543": {},
  "52.47494,17.27619": {},
  "52.41763,17.21036": {},
  "52.42999,17.07322": {},
  "52.3553,17.11759": {},
  "52.37571,17.10255": {},
  "52.44947,16.67143": {},
  "52.42739,16.58084": {},
  "52.28846,16.96216": {},
  "52.35751,17.17197": {},
  "52.36424,16.55127": {},
  "52.37115,17.14772": {},
  "52.54306,16.94337": {},
  "52.37864,17.16658": {},
  "52.3841,17.16786": {},
  "52.29691,17.13759": {},
  "52.25879,16.61572": {},
  "52.36039,16.5065": {},
  "52.35536,16.51956": {},
  "52.37297,16.67834": {},
  "52.3672,16.66729": {},
  "52.3204,16.92448": {},
  "52.4136,16.68605": {},
  "52.35901,16.65718": {},
  "52.37774,16.95446": {
    "dr": 70,
    "tr": 55
  },
  "52.32482,16.68981": {},
  "52.52522,17.00254": {},
  "52.29335,17.00518": {},
  "52.29489,17.00743": {},
  "52.49109,17.29391": {},
  "52.28554,16.99442": {},
  "52.25027,17.08853": {},
  "52.48891,16.7325": {},
  "52.4862,16.72952": {},
  "52.32035,16.92338": {},
  "52.44804,16.95869": {},
  "52.31547,16.87666": {},
  "52.4591,16.62191": {},
  "52.34897,17.02047": {},
  "52.41944,17.22844": {},
  "52.35454,17.01192": {},
  "52.35456,17.10923": {},
  "52.34079,16.71699": {},
  "52.41021,16.67807": {},
  "52.34088,16.71688": {},
  "52.34735,16.68891": {},
  "52.34396,16.71128": {},
  "52.47481,16.94492": {
    "dr": 70
  },
  "52.48793,16.91606": {
    "dr": 70
  },
  "52.44334,16.89291": {
    "dr": 70
  },
  "52.40537,17.20487": {},
  "52.27793,17.01124": {},
  "52.3101,16.9974": {},
  "52.41198,16.68196": {},
  "52.52507,17.00211": {},
  "52.49199,16.84185": {},
  "52.39177,16.84631": {
    "dr": 65
  },
  "52.42661,17.10624": {},
  "52.40823,17.21717": {},
  "52.35519,16.71289": {},
  "52.39103,16.59958": {},
  "52.44821,16.96004": {},
  "52.37452,17.15866": {},
  "52.47292,16.91572": {
    "dr": 70
  },
  "52.32058,16.92453": {},
  "52.32054,16.92491": {},
  "52.26485,17.07377": {},
  "52.29478,17.15582": {},
  "52.47982,17.17796": {},
  "52.27033,16.70746": {},
  "52.39035,17.16834": {},
  "52.45083,17.24351": {},
  "52.26491,17.07328": {},
  "52.40598,17.22401": {},
  "52.22798,16.82342": {},
  "52.62072,17.11817": {},
  "52.37284,16.67811": {},
  "52.28477,16.98444": {},
  "52.39038,17.1638": {},
  "52.28176,16.61772": {},
  "52.29298,16.95914": {},
  "52.27046,17.06824": {},
  "52.39116,16.8465": {
    "dr": 65
  },
  "52.46202,16.89833": {
    "dr": 70
  },
  "52.35398,17.10832": {},
  "52.38372,16.83917": {
    "dr": 55
  },
  "52.46281,16.8983": {
    "dr": 55
  },
  "52.34324,16.97685": {
    "dr": 60
  },
  "52.35622,16.88329": {},
  "52.35294,17.02679": {},
  "52.23241,16.81537": {},
  "52.23229,16.81521": {},
  "52.35432,17.1126": {},
  "52.46374,16.90037": {
    "dr": 70
  },
  "52.35411,16.92671": {
    "dr": 70
  },
  "52.46978,16.9417": {
    "dr": 70
  },
  "52.22939,16.95213": {},
  "52.28538,16.60597": {},
  "52.29356,16.96056": {},
  "52.29129,16.96902": {},
  "52.44846,16.96199": {},
  "52.51425,16.77852": {},
  "52.46124,16.6213": {},
  "52.35907,16.75314": {},
  "52.44484,17.00232": {},
  "52.48588,16.75904": {},
  "52.49561,16.79521": {},
  "52.37284,16.67816": {},
  "52.34734,16.6889": {},
  "52.34075,16.6988": {},
  "52.37378,16.68017": {},
  "52.29333,17.00515": {},
  "52.37851,16.7515": {},
  "52.33353,16.73218": {},
  "52.25816,16.9038": {},
  "52.22375,16.82914": {},
  "52.2732,17.05041": {},
  "52.3903,16.79074": {},
  "52.35975,17.01966": {
    "dr": 65
  },
  "52.43648,16.94903": {
    "dr": 70
  },
  "52.4918,16.93791": {},
  "52.40827,16.93352": {
    "dr": 70
  },
  "52.36086,16.74484": {},
  "52.32499,16.6891": {},
  "52.33353,16.73224": {},
  "52.44888,16.89124": {
    "dr": 70
  },
  "52.36094,16.50703": {},
  "52.39079,16.83784": {
    "dr": 65
  },
  "52.49688,16.73531": {},
  "52.20866,16.99994": {},
  "52.48637,16.75093": {},
  "52.38208,16.84141": {
    "dr": 55
  },
  "52.42479,17.06672": {},
  "52.44068,16.64444": {},
  "52.47544,16.66278": {},
  "52.43554,16.94714": {
    "dr": 70
  },
  "52.34363,16.69366": {},
  "52.4627,16.67527": {},
  "52.18225,17.01761": {},
  "52.44306,16.87358": {
    "dr": 65,
    "ko": 55
  },
  "52.3782,16.95099": {
    "dr": 70,
    "tr": 60
  },
  "52.37693,16.95508": {
    "dr": 70,
    "tr": 55
  },
  "52.42961,16.9519": {
    "dr": 65
  },
  "52.42658,16.93625": {
    "dr": 70,
    "tr": 55
  },
  "52.41066,16.82059": {},
  "52.40687,16.84582": {
    "dr": 65
  },
  "52.43748,16.83279": {
    "dr": 65
  },
  "52.39885,17.11339": {},
  "52.41702,17.10156": {},
  "52.34314,17.07574": {},
  "52.36134,16.70748": {},
  "52.37434,16.67856": {},
  "52.42452,16.78829": {},
  "52.33343,17.17231": {},
  "52.32811,17.12529": {},
  "52.33544,17.16995": {},
  "52.49843,16.77144": {},
  "52.45015,16.72851": {},
  "52.44268,16.69837": {},
  "52.47435,16.74791": {},
  "52.37266,16.7756": {},
  "52.35997,16.74547": {},
  "52.39419,16.72483": {},
  "52.36157,16.70803": {},
  "52.38513,16.74388": {},
  "52.40492,16.74679": {},
  "52.43279,16.70535": {},
  "52.37054,16.74283": {},
  "52.38437,16.7448": {},
  "52.35555,16.75349": {},
  "52.42847,16.82155": {
    "dr": 55
  },
  "52.45718,16.88339": {},
  "52.43178,16.94622": {
    "dr": 75
  },
  "52.44608,16.89413": {
    "dr": 70
  },
  "52.44377,16.89437": {
    "dr": 70
  },
  "52.4431,16.87385": {
    "dr": 65,
    "ko": 55
  },
  "52.44361,16.89497": {
    "dr": 70
  },
  "52.30901,17.00165": {},
  "52.4439,16.89529": {
    "dr": 70
  },
  "52.47578,16.8837": {},
  "52.28148,16.99664": {},
  "52.43958,16.64046": {},
  "52.44412,16.89438": {
    "dr": 70
  },
  "52.41708,16.89549": {
    "dr": 70
  },
  "52.43693,16.9472": {
    "dr": 70
  },
  "52.34532,17.02144": {
    "dr": 60
  },
  "52.48391,16.85792": {},
  "52.39155,16.76976": {},
  "52.24038,17.04382": {},
  "52.20185,17.10062": {},
  "52.32196,16.86666": {},
  "52.20227,17.10221": {},
  "52.51236,16.69303": {},
  "52.46231,16.68282": {},
  "52.33239,16.83648": {},
  "52.39989,16.9655": {
    "dr": 70
  },
  "52.39968,16.96713": {
    "dr": 70
  },
  "52.40068,16.96249": {
    "dr": 70
  },
  "52.43614,16.83065": {
    "dr": 70
  },
  "52.37277,16.95132": {
    "dr": 70
  },